sections,page_path,title,type,color_number,description,external_id,ColorValue,WarmCool,color_hex,image,url,published_at,updated_at,color_name,Undertone,PrimaryColorFamily,popularity,info,highlight,id,Family,Shade,Interior/Exterior,cdp,Color Collection,Mood,Project,Style,Opacity,language
"['Morrel', 'Matching Colors', 'Different Shades', 'Similar Colors', 'Color By Family']",/en-us/paint-colors/color/af-125/morrel,Morrel AF-125 | Benjamin Moore,Color,AF-125,Rosy undertones give this mushroom-inspired neutral an extra-cozy feeling.,934e01b720e30edeaccd4c4f8a4d6968f5d8a318,Medium,Warm,B29678,https://media.benjaminmoore.com/WebServices/prod/cdp/836x1045/neutral-paint-199-morrel-AF-125-rgb.jpg,https://www.benjaminmoore.com/en-us/paint-colors/color/af-125/morrel,2024-07-21T21:32:44Z,2024-07-21T21:32:44Z,Morrel,Brown,Neutral,1,,"{'description': 'Rosy undertones give this mushroom-inspired <em>neutral</em> an extra-cozy feeling.', 'PrimaryColorFamily': '<em>Neutral</em>'}",62424fa5196a67b2ad896f15,,,,,,,,,,
"['Baby Fawn', 'Matching Colors', 'Similar Colors', 'Color By Family']",/en-us/paint-colors/color/oc-15/baby-fawn,Baby Fawn OC-15 | Benjamin Moore,Color,OC-15,"A go-to neutral that can refresh a space, while providing a warm, welcoming feeling.",07687034deac3e16ed49aa41b95b746afd7b2c81,Light,Warm,D9D3C4,https://media.benjaminmoore.com/WebServices/prod/cdp/836x1045/white-paint-251-baby-fawn-OC-15-rgb.jpg,https://www.benjaminmoore.com/en-us/paint-colors/color/oc-15/baby-fawn,2024-07-21T21:37:45Z,2024-07-21T21:37:44Z,Baby Fawn,Gray,White,1,,"{'description': 'A go-to <em>neutral</em> that can refresh a space, while providing a warm, welcoming feeling.'}",6242d66528ccbc448cddbc7c,,,,,,,,,,
"['Quicksand', 'Matching Colors', 'Different Shades', 'Similar Colors', 'Color By Family']",/en-us/paint-colors/color/csp-200/quicksand,Quicksand CSP-200 | Benjamin Moore,Color,CSP-200,Sink into this mysteriously alluring color - a beautiful neutral for any room. ,abadee65f1299ebd6ef8849707a77bc2b70923dc,Medium,Warm,AEA497,https://media.benjaminmoore.com/WebServices/prod/cdp/836x1045/neutral-paint-196-quicksand-CSP-200-rgb.jpg,https://www.benjaminmoore.com/en-us/paint-colors/color/csp-200/quicksand,2024-07-21T20:15:23Z,2024-07-21T20:15:23Z,Quicksand,,Neutral,1,,"{'description': 'Sink into this mysteriously alluring color - a beautiful <em>neutral</em> for any room.\xa0', 'PrimaryColorFamily': '<em>Neutral</em>'}",62430ee164441f3b23004a00,,,,,,,,,,
"['Thunder', 'Matching Colors', 'Different Shades', 'Similar Colors', 'Color By Family']",/en-us/paint-colors/color/af-685/thunder,Thunder AF-685 | Benjamin Moore,Color,AF-685,An easy-to-use neutral that offers an ideal mix of warm and cool.,f3c1eb12814a3a51547b7f3390622697cd01286c,Medium,Warm,BDB8AD,https://media.benjaminmoore.com/WebServices/prod/cdp/836x1045/neutral-paint-184-thunder-AF-685-rgb.jpg,https://www.benjaminmoore.com/en-us/paint-colors/color/af-685/thunder,2024-07-21T20:16:18Z,2024-07-21T20:16:17Z,Thunder,Gray,Neutral,1,,"{'description': 'An easy-to-use <em>neutral</em> that offers an ideal mix of warm and cool.', 'PrimaryColorFamily': '<em>Neutral</em>'}",6242830e28ccbce690dd9758,,,,,,,,,,
"['London Fog', 'Matching Colors', 'Different Shades', 'Similar Colors', 'Color By Family']",/en-us/paint-colors/color/1541/london-fog,London Fog 1541 | Benjamin Moore,Color,1541,"A neutral with soft gray undertones evocative of foggy, cobblestoned streets.",06b44c6ba84b40304847bdb36f4a13c6c441cad3,Medium,Cool,CCC7BD,https://media.benjaminmoore.com/WebServices/prod/cdp/836x1045/neutral-paint-204-london-fog-1541-rgb.jpg,https://www.benjaminmoore.com/en-us/paint-colors/color/1541/london-fog,2024-07-21T20:16:20Z,2024-07-21T20:16:20Z,London Fog,Gray,Neutral,1,,"{'description': 'A <em>neutral</em> with soft gray undertones evocative of foggy, cobblestoned streets.', 'PrimaryColorFamily': '<em>Neutral</em>'}",624261d6196a67af0e896c46,,,,,,,,,,
"['Great Plains', 'Matching Colors', 'Similar Colors', 'Color By Family']",/en-us/paint-colors/color/cc-334/great-plains,Great Plains CC-334 | Benjamin Moore,Color,CC-334,"Floating between taupe and brown, this neutral presents plenty of design possibilities.",8423a5bfef7d35fac61e6f7ac2405e97d5d4d59f,Medium,Warm,B0987A,https://media.benjaminmoore.com/WebServices/prod/cdp/836x1045/neutral-paint-203-great-plains-CC-334-rgb.jpg,https://www.benjaminmoore.com/en-us/paint-colors/color/cc-334/great-plains,2024-07-20T23:41:08Z,2024-07-20T23:41:07Z,Great Plains,Brown,Neutral,1,,"{'description': 'Floating between taupe and brown, this <em>neutral</em> presents plenty of design possibilities.', 'PrimaryColorFamily': '<em>Neutral</em>'}",62473f39196a67d1558967bb,,,,,,,,,,
"['Briarwood', 'Matching Colors', 'Color By Family', 'Discover This Color in Woodluxe Exterior Stains', 'Explore the Woodluxe Collection']",/en-us/paint-colors/color/hc-175/briarwood,Briarwood HC-175 | Benjamin Moore,Color,HC-175,An elegant neutral with shades of gray and brown that works in virtually any setting.,f6a33a90927d01b504cf6311b683644c18f59d9b,Medium,Warm,A09889,https://media.benjaminmoore.com/WebServices/prod/cdp/836x1045/neutral-paint-211-briarwood-HC-175-rgb.jpg,https://www.benjaminmoore.com/en-us/paint-colors/color/hc-175/briarwood,2024-07-21T09:11:32Z,2024-07-21T09:11:32Z,Briarwood,Brown,Neutral,1,,"{'description': 'An elegant <em>neutral</em> with shades of gray and brown that works in virtually any setting.', 'PrimaryColorFamily': '<em>Neutral</em>'}",6242e0d864441fa0f30039cb,,,,,,,,,,
"['Stardust', 'Matching Colors', 'Different Shades', 'Similar Colors', 'Color By Family']",/en-us/paint-colors/color/2108-40/stardust,Stardust 2108-40 | Benjamin Moore,Color,2108-40,"A complex yet highly versatile neutral that reveals depths of gray, green and brown.",ce566eb759c45d029d999a5eefa6bb10f9cd26c0,Medium,Warm,918578,https://media.benjaminmoore.com/WebServices/prod/cdp/836x1045/neutral-paint-200-stardust-2108-40-rgb.jpg,https://www.benjaminmoore.com/en-us/paint-colors/color/2108-40/stardust,2024-07-21T20:30:18Z,2024-07-21T20:30:17Z,Stardust,Gray,Neutral,1,,"{'description': 'A complex yet highly versatile <em>neutral</em> that reveals depths of gray, green and brown.', 'PrimaryColorFamily': '<em>Neutral</em>'}",62429c54196a671e2b895993,,,,,,,,,,
"['Sail Cloth', 'Matching Colors', 'Color By Family']",/en-us/paint-colors/color/oc-142/sail-cloth,Sail Cloth OC-142 | Benjamin Moore,Color,OC-142,"Warm, gentle beige tones give this neutral an enduring, effortless quality.",7905e4ac049028fea20f2dd27d14592719d9bba1,Light,Warm,E4DECE,https://media.benjaminmoore.com/WebServices/prod/cdp/836x1045/white-paint-254-sail-cloth-OC-142-rgb.jpg,https://www.benjaminmoore.com/en-us/paint-colors/color/oc-142/sail-cloth,2024-07-21T20:25:19Z,2024-07-21T20:25:18Z,Sail Cloth,Beige,White,1,,"{'description': 'Warm, gentle beige tones give this <em>neutral</em> an enduring, effortless quality.'}",6242ceeae7b9d244c80f4bd9,,,,,,,,,,
"['Sea Star', 'Matching Colors', 'Different Shades', 'Similar Colors', 'Color By Family']",/en-us/paint-colors/color/2123-30/sea-star,Sea Star 2123-30 | Benjamin Moore,Color,2123-30,"Blending green, blue and gray, this easygoing mid-tone has the versatility of a neutral.",984223f92cf492bcabcf46778b1550c99a62b777,Medium,Cool,889E9E,https://media.benjaminmoore.com/WebServices/prod/cdp/836x1045/blue-paint-113-sea-star-2123-30-rgb.jpg,https://www.benjaminmoore.com/en-us/paint-colors/color/2123-30/sea-star,2024-07-21T20:30:17Z,2024-07-21T20:30:17Z,Sea Star,Gray,,1,,"{'description': 'Blending green, blue and gray, this easygoing mid-tone has the versatility of a <em>neutral</em>.'}",62429790196a679f0289708b,,,,,,,,,,
"['Deer Field', 'Matching Colors', 'Different Shades', 'Similar Colors', 'Color By Family']",/en-us/paint-colors/color/1159/deer-field,Deer Field 1159 | Benjamin Moore,Color,1159,An infusion of pink gives this mid-tone neutral calming appeal.,f8666c486c3b494899ce2d85adc46de80f5aa7d3,Medium,Warm,D0B19B,https://media.benjaminmoore.com/WebServices/prod/cdp/836x1045/neutral-paint-033-deer-field-1159-rgb.jpg,https://www.benjaminmoore.com/en-us/paint-colors/color/1159/deer-field,2024-07-21T22:36:56Z,2024-07-21T22:36:55Z,Deer Field,Pink,Neutral,1,,"{'description': 'An infusion of pink gives this mid-tone <em>neutral</em> calming appeal.', 'PrimaryColorFamily': '<em>Neutral</em>'}",62429a3164441f175c00383b,,,,,,,,,,
"['Boudoir', 'Matching Colors', 'Different Shades', 'Similar Colors', 'Color By Family']",/en-us/paint-colors/color/af-190/boudoir,Boudoir AF-190 | Benjamin Moore,Color,AF-190,Dusty rose undertones bring a nostalgic allure to this medium neutral.,c699b5ed3f76722203b96f4f4a208b30ebd67800,Medium,Warm,DAC2AE,https://media.benjaminmoore.com/WebServices/prod/cdp/836x1045/orange-paint-011-boudoir-AF-190-rgb.jpg,https://www.benjaminmoore.com/en-us/paint-colors/color/af-190/boudoir,2024-07-22T00:35:35Z,2024-07-22T00:35:35Z,Boudoir,Peach,Orange,1,,{'description': 'Dusty rose undertones bring a nostalgic allure to this medium <em>neutral</em>.'},62429d8128ccbc0cc8dda32d,,,,,,,,,,
"['Frosted Café', 'Matching Colors', 'Different Shades', 'Similar Colors', 'Color By Family']",/en-us/paint-colors/color/2098-70/frosted-cafe,Frosted Café 2098-70 | Benjamin Moore,Color,2098-70,A pink-tinged neutral as light and frothy as the foam atop a cup of cappuccino.,f1a490ccc54e9705bb32c37eeef1e7e7990a9972,Light,Warm,ECE2DC,https://media.benjaminmoore.com/WebServices/prod/cdp/836x1045/neutral-paint-182-frosted-cafe-2098-70-rgb.jpg,https://www.benjaminmoore.com/en-us/paint-colors/color/2098-70/frosted-cafe,2024-07-21T19:29:24Z,2024-07-21T19:29:23Z,Frosted Café,Brown,Neutral,1,,"{'description': 'A pink-tinged <em>neutral</em> as light and frothy as the foam atop a cup of cappuccino.', 'PrimaryColorFamily': '<em>Neutral</em>'}",624261f5e7b9d21e030f5440,,,,,,,,,,
"['Wisp of Mauve', 'Matching Colors', 'Different Shades', 'Similar Colors', 'Color By Family']",/en-us/paint-colors/color/2098-60/wisp-of-mauve,Wisp of Mauve 2098-60 | Benjamin Moore,Color,2098-60,The softest hints of purple and gray give this neutral hue compelling character.,866155801dbcb0b5cf50bb53d56dfa3ad1903535,Light,Warm,DBCAC3,https://media.benjaminmoore.com/WebServices/prod/cdp/836x1045/neutral-paint-182-wisp-of-mauve-2098-60-rgb.jpg,https://www.benjaminmoore.com/en-us/paint-colors/color/2098-60/wisp-of-mauve,2024-07-22T02:02:21Z,2024-07-22T02:02:20Z,Wisp of Mauve,Brown,Neutral,1,,"{'description': 'The softest hints of purple and gray give this <em>neutral</em> hue compelling character.', 'PrimaryColorFamily': '<em>Neutral</em>'}",6242620328ccbc2f95dda104,,,,,,,,,,
"['French Manicure', 'Matching Colors', 'Different Shades', 'Similar Colors', 'Color By Family']",/en-us/paint-colors/color/1086/french-manicure,French Manicure 1086 | Benjamin Moore,Color,1086,A gentle dose of peach gives this sophisticated neutral a luminescent quality.,2dc93d5a479c7063182553f6a8d39817b46af498,Light,Warm,F1E2CE,https://media.benjaminmoore.com/WebServices/prod/cdp/836x1045/white-paint-186-french-manicure-1086-rgb.jpg,https://www.benjaminmoore.com/en-us/paint-colors/color/1086/french-manicure,2024-07-22T04:46:12Z,2024-07-22T04:46:11Z,French Manicure,Peach,White,1,,{'description': 'A gentle dose of peach gives this sophisticated <em>neutral</em> a luminescent quality.'},62427f93196a677c40894904,,,,,,,,,,
"['Pebble Stone', 'Matching Colors', 'Different Shades', 'Similar Colors', 'Color By Family']",/en-us/paint-colors/color/2100-50/pebble-stone,Pebble Stone 2100-50 | Benjamin Moore,Color,2100-50,"Earthy and rich, this rosy taupe hue presents a unique alternative to neutrals.",a116b7d54e65bdf7048337634c08d0dfeed780c8,Medium,Warm,C6AAA0,https://media.benjaminmoore.com/WebServices/prod/cdp/836x1045/neutral-paint-197-pebble-stone-2100-50-rgb.jpg,https://www.benjaminmoore.com/en-us/paint-colors/color/2100-50/pebble-stone,2024-07-22T04:43:11Z,2024-07-22T04:43:10Z,Pebble Stone,Pink,Neutral,1,,"{'description': 'Earthy and rich, this rosy taupe hue presents a unique alternative to <em>neutrals</em>.', 'PrimaryColorFamily': '<em>Neutral</em>'}",62429b29196a67355e896795,,,,,,,,,,
"['Seaspray', 'Matching Colors', 'Different Shades', 'Similar Colors', 'Color By Family']",/en-us/paint-colors/color/941/seaspray,Seaspray 941 | Benjamin Moore,Color,941,"Nuanced shades of gray, beige and green make this an infinitely usable neutral.",1be5428a928a56419c9030c95c11071bbabe0602,Light,Warm,E2DBC2,https://media.benjaminmoore.com/WebServices/prod/cdp/836x1045/neutral-paint-254-seaspray-941-rgb.jpg,https://www.benjaminmoore.com/en-us/paint-colors/color/941/seaspray,2024-07-22T03:55:57Z,2024-07-22T03:55:56Z,Seaspray,Beige,Neutral,1,,"{'description': 'Nuanced shades of gray, beige and green make this an infinitely usable <em>neutral</em>.', 'PrimaryColorFamily': '<em>Neutral</em>'}",6242ba1be7b9d2a8360f5a9f,,,,,,,,,,
"['Stone', 'Matching Colors', 'Different Shades', 'Similar Colors', 'Color By Family']",/en-us/paint-colors/color/2112-40/stone,Stone 2112-40 | Benjamin Moore,Color,2112-40,"Bridging gray and brown, this use-anywhere neutral conveys effortless style.",090833f71d427a0edc69953a8b2c6b7a640f0a1a,Medium,Cool,86807E,https://media.benjaminmoore.com/WebServices/prod/cdp/836x1045/neutral-paint-207-stone-2112-40-rgb.jpg,https://www.benjaminmoore.com/en-us/paint-colors/color/2112-40/stone,2024-07-22T01:24:59Z,2024-07-22T01:24:58Z,Stone,Gray,Neutral,1,,"{'description': 'Bridging gray and brown, this use-anywhere <em>neutral</em> conveys effortless style.', 'PrimaryColorFamily': '<em>Neutral</em>'}",624289c5196a67629e894e1a,,,,,,,,,,
"['Hampshire Gray', 'Matching Colors', 'Different Shades', 'Similar Colors', 'Color By Family']",/en-us/paint-colors/color/hc-101/hampshire-gray,Hampshire Gray HC-101 | Benjamin Moore,Color,HC-101,An almost-neutral green that presents a sumptuous alternative to charcoal gray.,1fa5b18debdc908d25a933bc02c6d0f9d257dfed,Medium,Warm,908972,https://media.benjaminmoore.com/WebServices/prod/cdp/836x1045/neutral-paint-185-hampshire-gray-HC-101-rgb.jpg,https://www.benjaminmoore.com/en-us/paint-colors/color/hc-101/hampshire-gray,2024-07-22T01:26:21Z,2024-07-22T01:26:21Z,Hampshire Gray,,Neutral,1,,"{'description': 'An almost-<em>neutral</em> green that presents a sumptuous alternative to charcoal gray.', 'PrimaryColorFamily': '<em>Neutral</em>'}",62425d05e7b9d2e0a50f5527,,,,,,,,,,
"['Coastal Cottage', 'Matching Colors', 'Different Shades', 'Similar Colors', 'Color By Family']",/en-us/paint-colors/color/1164/coastal-cottage,Coastal Cottage 1164 | Benjamin Moore,Color,1164,"The color of soft sand, this organic neutral features a slight touch of pink.",2dcc5f9dfc25bae744397d51858bbee9f6187b8d,Light,Warm,E7D1C2,https://media.benjaminmoore.com/WebServices/prod/cdp/836x1045/red-paint-041-coastal-cottage-1164-rgb.jpg,https://www.benjaminmoore.com/en-us/paint-colors/color/1164/coastal-cottage,2024-07-22T04:29:33Z,2024-07-22T04:29:32Z,Coastal Cottage,Pink,Red,1,,"{'description': 'The color of soft sand, this organic <em>neutral</em> features a slight touch of pink.'}",6242b57b64441f483200540c,,,,,,,,,,
"['Oak Ridge', 'Matching Colors', 'Different Shades', 'Similar Colors', 'Color By Family']",/en-us/paint-colors/color/235/oak-ridge,Oak Ridge 235 | Benjamin Moore,Color,235,A sandy neutral that can flatter warm or cool color schemes.,6634004624007833d7a0f6cd70b7d3ab0a61ebfe,Medium,Warm,BFAE8C,https://media.benjaminmoore.com/WebServices/prod/cdp/836x1045/neutral-paint-199-oak-ridge-235-rgb.jpg,https://www.benjaminmoore.com/en-us/paint-colors/color/235/oak-ridge,2024-07-22T04:30:31Z,2024-07-22T04:30:31Z,Oak Ridge,Beige,Neutral,1,,"{'description': 'A sandy <em>neutral</em> that can flatter warm or cool color schemes.', 'PrimaryColorFamily': '<em>Neutral</em>'}",6242be9de7b9d252ef0f49f3,,,,,,,,,,
"['Havana Tan', 'Matching Colors', 'Different Shades', 'Similar Colors', 'Color By Family']",/en-us/paint-colors/color/1121/havana-tan,Havana Tan 1121 | Benjamin Moore,Color,1121,"A warm neutral, this sun-kissed beige offers a healthy glow.",7a4c0c57d683d4c24f8f211d74efaf616e59f88f,Light,Warm,DFCCB6,https://media.benjaminmoore.com/WebServices/prod/cdp/836x1045/neutral-paint-183-havana-tan-1121-rgb.jpg,https://www.benjaminmoore.com/en-us/paint-colors/color/1121/havana-tan,2024-07-22T04:33:01Z,2024-07-03T12:38:54Z,Havana Tan,Beige,Neutral,1,,"{'description': 'A warm <em>neutral</em>, this sun-kissed beige offers a healthy glow.', 'PrimaryColorFamily': '<em>Neutral</em>'}",6242deb928ccbc97a8dda003,,,,,,,,,,
"['Senora Gray', 'Matching Colors', 'Different Shades', 'Similar Colors', 'Color By Family']",/en-us/paint-colors/color/1530/senora-gray,Senora Gray 1530 | Benjamin Moore,Color,1530,"A muted mid-tone, this warm neutral features hints of green.",7a7890306e5d2960fe29be78564655fdacdc3705,Medium,Warm,C0BBA9,https://media.benjaminmoore.com/WebServices/prod/cdp/836x1045/neutral-paint-193-senora-gray-1530-rgb.jpg,https://www.benjaminmoore.com/en-us/paint-colors/color/1530/senora-gray,2024-07-22T04:34:44Z,2024-07-22T04:34:44Z,Senora Gray,,Neutral,1,,"{'description': 'A muted mid-tone, this warm <em>neutral</em> features hints of green.', 'PrimaryColorFamily': '<em>Neutral</em>'}",624287c028ccbcaf85dd9d94,,,,,,,,,,
"['Café Mocha', 'Matching Colors', 'Different Shades', 'Similar Colors', 'Color By Family']",/en-us/paint-colors/color/2099-50/cafe-mocha,Café Mocha 2099-50 | Benjamin Moore,Color,2099-50,A medium neutral hue that evokes the creamy goodness of coffee swirled with cocoa and milk.,6a090575573141d36138ef2ac90ab182ee73fe8b,Medium,Warm,C5A99F,https://media.benjaminmoore.com/WebServices/prod/cdp/836x1045/neutral-paint-204-cafe-mocha-2099-50-rgb.jpg,https://www.benjaminmoore.com/en-us/paint-colors/color/2099-50/cafe-mocha,2024-07-22T04:37:02Z,2024-07-22T04:37:01Z,Café Mocha,Pink,Neutral,1,,"{'description': 'A medium <em>neutral</em> hue that evokes the creamy goodness of coffee swirled with cocoa and milk.', 'PrimaryColorFamily': '<em>Neutral</em>'}",62429b4864441f051e00424f,,,,,,,,,,
"['Seaspray', 'Matching Colors', 'Similar Colors', 'Color By Family']",/en-us/paint-colors/color/cc-250/seaspray,Seaspray CC-250 | Benjamin Moore,Color,CC-250,"Nuanced shades of gray, beige and green make this an infinitely usable neutral.",3649f06395dfecbca054e34bd46272b45449f0c8,,,E2DBC2,https://media.benjaminmoore.com/WebServices/prod/cdp/836x1045/neutral-paint-254-seaspray-CC-250-rgb.jpg,https://www.benjaminmoore.com/en-us/paint-colors/color/cc-250/seaspray,2024-07-30T21:27:16Z,2024-07-30T21:27:15Z,Seaspray,,,1,,"{'description': 'Nuanced shades of gray, beige and green make this an infinitely usable <em>neutral</em>.', 'Family': '<em>Neutral</em>'}",6242fc4828ccbc9050ddb1c6,Neutral,Light,"['Interior', 'Exterior']",true,Designer Classics,,,,,
"['Bridgewater Tan', 'Matching Colors', 'Different Shades', 'Similar Colors', 'Color By Family']",/en-us/paint-colors/color/1096/bridgewater-tan,Bridgewater Tan 1096 | Benjamin Moore,Color,1096,This warm neutral borders on muted gold with a slight yellow undertone.,e5229c186b7f09093e84eb30d844d246757de981,,,C9AE84,https://media.benjaminmoore.com/WebServices/prod/cdp/836x1045/neutral-paint-199-bridgewater-tan-1096-rgb.jpg,https://www.benjaminmoore.com/en-us/paint-colors/color/1096/bridgewater-tan,2024-07-30T21:27:18Z,2024-07-30T21:27:18Z,Bridgewater Tan,,,1,,"{'description': 'This warm <em>neutral</em> borders on muted gold with a slight yellow undertone.', 'Family': '<em>Neutral</em>'}",6242e841196a674fa2896023,Neutral,Medium,"['Interior', 'Exterior']",true,Benjamin Moore Classics&reg;,,,,,
"['Muslin', 'Matching Colors', 'Different Shades', 'Similar Colors', 'Color By Family']",/en-us/paint-colors/color/1037/muslin,Muslin 1037 | Benjamin Moore,Color,1037,"A warm, welcoming neutral that captures the effortless charm of organic materials.",9c1cd4f50cf0a6b5a60c4889467d1e6062e14b5d,,,E1D6C1,https://media.benjaminmoore.com/WebServices/prod/cdp/836x1045/white-paint-194-muslin-1037-rgb.jpg,https://www.benjaminmoore.com/en-us/paint-colors/color/1037/muslin,2024-07-30T13:37:37Z,2024-07-30T13:37:36Z,Muslin,,,1,,"{'description': 'A warm, welcoming <em>neutral</em> that captures the effortless charm of organic materials.'}",624269ae64441f2f71005ecc,White,Light,"['Interior', 'Exterior']",true,Benjamin Moore Classics&reg;,,,,,
"['Jonesboro Cream', 'Matching Colors', 'Different Shades', 'Similar Colors', 'Color By Family']",/en-us/paint-colors/color/241/jonesboro-cream,Jonesboro Cream 241 | Benjamin Moore,Color,241,"Exhibiting hints of sand, gray and green, this neutral has a chameleon-like quality.",4e430b7f88e142cf2235b81b04c322822a6b3588,,,D2C7A9,https://media.benjaminmoore.com/WebServices/prod/cdp/836x1045/neutral-paint-192-jonesboro-cream-241-rgb.jpg,https://www.benjaminmoore.com/en-us/paint-colors/color/241/jonesboro-cream,2024-07-30T13:38:24Z,2024-07-30T13:38:23Z,Jonesboro Cream,,,1,,"{'description': 'Exhibiting hints of sand, gray and green, this <em>neutral</em> has a chameleon-like quality.', 'Family': '<em>Neutral</em>'}",6242907164441f9525004810,Neutral,Medium,"['Interior', 'Exterior']",true,Benjamin Moore Classics&reg;,,,,,
"['Monarch Gold', 'Matching Colors', 'Different Shades', 'Similar Colors', 'Color By Family']",/en-us/paint-colors/color/1109/monarch-gold,Monarch Gold 1109 | Benjamin Moore,Color,1109,A mid-toned neutral with peach undertones balanced by a touch of white.,c0f1f359288559c1513205f084e15d9dcfafa3be,,,E6C8A3,https://media.benjaminmoore.com/WebServices/prod/cdp/836x1045/neutral-paint-028-monarch-gold-1109-rgb.jpg,https://www.benjaminmoore.com/en-us/paint-colors/color/1109/monarch-gold,2024-07-30T19:20:15Z,2024-07-30T19:20:15Z,Monarch Gold,,,1,,"{'description': 'A mid-toned <em>neutral</em> with peach undertones balanced by a touch of white.', 'Family': '<em>Neutral</em>'}",624281dce7b9d24c720f57c8,Neutral,Light,"['Interior', 'Exterior']",true,Benjamin Moore Classics&reg;,Chaming,"['Bathroom', 'Cabinet', 'Kitchen', 'Living Room']",Art Deco,,
"['Dark Beige', 'Matching Colors', 'Different Shades', 'Similar Colors', 'Color By Family']",/en-us/paint-colors/color/2165-40/dark-beige,Dark Beige 2165-40 | Benjamin Moore,Color,2165-40,Rich yellow and orange tones elevate this medium neutral beyond basic beige.,7647efb4b703df7f8f480eb70340494742ad4dea,,,D8B281,https://media.benjaminmoore.com/WebServices/prod/cdp/836x1045/orange-paint-188-dark-beige-2165-40-rgb.jpg,https://www.benjaminmoore.com/en-us/paint-colors/color/2165-40/dark-beige,2024-07-30T19:23:17Z,2024-07-30T19:23:16Z,Dark Beige,,,1,,{'description': 'Rich yellow and orange tones elevate this medium <em>neutral</em> beyond basic beige.'},6242616128ccbc4535ddb85f,Orange,Medium,"['Interior', 'Exterior']",true,Color Preview&reg;,,,,,
"['Royal Flax', 'Matching Colors', 'Different Shades', 'Similar Colors', 'Color By Family']",/en-us/paint-colors/color/csp-315/royal-flax,Royal Flax CSP-315 | Benjamin Moore,Color,CSP-315,"A natural grain, this neutral adds an earthy element to any decor. ",4d43cadc28a70b8ea30974fdb8ad108ab80d4f2d,,,CEC0AE,https://media.benjaminmoore.com/WebServices/prod/cdp/836x1045/neutral-paint-253-royal-flax-CSP-315-rgb.jpg,https://www.benjaminmoore.com/en-us/paint-colors/color/csp-315/royal-flax,2024-07-31T00:48:44Z,2024-07-03T11:57:19Z,Royal Flax,,,1,,"{'description': 'A natural grain, this <em>neutral</em> adds an earthy element to any decor.\xa0', 'Family': '<em>Neutral</em>'}",62430bc228ccbc52f6dda163,Neutral,Medium,Interior,true,Color Stories&reg;,,,,,
"['Alaskan Skies', 'Matching Colors', 'Different Shades', 'Similar Colors', 'Color By Family']",/en-us/paint-colors/color/972/alaskan-skies,Alaskan Skies 972 | Benjamin Moore,Color,972,"A go-to neutral that can refresh a space, while providing a warm, welcoming feeling.",68b53cf76f19f3b528557f24890a211e22077932,,,D9D3C4,https://media.benjaminmoore.com/WebServices/prod/cdp/836x1045/white-paint-251-alaskan-skies-972-rgb.jpg,https://www.benjaminmoore.com/en-us/paint-colors/color/972/alaskan-skies,2024-07-30T17:00:33Z,2024-07-30T17:00:33Z,Alaskan Skies,,,1,,"{'description': 'A go-to <em>neutral</em> that can refresh a space, while providing a warm, welcoming feeling.'}",6324c347196a6791d7992571,White,Light,"['Interior', 'Exterior']",true,Benjamin Moore Classics&reg;,,,,,
"['Jicama', 'Matching Colors', 'Similar Colors', 'Color By Family']",/en-us/paint-colors/color/af-315/jicama,Jicama AF-315 | Benjamin Moore,Color,AF-315,"Rich and creamy, this yellow-tinged neutral infuses any space with warmth and comfort.",01c247918c308061197092cd3beadb83b7fe4d02,,,F2DEBC,https://media.benjaminmoore.com/WebServices/prod/cdp/836x1045/orange-paint-022-jicama-AF-315-rgb.jpg,https://www.benjaminmoore.com/en-us/paint-colors/color/af-315/jicama,2024-07-30T12:29:12Z,2024-07-30T12:29:12Z,Jicama,,,1,,"{'description': 'Rich and creamy, this yellow-tinged <em>neutral</em> infuses any space with warmth and comfort.'}",62473de7196a67e875896d17,Orange,Light,"['Interior', 'Exterior']",true,Affinity&reg; Color Collection,,,,,
"['Adobe Beige', 'Matching Colors', 'Different Shades', 'Similar Colors', 'Color By Family']",/en-us/paint-colors/color/1128/adobe-beige,Adobe Beige 1128 | Benjamin Moore,Color,1128,"A light shade of brown with a touch of orange, this pale neutral provides a warm cast.",1df6ebe2a495e3c50110cefd6fe7741ef7b5ba6e,Medium,Warm,D8C4AB,https://media.benjaminmoore.com/WebServices/prod/cdp/836x1045/neutral-paint-022-adobe-beige-1128-rgb.jpg,https://www.benjaminmoore.com/en-us/paint-colors/color/1128/adobe-beige,2024-07-21T21:34:07Z,2024-07-21T21:34:07Z,Adobe Beige,Beige,Neutral,1,,"{'description': 'A light shade of brown with a touch of orange, this pale <em>neutral</em> provides a warm cast.', 'PrimaryColorFamily': '<em>Neutral</em>'}",6242b70528ccbc2e4fdda006,,,,,,,,,,
"['New Hope Gray', 'Matching Colors', 'Different Shades', 'Similar Colors', 'Color By Family']",/en-us/paint-colors/color/2130-50/new-hope-gray,New Hope Gray 2130-50 | Benjamin Moore,Color,2130-50,A versatile neutral that combines the tranquil blue of a river with the sleek gray of concrete.,9b869d28593fbb4c06dc8ccb6288b3f6ac2d0a4a,Medium,Cool,9CA8B3,https://media.benjaminmoore.com/WebServices/prod/cdp/836x1045/blue-paint-238-new-hope-gray-2130-50-rgb.jpg,https://www.benjaminmoore.com/en-us/paint-colors/color/2130-50/new-hope-gray,2024-07-22T00:15:04Z,2024-07-22T00:15:04Z,New Hope Gray,Gray,,1,,{'description': 'A versatile <em>neutral</em> that combines the tranquil blue of a river with the sleek gray of concrete.'},6242c99f196a67d15c896ed4,,,,,,,,,,
"['Hilton Head Cream', 'Matching Colors', 'Different Shades', 'Similar Colors', 'Color By Family']",/en-us/paint-colors/color/1107/hilton-head-cream,Hilton Head Cream 1107 | Benjamin Moore,Color,1107,"A light neutral with subtle notes of peach, this shade is a warm addition to any space.",96b5155dbb3a8311340cbefa9dee2643a114d050,Light,Warm,EAD6B6,https://media.benjaminmoore.com/WebServices/prod/cdp/836x1045/neutral-paint-028-hilton-head-cream-1107-rgb.jpg,https://www.benjaminmoore.com/en-us/paint-colors/color/1107/hilton-head-cream,2024-07-22T04:50:32Z,2024-07-22T04:50:31Z,Hilton Head Cream,Peach,Neutral,1,,"{'description': 'A light <em>neutral</em> with subtle notes of peach, this shade is a warm addition to any space.', 'PrimaryColorFamily': '<em>Neutral</em>'}",6242efd064441fa0f3005e44,,,,,,,,,,
"['Shorewood', 'Matching Colors', 'Different Shades', 'Similar Colors', 'Color By Family']",/en-us/paint-colors/color/1151/shorewood,Shorewood 1151 | Benjamin Moore,Color,1151,"On the lighter side of mid-tone, this warm neutral enlivens spaces with a hint of peach.",1d0ab3d716bf0f807c38a48edea903b4bae9d19b,,,E0C3AD,https://media.benjaminmoore.com/WebServices/prod/cdp/836x1045/neutral-paint-030-shorewood-1151-rgb.jpg,https://www.benjaminmoore.com/en-us/paint-colors/color/1151/shorewood,2024-07-30T15:24:39Z,2024-07-30T15:24:39Z,Shorewood,,,1,,"{'description': 'On the lighter side of mid-tone, this warm <em>neutral</em> enlivens spaces with a hint of peach.', 'Family': '<em>Neutral</em>'}",6242f2a2e7b9d2930d0f478f,Neutral,Medium,"['Interior', 'Exterior']",true,Benjamin Moore Classics&reg;,,,,,
"['Athena', 'Matching Colors', 'Different Shades', 'Similar Colors', 'Color By Family']",/en-us/paint-colors/color/858/athena,Athena 858 | Benjamin Moore,Color,858,"With its warm gray undertones, this versatile neutral conjures the quiet majesty of white oak.",acbea3ba425467867f509662936d56a46a318380,Light,Cool,DDD9CE,https://media.benjaminmoore.com/WebServices/prod/cdp/836x1045/white-paint-249-athena-858-rgb.jpg,https://www.benjaminmoore.com/en-us/paint-colors/color/858/athena,2024-07-22T04:16:12Z,2024-07-22T04:16:11Z,Athena,Gray,White,1,,"{'description': 'With its warm gray undertones, this versatile <em>neutral</em> conjures the quiet majesty of white oak.'}",6242d523196a67788a8968ab,,,,,,,,,,
"['San Mateo Beaches', 'Matching Colors', 'Different Shades', 'Similar Colors', 'Color By Family']",/en-us/paint-colors/color/924/san-mateo-beaches,San Mateo Beaches 924 | Benjamin Moore,Color,924,"Enlivened with orange undertones, this warm neutral evokes creamy sand dunes baked by the sun.",584733f563f1f5e6f48de8de281cca09d0c7b8c1,Light,Warm,F4E3BE,https://media.benjaminmoore.com/WebServices/prod/cdp/836x1045/yellow-paint-253-san-mateo-beaches-924-rgb.jpg,https://www.benjaminmoore.com/en-us/paint-colors/color/924/san-mateo-beaches,2024-07-22T03:27:25Z,2024-07-22T03:27:25Z,San Mateo Beaches,Cream,Yellow,1,,"{'description': 'Enlivened with orange undertones, this warm <em>neutral</em> evokes creamy sand dunes baked by the sun.'}",6242c73964441f7df8005d70,,,,,,,,,,
"['Market Square Shell', 'Matching Colors', 'Color By Family']",/en-us/paint-colors/color/cw-30/market-square-shell,Market Square Shell CW-30 | Benjamin Moore,Color,CW-30,"Anchored in Colonial Williamsburg's colonial revivial palette, this gracious, elegant neutral is fresh and sophisticated.",7158978800338396dfaa47a79df53c6296d59a0e,Medium,Warm,C5BCA2,https://media.benjaminmoore.com/WebServices/prod/cdp/836x1045/neutral-paint-205-market-square-shell-CW-30-rgb.jpg,https://www.benjaminmoore.com/en-us/paint-colors/color/cw-30/market-square-shell,2024-07-22T00:58:08Z,2024-07-22T00:58:08Z,Market Square Shell,Beige,Neutral,1,,"{'description': 'Anchored in Colonial Williamsburg&#x27;s colonial revivial palette, this gracious, elegant <em>neutral</em> is fresh and sophisticated.', 'PrimaryColorFamily': '<em>Neutral</em>'}",62473bf4e7b9d214740f6174,,,,,,,,,,
"['Natural Linen', 'Matching Colors', 'Similar Colors', 'Color By Family']",/en-us/paint-colors/color/cc-90/natural-linen,Natural Linen CC-90 | Benjamin Moore,Color,CC-90,"Like its namesake, this sandy neutral provides just the right amount of rustic warmth and elegance.",e1d95c6bd9bdca5d18e68099431f30776c3f0bc1,Light,Warm,D7CDB7,https://media.benjaminmoore.com/WebServices/prod/cdp/836x1045/neutral-paint-250-natural-linen-CC-90-rgb.jpg,https://www.benjaminmoore.com/en-us/paint-colors/color/cc-90/natural-linen,2024-07-22T00:50:49Z,2024-07-22T00:50:49Z,Natural Linen,Beige,Neutral,1,,"{'description': 'Like its namesake, this sandy <em>neutral</em> provides just the right amount of rustic warmth and elegance.', 'PrimaryColorFamily': '<em>Neutral</em>'}",62427a68196a67ad7889579b,,,,,,,,,,
"['Gallery Buff', 'Matching Colors', 'Different Shades', 'Similar Colors', 'Color By Family']",/en-us/paint-colors/color/csp-225/gallery-buff,Gallery Buff CSP-225 | Benjamin Moore,Color,CSP-225,"Neutral enough to anchor your latest art piece, yet strong enough to make its own statement. ",7f138e18e182a3fe253b23c5d62f5efb717ca78c,Medium,Warm,BFB5A3,https://media.benjaminmoore.com/WebServices/prod/cdp/836x1045/neutral-paint-199-gallery-buff-CSP-225-rgb.jpg,https://www.benjaminmoore.com/en-us/paint-colors/color/csp-225/gallery-buff,2024-07-22T00:55:32Z,2024-07-22T00:55:32Z,Gallery Buff,Beige,Neutral,1,,"{'description': '<em>Neutral</em> enough to anchor your latest art piece, yet strong enough to make its own statement.\xa0', 'PrimaryColorFamily': '<em>Neutral</em>'}",624318f828ccbcfef6ddb419,,,,,,,,,,
"['Kendall Charcoal', 'Matching Colors', 'Different Shades', 'Similar Colors', 'Color By Family']",/en-us/paint-colors/color/hc-166/kendall-charcoal,Kendall Charcoal HC-166 | Benjamin Moore,Color,HC-166,"With its rich, varied undertones, this dark neutral works beautifully with a wide spectrum of colors.",22811b2797cf118fa1fed83b67e1d96de348ad44,Dark,Cool,676662,https://media.benjaminmoore.com/WebServices/prod/cdp/836x1045/neutral-paint-239-kendall-charcoal-HC-166-rgb.jpg,https://www.benjaminmoore.com/en-us/paint-colors/color/hc-166/kendall-charcoal,2024-07-21T23:39:08Z,2024-07-21T23:39:08Z,Kendall Charcoal,Gray,Neutral,1,,"{'description': 'With its rich, varied undertones, this dark <em>neutral</em> works beautifully with a wide spectrum of colors.', 'PrimaryColorFamily': '<em>Neutral</em>'}",624271ef196a67c228896439,,,,,,,,,,
"['Shabby Chic', 'Matching Colors', 'Different Shades', 'Similar Colors', 'Color By Family']",/en-us/paint-colors/color/1018/shabby-chic,Shabby Chic 1018 | Benjamin Moore,Color,1018,"Perfectly poised between warm and cool, light and dark—this nuanced neutral is the ultimate chameleon.",5c2b9555bcf40048b983aa045dae26f557453469,Medium,Warm,CAB9A8,https://media.benjaminmoore.com/WebServices/prod/cdp/836x1045/neutral-paint-194-shabby-chic-1018-rgb.jpg,https://www.benjaminmoore.com/en-us/paint-colors/color/1018/shabby-chic,2024-07-21T19:49:59Z,2024-07-21T19:49:59Z,Shabby Chic,Brown,Neutral,1,,"{'description': 'Perfectly poised between warm and cool, light and dark—this nuanced <em>neutral</em> is the ultimate chameleon.', 'PrimaryColorFamily': '<em>Neutral</em>'}",62426e7228ccbc0f21dda764,,,,,,,,,,
"['Natural Linen', 'Matching Colors', 'Different Shades', 'Similar Colors', 'Color By Family']",/en-us/paint-colors/color/966/natural-linen,Natural Linen 966 | Benjamin Moore,Color,966,"Like its namesake, this sandy neutral provides just the right amount of rustic warmth and elegance.",a09fdb9c67eb0e7017293982a1bf02531ef8e594,Light,Warm,D7CDB7,https://media.benjaminmoore.com/WebServices/prod/cdp/836x1045/neutral-paint-250-natural-linen-966-rgb.jpg,https://www.benjaminmoore.com/en-us/paint-colors/color/966/natural-linen,2024-07-22T00:09:30Z,2024-07-22T00:09:29Z,Natural Linen,Beige,Neutral,1,,"{'description': 'Like its namesake, this sandy <em>neutral</em> provides just the right amount of rustic warmth and elegance.', 'PrimaryColorFamily': '<em>Neutral</em>'}",6245476d28ccbc89dfddb1a9,,,,,,,,,,
"['Old Montreal', 'Matching Colors', 'Similar Colors', 'Color By Family']",/en-us/paint-colors/color/cc-398/old-montreal,Old Montreal CC-398 | Benjamin Moore,Color,CC-398,"Perfectly poised between warm and cool, light and dark—this nuanced neutral is the ultimate chameleon.",37f45298a7bd70565f132690237158b2a0b5f130,Medium,Warm,CAB9A8,https://media.benjaminmoore.com/WebServices/prod/cdp/836x1045/neutral-paint-194-old-montreal-CC-398-rgb.jpg,https://www.benjaminmoore.com/en-us/paint-colors/color/cc-398/old-montreal,2024-07-20T20:56:08Z,2024-07-20T20:56:08Z,Old Montreal,Brown,Neutral,1,,"{'description': 'Perfectly poised between warm and cool, light and dark—this nuanced <em>neutral</em> is the ultimate chameleon.', 'PrimaryColorFamily': '<em>Neutral</em>'}",6247391f28ccbc3f85ddb6d5,,,,,,,,,,
"['Sea Gull Gray', 'Discover This Color in Woodluxe Exterior Stains', 'Explore the Woodluxe Collection']",/en-us/paint-colors/color/es-72/sea-gull-gray,Sea Gull Gray ES-72 | Benjamin Moore,Color,ES-72,A perfectly balanced neutral gray to boost curb appeal. Exclusive to Woodluxe® stain products.,697ff7dc46a28e42a0ba7ec7fa3d87a25fe4a193,,,AEAA9D,https://media.benjaminmoore.com/WebServices/prod/cdp/836x1045/Woodluxe-CDP-Outdoor-Seating-Sea-Gull-Gray-ES-72-RGB.jpg,https://www.benjaminmoore.com/en-us/paint-colors/color/es-72/sea-gull-gray,2024-07-31T19:03:39Z,2024-07-21T18:38:01Z,Sea Gull Gray,,,1,,{'description': 'A perfectly balanced <em>neutral</em> gray to boost curb appeal. Exclusive to Woodluxe® stain products.'},656d6ba1e7b9d23bdf12eda9,,,"['Interior', 'Exterior']",true,Woodluxe<sup><small>&reg;</small></sup> Exterior Wood Stain Colors,,,,"['Semi-Solid', 'Semi-Transparent', 'Solid', 'Ultra Flat Solid']",
"['Rich Cream', 'Matching Colors', 'Different Shades', 'Similar Colors', 'Color By Family']",/en-us/paint-colors/color/2153-60/rich-cream,Rich Cream 2153-60 | Benjamin Moore,Color,2153-60,"A soft beige sweetened with a touch of peach, this neutral brings to mind a decadent crème custard.",210e3ff31942c9609f2a1549de59a950dfed0ee8,Light,Warm,F2E4C5,https://media.benjaminmoore.com/WebServices/prod/cdp/836x1045/yellow-paint-059-rich-cream-2153-60-rgb.jpg,https://www.benjaminmoore.com/en-us/paint-colors/color/2153-60/rich-cream,2024-07-22T03:28:42Z,2024-07-22T03:28:41Z,Rich Cream,Cream,Yellow,1,,"{'description': 'A soft beige sweetened with a touch of peach, this <em>neutral</em> brings to mind a decadent crème custard.'}",6242851fe7b9d267da0f4b58,,,,,,,,,,
"['Camouflage', 'Matching Colors', 'Different Shades', 'Similar Colors', 'Color By Family']",/en-us/paint-colors/color/2143-40/camouflage,Camouflage 2143-40 | Benjamin Moore,Color,2143-40,"True to its name, this versatile neutral can take on the character of different hues, from gray to sage.",f2ddc9b74a876d5210af8030bad99de05eddaa4f,Medium,Warm,CBC7B0,https://media.benjaminmoore.com/WebServices/prod/cdp/836x1045/green-paint-091-camouflage-2143-40-rgb.jpg,https://www.benjaminmoore.com/en-us/paint-colors/color/2143-40/camouflage,2024-07-21T22:53:54Z,2024-07-21T22:53:53Z,Camouflage,Gray,,1,,"{'description': 'True to its name, this versatile <em>neutral</em> can take on the character of different hues, from gray to sage.'}",62423e95196a67fed0896174,,,,,,,,,,
"['Delray Gray', 'Matching Colors', 'Different Shades', 'Similar Colors', 'Color By Family']",/en-us/paint-colors/color/1614/delray-gray,Delray Gray 1614 | Benjamin Moore,Color,1614,"Like the subtle shade of the sea on a foggy morning, this mid-tone neutral features a touch of blue.",37a6772ba7407fa2985b30fd0676b74ab3240525,Medium,Cool,9A9FA2,https://media.benjaminmoore.com/WebServices/prod/cdp/836x1045/neutral-paint-224-delray-gray-1614-rgb.jpg,https://www.benjaminmoore.com/en-us/paint-colors/color/1614/delray-gray,2024-07-21T23:12:18Z,2024-07-21T23:12:17Z,Delray Gray,,Neutral,1,,"{'description': 'Like the subtle shade of the sea on a foggy morning, this mid-tone <em>neutral</em> features a touch of blue.', 'PrimaryColorFamily': '<em>Neutral</em>'}",6242623b64441fdf22003c32,,,,,,,,,,
"['Wood Ash', 'Matching Colors', 'Different Shades', 'Similar Colors', 'Color By Family']",/en-us/paint-colors/color/1065/wood-ash,Wood Ash 1065 | Benjamin Moore,Color,1065,"A soft, comforting hue that balances white and beige, this color provides an easy neutral backdrop for any space.",9265167c3de12bf91b0441b2ba139bcd900da83e,Light,Warm,EEE4D0,https://media.benjaminmoore.com/WebServices/prod/cdp/836x1045/white-paint-188-wood-ash-1065-rgb.jpg,https://www.benjaminmoore.com/en-us/paint-colors/color/1065/wood-ash,2024-07-21T22:42:16Z,2024-07-21T22:42:16Z,Wood Ash,Beige,White,1,,"{'description': 'A soft, comforting hue that balances white and beige, this color provides an easy <em>neutral</em> backdrop for any space.'}",62426c8a64441fe4a000565e,,,,,,,,,,
"['Downtown', 'Matching Colors', 'Different Shades', 'Similar Colors', 'Color By Family']",/en-us/paint-colors/color/csp-165/downtown,Downtown CSP-165 | Benjamin Moore,Color,CSP-165,Inspired by freshly poured concrete and old granite skyscraper facades - a neutral tone with a sense of permanence. ,94b43a191263871b80c78c05c739f93357131f52,Medium,Warm,A39A88,https://media.benjaminmoore.com/WebServices/prod/cdp/836x1045/neutral-paint-184-downtown-CSP-165-rgb.jpg,https://www.benjaminmoore.com/en-us/paint-colors/color/csp-165/downtown,2024-07-22T00:56:43Z,2024-07-22T00:56:43Z,Downtown,,Neutral,1,,"{'description': 'Inspired by freshly poured concrete and old granite skyscraper facades - a <em>neutral</em> tone with a sense of permanence.\xa0', 'PrimaryColorFamily': '<em>Neutral</em>'}",62430ef6196a6776b889604e,,,,,,,,,,
"['Burnt Ember', 'Matching Colors', 'Different Shades', 'Similar Colors', 'Color By Family']",/en-us/paint-colors/color/csp-120/burnt-ember,Burnt Ember CSP-120 | Benjamin Moore,Color,CSP-120,Cooled campfire embers take on this magnificent shade of gray. Perfectly neutral to balance brights and lighter tones. ,054c815e4bfc11d54d120fe3e9a1a10238b43909,Dark,Cool,6A6967,https://media.benjaminmoore.com/WebServices/prod/cdp/836x1045/neutral-paint-235-burnt-ember-CSP-120-rgb.jpg,https://www.benjaminmoore.com/en-us/paint-colors/color/csp-120/burnt-ember,2024-07-22T00:56:07Z,2024-07-22T00:56:06Z,Burnt Ember,,Neutral,1,,"{'description': 'Cooled campfire embers take on this magnificent shade of gray. Perfectly <em>neutral</em> to balance brights and lighter tones.\xa0', 'PrimaryColorFamily': '<em>Neutral</em>'}",6242ed8b64441fac16004ece,,,,,,,,,,
"['Cole Stone', 'Matching Colors', 'Color By Family']",/en-us/paint-colors/color/cw-60/cole-stone,Cole Stone CW-60 | Benjamin Moore,Color,CW-60,"A mix of 18th century white, black and yellow pigments give this deep neutral its velvety soft quality.",30abc4f593a913d1e3c9b4dfd6b0a6fe120e98a4,Medium,Warm,A29886,https://media.benjaminmoore.com/WebServices/prod/cdp/836x1045/neutral-paint-204-cole-stone-CW-60-rgb.jpg,https://www.benjaminmoore.com/en-us/paint-colors/color/cw-60/cole-stone,2024-07-22T00:58:49Z,2024-07-22T00:58:49Z,Cole Stone,Beige,Neutral,1,,"{'description': 'A mix of 18th century white, black and yellow pigments give this deep <em>neutral</em> its velvety soft quality.', 'PrimaryColorFamily': '<em>Neutral</em>'}",62473eb664441f163b004662,,,,,,,,,,
"['Nimbus Gray', 'Matching Colors', 'Different Shades', 'Similar Colors', 'Color By Family']",/en-us/paint-colors/color/2131-50/nimbus-gray,Nimbus Gray 2131-50 | Benjamin Moore,Color,2131-50,"A cool gray with just enough weight, this medium neutral has wide appeal for interiors and exteriors.",44f32bd03c80d94e8b601e5b9633813e10e648ad,Medium,Cool,A1B0B4,https://media.benjaminmoore.com/WebServices/prod/cdp/836x1045/blue-paint-218-nimbus-gray-2131-50-rgb.jpg,https://www.benjaminmoore.com/en-us/paint-colors/color/2131-50/nimbus-gray,2024-07-22T01:04:58Z,2024-07-22T01:04:58Z,Nimbus Gray,,,1,,"{'description': 'A cool gray with just enough weight, this medium <em>neutral</em> has wide appeal for interiors and exteriors.'}",624294aa196a6716108951ff,,,,,,,,,,
"[""Ally's Earring"", 'Matching Colors', 'Different Shades', 'Similar Colors', 'Color By Family']",/en-us/paint-colors/color/csp-125/allys-earring,Ally's Earring CSP-125 | Benjamin Moore,Color,CSP-125,"A single, heirloom pearl inspired this beautiful, warm neutral. Radiant, elegant both formal and casual in nature.",c5365a51876d5834414ec68224bb291b57fb61a7,Light,Warm,E1E0D1,https://media.benjaminmoore.com/WebServices/prod/cdp/836x1045/white-paint-193-allys-earring-CSP-125-rgb.jpg,https://www.benjaminmoore.com/en-us/paint-colors/color/csp-125/allys-earring,2024-07-21T21:00:48Z,2024-07-21T21:00:47Z,Ally's Earring,,White,1,,"{'description': 'A single, heirloom pearl inspired this beautiful, warm <em>neutral</em>. Radiant, elegant both formal and casual in nature.'}",6242766d28ccbcedd5dd9f3a,,,,,,,,,,
"['Harmony', 'Matching Colors', 'Different Shades', 'Similar Colors', 'Color By Family']",/en-us/paint-colors/color/af-90/harmony,Harmony AF-90 | Benjamin Moore,Color,AF-90,"With its soft peach tones, this cozy neutral anchors and beautifully enhances the color scheme of any space.",6f952fe859d94770fd06bdc5130e9903bdf5a626,Light,Warm,DDCCB1,https://media.benjaminmoore.com/WebServices/prod/cdp/836x1045/neutral-paint-188-harmony-AF-90-rgb.jpg,https://www.benjaminmoore.com/en-us/paint-colors/color/af-90/harmony,2024-07-21T21:13:26Z,2024-07-21T21:13:26Z,Harmony,Peach,Neutral,1,,"{'description': 'With its soft peach tones, this cozy <em>neutral</em> anchors and beautifully enhances the color scheme of any space.', 'PrimaryColorFamily': '<em>Neutral</em>'}",6242816764441f2d780059ce,,,,,,,,,,
"['Rooftop Garden', 'Matching Colors', 'Different Shades', 'Similar Colors', 'Color By Family']",/en-us/paint-colors/color/csp-765/rooftop-garden,Rooftop Garden CSP-765 | Benjamin Moore,Color,CSP-765,"Urban green pops up in unexpected places. Here, a dusky alpine gives depth and works wonders with light neutrals.",31263096b135bdc254038deb049bd4d382a21ed9,Dark,Cool,767769,https://media.benjaminmoore.com/WebServices/prod/cdp/836x1045/green-paint-083-rooftop-garden-CSP-765-rgb.jpg,https://www.benjaminmoore.com/en-us/paint-colors/color/csp-765/rooftop-garden,2024-07-21T22:11:24Z,2024-07-21T22:11:23Z,Rooftop Garden,Gray,,1,,"{'description': 'Urban green pops up in unexpected places. Here, a dusky alpine gives depth and works wonders with light <em>neutrals</em>.'}",624309dde7b9d2add50f5cc9,,,,,,,,,,
"['Tweed Coat', 'Matching Colors', 'Different Shades', 'Similar Colors', 'Color By Family']",/en-us/paint-colors/color/csp-85/tweed-coat,Tweed Coat CSP-85 | Benjamin Moore,Color,CSP-85,The neutral gray tones of a classic tweed are both sophisticated and timeless. Ideal for grounding brighter accessories. ,09fb3e060db5cabf42385e4cb464b503073a4164,Medium,Warm,878279,https://media.benjaminmoore.com/WebServices/prod/cdp/836x1045/neutral-paint-217-tweed-coat-CSP-85-rgb.jpg,https://www.benjaminmoore.com/en-us/paint-colors/color/csp-85/tweed-coat,2024-07-21T19:48:57Z,2024-07-21T19:48:56Z,Tweed Coat,,Neutral,1,,"{'description': 'The <em>neutral</em> gray tones of a classic tweed are both sophisticated and timeless. Ideal for grounding brighter accessories.\xa0', 'PrimaryColorFamily': '<em>Neutral</em>'}",624309dde7b9d2308b0f59d2,,,,,,,,,,
"['Timothy Straw', 'Matching Colors', 'Different Shades', 'Similar Colors', 'Color By Family']",/en-us/paint-colors/color/2149-40/timothy-straw,Timothy Straw 2149-40 | Benjamin Moore,Color,2149-40,"A muted yellow-green that verges on a neutral, this medium hue evokes the organic beauty of straw.",aaef4f9bbae60d0257f61eb4024bc24fbe4f7d77,Medium,Warm,C6B984,https://media.benjaminmoore.com/WebServices/prod/cdp/836x1045/green-paint-107-timothy-straw-2149-40-rgb.jpg,https://www.benjaminmoore.com/en-us/paint-colors/color/2149-40/timothy-straw,2024-07-21T19:54:51Z,2024-07-21T19:54:51Z,Timothy Straw,Yellow,,1,,"{'description': 'A muted yellow-green that verges on a <em>neutral</em>, this medium hue evokes the organic beauty of straw.'}",6242941328ccbc2580ddad19,,,,,,,,,,
"['Cinnamon', 'Matching Colors', 'Different Shades', 'Similar Colors', 'Color By Family']",/en-us/paint-colors/color/2174-20/cinnamon,Cinnamon 2174-20 | Benjamin Moore,Color,2174-20,"A rich brown touched by orange undertones, this warm hue will have you questioning the very definition of a neutral.",d1a52a727ebab82a56a0469ba6dbf82ae51ee210,Dark,Warm,984F3B,https://media.benjaminmoore.com/WebServices/prod/cdp/836x1045/red-paint-018-cinnamon-2174-20-rgb.jpg,https://www.benjaminmoore.com/en-us/paint-colors/color/2174-20/cinnamon,2024-07-21T22:03:05Z,2024-07-21T22:03:05Z,Cinnamon,Brown,Red,1,,"{'description': 'A rich brown touched by orange undertones, this warm hue will have you questioning the very definition of a <em>neutral</em>.'}",62426a4e28ccbc14b1ddb92c,,,,,,,,,,
"['Annapolis Gray', 'Matching Colors', 'Similar Colors', 'Color By Family']",/en-us/paint-colors/color/hc-176/annapolis-gray,Annapolis Gray HC-176 | Benjamin Moore,Color,HC-176,"With its rosy taupe cast, this effortless neutral brings just a blush of color to the space.",7835cf31ee5aca0c808d2f76d075aba5db78b4f4,Medium,Warm,C9BEAF,https://media.benjaminmoore.com/WebServices/prod/cdp/836x1045/neutral-paint-182-annapolis-gray-HC-176-rgb.jpg,https://www.benjaminmoore.com/en-us/paint-colors/color/hc-176/annapolis-gray,2024-07-21T22:04:53Z,2024-07-21T22:04:52Z,Annapolis Gray,Beige,Neutral,1,,"{'description': 'With its rosy taupe cast, this effortless <em>neutral</em> brings just a blush of color to the space.', 'PrimaryColorFamily': '<em>Neutral</em>'}",6242de07e7b9d236e40f46a7,,,,,,,,,,
"['Dry Sage', 'Matching Colors', 'Different Shades', 'Similar Colors', 'Color By Family', 'Discover This Color in Woodluxe Exterior Stains', 'Explore the Woodluxe Collection']",/en-us/paint-colors/color/2142-40/dry-sage,Dry Sage 2142-40 | Benjamin Moore,Color,2142-40,An almost-neutral shade of green that brings a feeling of ease and effortless style wherever it is used.,b3880fdae6825157649fdc4b45e84957116af239,Medium,Warm,A39F84,https://media.benjaminmoore.com/WebServices/prod/cdp/836x1045/green-paint-083-dry-sage-2142-40-rgb.jpg,https://www.benjaminmoore.com/en-us/paint-colors/color/2142-40/dry-sage,2024-07-21T11:36:16Z,2024-07-21T11:36:16Z,Dry Sage,Brown,,1,,{'description': 'An almost-<em>neutral</em> shade of green that brings a feeling of ease and effortless style wherever it is used.'},6242a81564441fc7cb005921,,,,,,,,,,
"['Ashen Tan', 'Matching Colors', 'Different Shades', 'Similar Colors', 'Color By Family']",/en-us/paint-colors/color/996/ashen-tan,Ashen Tan 996 | Benjamin Moore,Color,996,"With its rosy taupe cast, this effortless neutral brings just a blush of color to the space.",1e840679b7c2fcde5555b84bad560418d95a07e5,Medium,Warm,C9BEAF,https://media.benjaminmoore.com/WebServices/prod/cdp/836x1045/neutral-paint-182-ashen-tan-996-rgb.jpg,https://www.benjaminmoore.com/en-us/paint-colors/color/996/ashen-tan,2024-07-22T00:13:39Z,2024-07-22T00:13:38Z,Ashen Tan,Brown,Neutral,1,,"{'description': 'With its rosy taupe cast, this effortless <em>neutral</em> brings just a blush of color to the space.', 'PrimaryColorFamily': '<em>Neutral</em>'}",6242af3664441f7df0004c1e,,,,,,,,,,
"['Serengeti Sand', 'Matching Colors', 'Different Shades', 'Similar Colors', 'Color By Family']",/en-us/paint-colors/color/2164-40/serengeti-sand,Serengeti Sand 2164-40 | Benjamin Moore,Color,2164-40,"Sitting between sand and brown, this versatile, red-tinged neutral channels the natural splendor of a desert landscape.",3037abd643e96702d1b15200532a41dc5139c34e,Medium,Warm,B18E74,https://media.benjaminmoore.com/WebServices/prod/cdp/836x1045/neutral-paint-197-serengeti-sand-2164-40-rgb.jpg,https://www.benjaminmoore.com/en-us/paint-colors/color/2164-40/serengeti-sand,2024-07-22T00:18:43Z,2024-07-22T00:18:43Z,Serengeti Sand,Brown,Neutral,1,,"{'description': 'Sitting between sand and brown, this versatile, red-tinged <em>neutral</em> channels the natural splendor of a desert landscape.', 'PrimaryColorFamily': '<em>Neutral</em>'}",6242812328ccbcb5f5dda0e3,,,,,,,,,,
"['Soft Satin', 'Matching Colors', 'Different Shades', 'Similar Colors', 'Color By Family']",/en-us/paint-colors/color/2164-60/soft-satin,Soft Satin 2164-60 | Benjamin Moore,Color,2164-60,"With its combination of pink and beige, this light neutral hue imbues a space with nostalgic charm.",5e3933a86552db88c64c0c3203f1dc265232c7d0,Light,Warm,E6D4C4,https://media.benjaminmoore.com/WebServices/prod/cdp/836x1045/neutral-paint-197-soft-satin-2164-60-rgb.jpg,https://www.benjaminmoore.com/en-us/paint-colors/color/2164-60/soft-satin,2024-07-21T22:35:26Z,2024-07-21T22:35:26Z,Soft Satin,Peach,Neutral,1,,"{'description': 'With its combination of pink and beige, this light <em>neutral</em> hue imbues a space with nostalgic charm.', 'PrimaryColorFamily': '<em>Neutral</em>'}",62425c6ee7b9d2303b0f45c6,,,,,,,,,,
"['Driftwood', 'Matching Colors', 'Different Shades', 'Similar Colors', 'Color By Family']",/en-us/paint-colors/color/2107-40/driftwood,Driftwood 2107-40 | Benjamin Moore,Color,2107-40,"With its notes of tan, taupe and gray, this medium neutral delivers rich color with endless versatility.",2406ff61b4540a6a8f9d83e36d7ddd8dbd7b0227,Medium,Warm,978477,https://media.benjaminmoore.com/WebServices/prod/cdp/836x1045/neutral-paint-196-driftwood-2107-40-rgb.jpg,https://www.benjaminmoore.com/en-us/paint-colors/color/2107-40/driftwood,2024-07-21T19:45:11Z,2024-07-21T19:45:10Z,Driftwood,Brown,Neutral,1,,"{'description': 'With its notes of tan, taupe and gray, this medium <em>neutral</em> delivers rich color with endless versatility.', 'PrimaryColorFamily': '<em>Neutral</em>'}",6242343764441f4ade00472f,,,,,,,,,,
"['Marina Gray', 'Matching Colors', 'Different Shades', 'Similar Colors', 'Color By Family']",/en-us/paint-colors/color/1599/marina-gray,Marina Gray 1599 | Benjamin Moore,Color,1599,"This cool neutral features an infusion of gray, reminiscent of a bustling harbor on a foggy fall morning.",d819a23a4e2763f3100d55ad1e4a341e5bd9d671,Medium,Cool,ADB3B3,https://media.benjaminmoore.com/WebServices/prod/cdp/836x1045/neutral-paint-220-marina-gray-1599-rgb.jpg,https://www.benjaminmoore.com/en-us/paint-colors/color/1599/marina-gray,2024-07-22T02:09:50Z,2024-07-22T02:09:49Z,Marina Gray,Gray,Neutral,1,,"{'description': 'This cool <em>neutral</em> features an infusion of gray, reminiscent of a bustling harbor on a foggy fall morning.', 'PrimaryColorFamily': '<em>Neutral</em>'}",62428f4028ccbc1896dda1ea,,,,,,,,,,
"['Subway Tile®', 'Matching Colors', 'Different Shades', 'Similar Colors', 'Color By Family']",/en-us/paint-colors/color/csp-585/subway-tile,Subway Tile CSP-585 | Benjamin Moore,Color,CSP-585,"Take this cool neutral underground. Pair it with bolds, brights or rich hues to make a big statement.",85df36afc54a0975127a4dc0f6d6c797b5e7d996,Medium,Cool,A8AFB0,https://media.benjaminmoore.com/WebServices/prod/cdp/836x1045/neutral-paint-208-subway-tile-CSP-585-rgb.jpg,https://www.benjaminmoore.com/en-us/paint-colors/color/csp-585/subway-tile,2024-07-22T03:18:16Z,2024-07-22T03:18:16Z,Subway Tile&reg;,,Neutral,1,,"{'description': 'Take this cool <em>neutral</em> underground. Pair it with bolds, brights or rich hues to make a big statement.', 'PrimaryColorFamily': '<em>Neutral</em>'}",62430f97e7b9d287fd0f40f4,,,,,,,,,,
"['Cream Fleece', 'Matching Colors', 'Different Shades', 'Similar Colors', 'Color By Family']",/en-us/paint-colors/color/233/cream-fleece,Cream Fleece 233 | Benjamin Moore,Color,233,"A perfect shade of light sand, this beloved neutral conjures the soft, natural elegance of undyed wool.",f6b814045d571ccd5ddcb42bd0dbfc3259c979e1,,,DED3BB,https://media.benjaminmoore.com/WebServices/prod/cdp/836x1045/neutral-paint-199-cream-fleece-233-rgb.jpg,https://www.benjaminmoore.com/en-us/paint-colors/color/233/cream-fleece,2024-07-30T12:14:14Z,2024-07-30T12:14:14Z,Cream Fleece,,,1,,"{'description': 'A perfect shade of light sand, this beloved <em>neutral</em> conjures the soft, natural elegance of undyed wool.', 'Family': '<em>Neutral</em>'}",62425e75196a67cb42894e7e,Neutral,Light,Interior,true,Benjamin Moore Classics&reg;,,,,,
"['Powell Smokehouse', 'Matching Colors', 'Similar Colors', 'Color By Family']",/en-us/paint-colors/color/cw-360/powell-smokehouse,Powell Smokehouse CW-360 | Benjamin Moore,Color,CW-360,"A smoky, seductive shade, this darker neutral reflects the 18th century practice of mixing white and black pigments.",a3806a8c9f1883b0e8eefb19d566edb3a7cc4b51,,,8E7F79,https://media.benjaminmoore.com/WebServices/prod/cdp/836x1045/neutral-paint-222-powell-smokehouse-CW-360-rgb.jpg,https://www.benjaminmoore.com/en-us/paint-colors/color/cw-360/powell-smokehouse,2024-07-30T21:54:01Z,2024-07-03T12:39:49Z,Powell Smokehouse,,,1,,"{'description': 'A smoky, seductive shade, this darker <em>neutral</em> reflects the 18th century practice of mixing white and black pigments.', 'Family': '<em>Neutral</em>'}",6242ef51e7b9d2930d0f3f79,Neutral,Medium,"['Interior', 'Exterior']",true,Williamsburg&reg; Paint Color Collection,,,,,
"['Dufferin Terrace', 'Matching Colors', 'Similar Colors', 'Color By Family']",/en-us/paint-colors/color/cc-456/dufferin-terrace,Dufferin Terrace CC-456 | Benjamin Moore,Color,CC-456,"With its rosy taupe cast, this effortless neutral brings just a blush of color to the space.",5255a6a21beafefeac3caf09416842bda4d708dd,,,C9BEAF,https://media.benjaminmoore.com/WebServices/prod/cdp/836x1045/neutral-paint-182-dufferin-terrace-CC-456-rgb.jpg,https://www.benjaminmoore.com/en-us/paint-colors/color/cc-456/dufferin-terrace,2024-07-30T19:59:34Z,2024-07-30T19:59:33Z,Dufferin Terrace,,,1,,"{'description': 'With its rosy taupe cast, this effortless <em>neutral</em> brings just a blush of color to the space.', 'Family': '<em>Neutral</em>'}",6243056b64441f856f00465a,Neutral,Medium,"['Interior', 'Exterior']",true,Designer Classics,,,,,
"['Natural Cedartone', 'Discover This Color in Woodluxe Exterior Stains', 'Explore the Woodluxe Collection']",/en-us/paint-colors/color/es-45/natural-cedartone,Natural Cedartone ES-45 | Benjamin Moore,Color,ES-45,A warm neutral hue that enriches wood in a subtle range of light browns. Exclusive to Woodluxe® stain products.,75c77b9b6a09a821d76f1fbc72d8b79c8e7b82da,,,A27650,https://media.benjaminmoore.com/WebServices/prod/cdp/836x1045/Woodluxe-CDP-Deck-View-Natural-Cedartone-ES-45-RGB.jpg,https://www.benjaminmoore.com/en-us/paint-colors/color/es-45/natural-cedartone,2024-07-31T19:03:32Z,2024-07-20T18:44:15Z,Natural Cedartone,,,1,,{'description': 'A warm <em>neutral</em> hue that enriches wood in a subtle range of light browns. Exclusive to Woodluxe® stain products.'},656d6b8328ccbc26fa2598d3,,,"['Interior', 'Exterior']",true,Woodluxe<sup><small>&reg;</small></sup> Exterior Wood Stain Colors,,,,"['Semi-Solid', 'Semi-Transparent', 'Solid', 'Ultra Flat Solid']",
"['Beige Gray', 'Discover This Color in Woodluxe Exterior Stains', 'Explore the Woodluxe Collection']",/en-us/paint-colors/color/es-51/beige-gray,Beige Gray ES-51 | Benjamin Moore,Color,ES-51,A warm and inviting neutral hue that enriches wood in a subtle range of soft browns. Exclusive to Woodluxe® stain products.,a27a5e8257ba32fb715bfd3e243c6b0aabaac9d9,,,A2947F,https://media.benjaminmoore.com/WebServices/prod/cdp/836x1045/Woodluxe-CDP-Outdoor-Seating-Beige-Gray-ES-51-RGB.jpg,https://www.benjaminmoore.com/en-us/paint-colors/color/es-51/beige-gray,2024-07-21T21:26:10Z,2024-07-21T21:26:09Z,Beige Gray,,,1,,{'description': 'A warm and inviting <em>neutral</em> hue that enriches wood in a subtle range of soft browns. Exclusive to Woodluxe® stain products.'},656d6bf728ccbca279259a1e,,,,,,,,,,
"['Foggy Morning', 'Matching Colors', 'Different Shades', 'Similar Colors', 'Color By Family']",/en-us/paint-colors/color/2106-70/foggy-morning,Foggy Morning 2106-70 | Benjamin Moore,Color,2106-70,"An almost-neutral with a touch of blush, this quiet hue suggests a peaceful walk through woods shrouded in a blanket of dew.",4b906c554450b17c89808373c2adef4f32bac7f5,Light,Warm,ECE3DC,https://media.benjaminmoore.com/WebServices/prod/cdp/836x1045/neutral-paint-196-foggy-morning-2106-70-rgb.jpg,https://www.benjaminmoore.com/en-us/paint-colors/color/2106-70/foggy-morning,2024-07-21T08:51:03Z,2024-07-21T08:51:02Z,Foggy Morning,Pink,Neutral,1,,"{'description': 'An almost-<em>neutral</em> with a touch of blush, this quiet hue suggests a peaceful walk through woods shrouded in a blanket of dew.', 'PrimaryColorFamily': '<em>Neutral</em>'}",62429ed8196a6750c589679b,,,,,,,,,,
"['Cobblestone', 'Matching Colors', 'Similar Colors', 'Color By Family']",/en-us/paint-colors/color/cc-454/cobblestone,Cobblestone CC-454 | Benjamin Moore,Color,CC-454,"A warm gray deepened with a touch of violet, this nuanced neutral conjures a quaint cobblestone street after a spring rain.",ba04ce3cbb6c3106b59b73feaa239679ae3b18c3,Medium,Warm,B7A99C,https://media.benjaminmoore.com/WebServices/prod/cdp/836x1045/neutral-paint-182-cobblestone-CC-454-rgb.jpg,https://www.benjaminmoore.com/en-us/paint-colors/color/cc-454/cobblestone,2024-07-21T14:22:30Z,2024-07-21T14:22:30Z,Cobblestone,Brown,Neutral,1,,"{'description': 'A warm gray deepened with a touch of violet, this nuanced <em>neutral</em> conjures a quaint cobblestone street after a spring rain.', 'PrimaryColorFamily': '<em>Neutral</em>'}",6247378b28ccbcd881dda134,,,,,,,,,,
"['Grége Avenue', 'Matching Colors', 'Different Shades', 'Similar Colors', 'Color By Family']",/en-us/paint-colors/color/991/grege-avenue,Grége Avenue 991 | Benjamin Moore,Color,991,"A warm gray deepened with a touch of violet, this nuanced neutral conjures a quaint cobblestone street after a spring rain.",f3978b7aa351a3cd6bc95d0244776660f30a2ec3,Medium,Warm,B7A99C,https://media.benjaminmoore.com/WebServices/prod/cdp/836x1045/neutral-paint-182-grege-avenue-991-rgb.jpg,https://www.benjaminmoore.com/en-us/paint-colors/color/991/grege-avenue,2024-07-21T19:45:11Z,2024-07-21T19:45:10Z,Grége Avenue,Brown,Neutral,1,,"{'description': 'A warm gray deepened with a touch of violet, this nuanced <em>neutral</em> conjures a quaint cobblestone street after a spring rain.', 'PrimaryColorFamily': '<em>Neutral</em>'}",6242b6a964441f149d004fed,,,,,,,,,,
"['Williamsburg Stone', 'Matching Colors', 'Color By Family']",/en-us/paint-colors/color/cw-25/williamsburg-stone,Williamsburg Stone CW-25 | Benjamin Moore,Color,CW-25,"Based on tan distemper paints used in 18th century wallpapers, this refined, gently weathered neutral adds a sense of history to any space.",f618b9105fe752ff5efefbcbc84ec43b9ef00958,Medium,Warm,D2C7A8,https://media.benjaminmoore.com/WebServices/prod/cdp/836x1045/neutral-paint-195-williamsburg-stone-CW-25-rgb.jpg,https://www.benjaminmoore.com/en-us/paint-colors/color/cw-25/williamsburg-stone,2024-07-21T11:20:44Z,2024-07-21T11:20:44Z,Williamsburg Stone,Beige,Neutral,1,,"{'description': 'Based on tan distemper paints used in 18th century wallpapers, this refined, gently weathered <em>neutral</em> adds a sense of history to any space.', 'PrimaryColorFamily': '<em>Neutral</em>'}",6242ef4f28ccbc002ddda0bb,,,,,,,,,,
"['Color Families', 'Whites', 'Grays', 'Neutrals', 'Blues', 'Greens', 'Reds', 'Blacks', 'Yellows', 'Taupes', 'Greiges', 'Pinks', 'Browns', 'Oranges', 'Purples', 'Ideas & Inspiration', 'Ready to Explore?', 'Benjamin Moore', 'For Professionals', 'Customer Service', 'Buy Paints and Stain']",/en-us/color-overview/color-palettes/color-families,Color Palettes for Color Families | Benjamin Moore,Color,,"See our most popular paint colors from each color family, get design tips and more.",42400be2dc0d95e6bac5e607d94d610a50cb3482,,,,https://www.benjaminmoore.com/-/media/sites/benjaminmoore/images/color/color-families/color_families_card_f.jpg,https://www.benjaminmoore.com/en-us/color-overview/color-palettes/color-families,2024-07-21T23:59:27Z,2024-07-21T23:59:27Z,,,,1,,{'sections': '<em>Neutrals</em>'},5f0a0569196a67cc16e0ef69,,,,,,,,,,en-us
"['Randolph Bisque', 'Matching Colors', 'Color By Family']",/en-us/paint-colors/color/cw-185/randolph-bisque,Randolph Bisque CW-185 | Benjamin Moore,Color,CW-185,"This fresh and inviting neutral is based on a paint color from the late 18th century found by paint analysts at the home of Peyton Randolph, who presided over the first and second Continental Congresses.",9bd70ce30f31e423e4a8d3bbadfaf1308702afd6,Light,Warm,EAD6B8,https://media.benjaminmoore.com/WebServices/prod/cdp/836x1045/neutral-paint-200-randolph-bisque-CW-185-rgb.jpg,https://www.benjaminmoore.com/en-us/paint-colors/color/cw-185/randolph-bisque,2024-07-22T01:02:09Z,2024-07-22T01:02:09Z,Randolph Bisque,Peach,Neutral,1,,"{'description': 'This fresh and inviting <em>neutral</em> is based on a paint color from the late 18th century found by paint analysts at the home of Peyton Randolph, who presided over the first and second Continental Congresses.', 'PrimaryColorFamily': '<em>Neutral</em>'}",62431aa664441f0c6f006092,,,,,,,,,,
['White Paint Colors'],/en-us/paint-colors/white,White Paint Colors  | Benjamin Moore,Color,,"Choose  from a vast option of the best neutral, classic, all-purpose white paint colors for your next interior and exterior painting project. Create the perfect mood for your space with our wide selection of white hues.",44af8c30e8109810cc5e28d98633ce2a19f51693,,,,https://www.benjaminmoore.com/-/media/sites/benjaminmoore/images/color/color-families/color-families-whites/gentle-whites-update/updated-crops/aug2020_whites_modal_diningroomwithtwigs_890x650.jpg,https://www.benjaminmoore.com/en-us/paint-colors/white,2024-08-05T18:42:03Z,2024-07-04T18:42:38Z,,,,1,,"{'description': 'Choose  from a vast option of the best <em>neutral</em>, classic, all-purpose white paint colors for your next interior and exterior painting project. Create the perfect mood for your space with our wide selection of white hues.'}",62f699da28ccbc3f4e90a554,,,,,,,,,,
"['Wythe Tan', 'Matching Colors', 'Color By Family']",/en-us/paint-colors/color/cw-415/wythe-tan,Wythe Tan CW-415 | Benjamin Moore,Color,CW-415,"A traditional tan, this versatile neutral is inspired by 18th century white paints tinted with yellow ochre pigment. Located in the Wythe house which served as the headquarters for George Washington just before the seige of Yorktown. It was one of the grandest and most impressive private dwellings i",351ba1b34f25dbfff50d10c3702e990079dab599,Light,Warm,DFCE9D,https://media.benjaminmoore.com/WebServices/prod/cdp/836x1045/yellow-paint-059-wythe-tan-CW-415-rgb.jpg,https://www.benjaminmoore.com/en-us/paint-colors/color/cw-415/wythe-tan,2024-06-28T19:01:49Z,2024-06-28T19:01:48Z,Wythe Tan,,Yellow,1,,"{'description': 'A traditional tan, this versatile <em>neutral</em> is inspired by 18th century white paints tinted with yellow ochre pigment. Located in the Wythe house which served as the headquarters for George Washington just before the seige of Yorktown. It was one of the grandest and most impressive private dwellings i'}",62473d60196a673a2789609c,,,,,,,,,,
"['Sea Pine', 'Similar Colors', 'Color By Family']",/en-us/paint-colors/color/ac-17,Sea Pine AC-17 | Benjamin Moore,Color,AC-17,"Also known as Stonybrook 1566. This color is part of America's Colors. A concise collection of soft neutrals features a snapshot in color of America's most popular, well-traveled regions. Geographically inspired with tones that are welcoming, America's Colors' palette of 42 subtle colors delivers a ",77d103d67a340582f41256a4693cad80522c0016,,,8B9490,https://assets.benjaminmoore.com/transform/d319bb61-0a06-4f21-973d-8c1f8e4ecda0/CDP_ColSearch_Mobile_Img_FNL-copy,https://www.benjaminmoore.com/en-us/paint-colors/color/ac-17,2024-07-20T22:57:57Z,2024-07-20T22:57:57Z,Sea Pine,,,1,,"{'description': 'Also known as Stonybrook 1566. This color is part of America&#x27;s Colors. A concise collection of soft <em>neutrals</em> features a snapshot in color of America&#x27;s most popular, well-traveled regions. Geographically inspired with tones that are welcoming, America&#x27;s Colors&#x27; palette of 42 subtle colors delivers a '}",6247474f64441fa1010049da,,,,,,,,,,
"['Mt. Rushmore Rock', 'Similar Colors', 'Color By Family']",/en-us/paint-colors/color/ac-39,Mt. Rushmore Rock AC-39 | Benjamin Moore,Color,AC-39,"Also known as Creekbed 1006. This color is part of America's Colors. A concise collection of soft neutrals features a snapshot in color of America's most popular, well-traveled regions. Geographically inspired with tones that are welcoming, America's Colors' palette of 42 subtle colors delivers a co",0613d149d6764f52a5e5fe6fc376694e70910bf5,,,A99A8D,https://assets.benjaminmoore.com/transform/d319bb61-0a06-4f21-973d-8c1f8e4ecda0/CDP_ColSearch_Mobile_Img_FNL-copy,https://www.benjaminmoore.com/en-us/paint-colors/color/ac-39,2024-07-21T11:35:36Z,2024-07-20T20:56:08Z,Mt. Rushmore Rock,,,1,,"{'description': 'Also known as Creekbed 1006. This color is part of America&#x27;s Colors. A concise collection of soft <em>neutrals</em> features a snapshot in color of America&#x27;s most popular, well-traveled regions. Geographically inspired with tones that are welcoming, America&#x27;s Colors&#x27; palette of 42 subtle colors delivers a co'}",624746c8196a67229e896662,,,,,,,,,,
"['Color Stories® Collection', 'A series of striking hues crafted to take on different appearances as the light changes.', 'Explore the Collection', ""Discover Benjamin Moore's complete catalog of color collections.""]",/en-us/paint-colors/color-stories,Color Stories® | Benjamin Moore,Color,,"With its accentuated response to light and multi-pigment formulation, Color Stories® is truly unique. This special collection offers a  wide range of hues, from saturated and bold to soft pales and neutrals. Explore our Color Stories® and find out why it is synonymous with unsurpassed surface smooth",d06bb15decdb562e011e1a559fec218ff22f7e53,,,,https://www.benjaminmoore.com/-/media/sites/benjaminmoore/images/color/aura-color-stories/auracolorstories_hero_640x640_mobile.jpg,https://www.benjaminmoore.com/en-us/paint-colors/color-stories,2024-08-05T18:35:53Z,2024-05-14T18:36:16Z,,,,1,,"{'description': 'With its accentuated response to light and multi-pigment formulation, Color Stories® is truly unique. This special collection offers a  wide range of hues, from saturated and bold to soft pales and <em>neutrals</em>. Explore our Color Stories® and find out why it is synonymous with unsurpassed surface smooth'}",6241fa5228ccbc6cf8ddbd46,,,,,,,,,,
['Blue Paint Colors'],/en-us/paint-colors/blue,Blue Paint Colors  | Benjamin Moore,Color,,"Explore the Benjamin Moore Blue paint colors which are highly versatile, and are a perfect choice for any room. Slate and blue-grays can act as a neutral when paired with brighter colors, or stand on their own for a sophisticated look with cream, white and wood tones.  Discover our wide array of Blu",04d1cbf9a659a559067cd3684e81cce7d890646c,,,,https://www.benjaminmoore.com/-/media/sites/benjaminmoore/images/color/color-families/color-families-blue/blue_hero_mobile_640x640.jpg,https://www.benjaminmoore.com/en-us/paint-colors/blue,2024-08-05T18:42:03Z,2024-07-04T18:48:38Z,,,,1,,"{'description': 'Explore the Benjamin Moore Blue paint colors which are highly versatile, and are a perfect choice for any room. Slate and blue-grays can act as a <em>neutral</em> when paired with brighter colors, or stand on their own for a sophisticated look with cream, white and wood tones.  Discover our wide array of Blu'}",62f698d0e7b9d27db10e44a6,,,,,,,,,,
['Green Paint Colors'],/en-us/paint-colors/green,Green Paint Colors  | Benjamin Moore,Color,,Discover our Benjamin Moore Green paint colors that range from soothing sage to vibrant lime and are incredibly versatile. Our green paint colors can be a lively accent or a sophisticated backdrop from apple green to soft jade. Many green paint colors pair well with wood tones and neutrals - making ,be1a507945ecf3afc696c7465b3fb9d37802fff9,,,,https://www.benjaminmoore.com/-/media/sites/benjaminmoore/images/color/color-families/color-families-green/2021-natura-swap-green-color-family/fernwood-green-wall_hero_640x640.jpg,https://www.benjaminmoore.com/en-us/paint-colors/green,2024-08-05T18:35:12Z,2024-07-04T18:43:27Z,,,,1,,{'description': 'Discover our Benjamin Moore Green paint colors that range from soothing sage to vibrant lime and are incredibly versatile. Our green paint colors can be a lively accent or a sophisticated backdrop from apple green to soft jade. Many green paint colors pair well with wood tones and <em>neutrals</em> - making '},62f698ac64441f1ed6f1b303,,,,,,,,,,
"['Best Taupe Paint Colors', 'Get to know taupe, a rich neutral that effortlessly transforms any room into a warm and welcoming sanctuary.', 'Most Popular Taupe Paint Colors', 'What is Taupe?', 'Ashley Gray HC-87', 'Sparrow AF-720', 'Weimaraner AF-155', 'Shaker Beige HC-45', 'Driftwood 2107-40', 'Hancock Gray HC-97', 'Buy a Paint Sample', 'Ideas & Inspiration', 'Ready to Explore?', 'Benjamin Moore', 'For Professionals', 'Customer Service', 'Buy Paints and Stain']",/en-us/color-overview/color-palettes/color-families/best-taupe-paint-colors,Best Taupe Paint Colors According to Homeowners | Benjamin Moore,Color,,Explore the 7 most popular Benjamin Moore taupe paint colors for your home and find your color today.,615e046dcc30bfc38e2694607319556d4ece7c21,,,,https://www.benjaminmoore.com/-/media/sites/benjaminmoore/images/color/color-families/color-families-taupe/taupe_hero_mobile_640x640_image__p_smoked_oyster_2764_2ht_crop.jpg,https://www.benjaminmoore.com/en-us/color-overview/color-palettes/color-families/best-taupe-paint-colors,2024-07-21T23:27:15Z,2024-07-21T23:27:15Z,,,,1,,"{'sections': 'Get to know taupe, a rich <em>neutral</em> that effortlessly transforms any room into a warm and welcoming sanctuary.'}",5f9772c0196a6772e0424be6,,,,,,,,,,en-us
