sections,page_path,title,type,color_number,description,external_id,ColorValue,WarmCool,color_hex,image,url,published_at,updated_at,color_name,popularity,info,highlight,id,Family,Shade,Interior/Exterior,cdp,Color Collection,Undertone,Mood,Project,Style
"['Crystal Blue', 'Matching Colors', 'Different Shades', 'Similar Colors', 'Color By Family']",/en-us/paint-colors/color/2051-70/crystal-blue,Crystal Blue 2051-70 | Benjamin Moore,Color,2051-70,A delicate blue-green that almost seems to glisten.,dd3302b383673bcf4c3b56403a61ec06cb86ddb6,Light,Cool,D8EBE9,https://media.benjaminmoore.com/WebServices/prod/cdp/836x1045/blue-paint-119-crystal-blue-2051-70-rgb.jpg,https://www.benjaminmoore.com/en-us/paint-colors/color/2051-70/crystal-blue,2024-07-21T22:37:33Z,2024-07-21T22:37:33Z,Crystal Blue,1,,"{'title': 'Crystal <em>Blue</em> 2051-70 | Benjamin Moore', 'sections': 'Crystal <em>Blue</em>', 'description': 'A delicate <em>blue</em>-green that almost seems to glisten.', 'color_name': 'Crystal <em>Blue</em>', 'page_path': '&#x2F;en-us&#x2F;paint-colors&#x2F;color&#x2F;2051-70&#x2F;crystal-<em>blue</em>'}",6242efb2e7b9d25ff80f48c2,,,,,,,,,
"['Blue Spa', 'Matching Colors', 'Different Shades', 'Similar Colors', 'Color By Family']",/en-us/paint-colors/color/2052-40/blue-spa,Blue Spa 2052-40 | Benjamin Moore,Color,2052-40,A unique medium blue that dips slightly into turquoise.,62434f715290b4766c9c4840578777be4b42cbd4,Medium,Cool,499EA1,https://media.benjaminmoore.com/WebServices/prod/cdp/836x1045/blue-paint-118-blue-spa-2052-40-rgb.jpg,https://www.benjaminmoore.com/en-us/paint-colors/color/2052-40/blue-spa,2024-07-21T22:38:15Z,2024-07-21T22:38:15Z,Blue Spa,1,,"{'title': '<em>Blue</em> Spa 2052-40 | Benjamin Moore', 'sections': '<em>Blue</em> Spa', 'description': 'A unique medium <em>blue</em> that dips slightly into turquoise.', 'color_name': '<em>Blue</em> Spa', 'page_path': '&#x2F;en-us&#x2F;paint-colors&#x2F;color&#x2F;2052-40&#x2F;<em>blue</em>-spa'}",62430530e7b9d27b830f6475,,,,,,,,,
"['Evening Blue', 'Matching Colors', 'Different Shades', 'Similar Colors', 'Color By Family']",/en-us/paint-colors/color/2066-20/evening-blue,Evening Blue 2066-20 | Benjamin Moore,Color,2066-20,"A glamorous sapphire blue marked by dark, intense color.",497b8fd04fcbd8cb3b5480c125ad1959fabec359,Dark,Cool,004E93,https://media.benjaminmoore.com/WebServices/prod/cdp/836x1045/blue-paint-147-evening-blue-2066-20-rgb.jpg,https://www.benjaminmoore.com/en-us/paint-colors/color/2066-20/evening-blue,2024-07-22T00:27:31Z,2024-07-22T00:27:31Z,Evening Blue,1,,"{'title': 'Evening <em>Blue</em> 2066-20 | Benjamin Moore', 'sections': 'Evening <em>Blue</em>', 'description': 'A glamorous sapphire <em>blue</em> marked by dark, intense color.', 'color_name': 'Evening <em>Blue</em>', 'page_path': '&#x2F;en-us&#x2F;paint-colors&#x2F;color&#x2F;2066-20&#x2F;evening-<em>blue</em>'}",62424bace7b9d2cc330f5136,,,,,,,,,
"['Blue Marguerite', 'Matching Colors', 'Different Shades', 'Similar Colors', 'Color By Family']",/en-us/paint-colors/color/2063-50/blue-marguerite,Blue Marguerite 2063-50 | Benjamin Moore,Color,2063-50,A cornflower blue that conjures charming seaside cottages.,5927ef86024952804be57c3e3b2728ed5b63c041,Medium,Cool,84BBDC,https://media.benjaminmoore.com/WebServices/prod/cdp/836x1045/blue-paint-146-blue-marguerite-2063-50-rgb.jpg,https://www.benjaminmoore.com/en-us/paint-colors/color/2063-50/blue-marguerite,2024-07-22T02:06:28Z,2024-07-22T02:06:27Z,Blue Marguerite,1,,"{'title': '<em>Blue</em> Marguerite 2063-50 | Benjamin Moore', 'sections': '<em>Blue</em> Marguerite', 'description': 'A cornflower <em>blue</em> that conjures charming seaside cottages.', 'color_name': '<em>Blue</em> Marguerite', 'page_path': '&#x2F;en-us&#x2F;paint-colors&#x2F;color&#x2F;2063-50&#x2F;<em>blue</em>-marguerite'}",6242925964441f9b49003f22,,,,,,,,,
"['Bashful Blue', 'Matching Colors', 'Different Shades', 'Similar Colors', 'Color By Family']",/en-us/paint-colors/color/2065-70/bashful-blue,Bashful Blue 2065-70 | Benjamin Moore,Color,2065-70,A feather-light blue with a subtle hint of green.,8a6be9c349ade39a50f110768f033c3b9a35d0f8,Light,Cool,C8E6F3,https://media.benjaminmoore.com/WebServices/prod/cdp/836x1045/blue-paint-144-bashful-blue-2065-70-rgb.jpg,https://www.benjaminmoore.com/en-us/paint-colors/color/2065-70/bashful-blue,2024-07-22T01:58:27Z,2024-07-22T01:58:26Z,Bashful Blue,1,,"{'title': 'Bashful <em>Blue</em> 2065-70 | Benjamin Moore', 'sections': 'Bashful <em>Blue</em>', 'description': 'A feather-light <em>blue</em> with a subtle hint of green.', 'color_name': 'Bashful <em>Blue</em>', 'page_path': '&#x2F;en-us&#x2F;paint-colors&#x2F;color&#x2F;2065-70&#x2F;bashful-<em>blue</em>'}",6242cad864441f3948003bc1,,,,,,,,,
"['Honolulu Blue', 'Matching Colors', 'Different Shades', 'Similar Colors', 'Color By Family']",/en-us/paint-colors/color/2066-60/honolulu-blue,Honolulu Blue 2066-60 | Benjamin Moore,Color,2066-60,A crisp sky blue that radiates playful energy.,dc86f6c054a110da87aefa5f00cf3ede25dde64c,Light,Cool,A3D6F2,https://media.benjaminmoore.com/WebServices/prod/cdp/836x1045/blue-paint-147-honolulu-blue-2066-60-rgb.jpg,https://www.benjaminmoore.com/en-us/paint-colors/color/2066-60/honolulu-blue,2024-07-22T02:09:05Z,2024-07-22T02:09:04Z,Honolulu Blue,1,,"{'title': 'Honolulu <em>Blue</em> 2066-60 | Benjamin Moore', 'sections': 'Honolulu <em>Blue</em>', 'description': 'A crisp sky <em>blue</em> that radiates playful energy.', 'color_name': 'Honolulu <em>Blue</em>', 'page_path': '&#x2F;en-us&#x2F;paint-colors&#x2F;color&#x2F;2066-60&#x2F;honolulu-<em>blue</em>'}",6242629b196a6763f18969ad,,,,,,,,,
"['Ash Blue', 'Matching Colors', 'Different Shades', 'Similar Colors', 'Color By Family']",/en-us/paint-colors/color/2057-40/ash-blue,Ash Blue 2057-40 | Benjamin Moore,Color,2057-40,A smoky medium blue with a touch of green.,24b0c4ab268f5319d5a7f21bbf26c47b53c8567b,,,4D9CAE,https://media.benjaminmoore.com/WebServices/prod/cdp/836x1045/blue-paint-108-ash-blue-2057-40-rgb.jpg,https://www.benjaminmoore.com/en-us/paint-colors/color/2057-40/ash-blue,2024-07-30T13:45:47Z,2024-07-30T13:45:47Z,Ash Blue,1,,"{'title': 'Ash <em>Blue</em> 2057-40 | Benjamin Moore', 'sections': 'Ash <em>Blue</em>', 'description': 'A smoky medium <em>blue</em> with a touch of green.', 'color_name': 'Ash <em>Blue</em>', 'page_path': '&#x2F;en-us&#x2F;paint-colors&#x2F;color&#x2F;2057-40&#x2F;ash-<em>blue</em>', 'Family': '<em>Blue</em>'}",6242e4fce7b9d2e9de0f50c2,Blue,Medium,"['Interior', 'Exterior']",true,Color Preview&reg;,,,,
"['Blue Lagoon', 'Matching Colors', 'Different Shades', 'Similar Colors', 'Color By Family']",/en-us/paint-colors/color/2054-40/blue-lagoon,Blue Lagoon 2054-40 | Benjamin Moore,Color,2054-40,A unique blue that pops with teal undertones.,416630747fc374964e463b3bae905cd28dc96b16,,,409CAC,https://media.benjaminmoore.com/WebServices/prod/cdp/836x1045/blue-paint-108-blue-lagoon-2054-40-rgb.jpg,https://www.benjaminmoore.com/en-us/paint-colors/color/2054-40/blue-lagoon,2024-07-30T17:02:57Z,2024-07-30T17:02:57Z,Blue Lagoon,1,,"{'title': '<em>Blue</em> Lagoon 2054-40 | Benjamin Moore', 'sections': '<em>Blue</em> Lagoon', 'description': 'A unique <em>blue</em> that pops with teal undertones.', 'color_name': '<em>Blue</em> Lagoon', 'page_path': '&#x2F;en-us&#x2F;paint-colors&#x2F;color&#x2F;2054-40&#x2F;<em>blue</em>-lagoon', 'Family': '<em>Blue</em>'}",62430813196a679a9c894d21,Blue,Medium,"['Interior', 'Exterior']",true,Color Preview&reg;,,,,
"['Hamilton Blue', 'Matching Colors', 'Color By Family', 'Discover This Color in Woodluxe Exterior Stains', 'Explore the Woodluxe Collection']",/en-us/paint-colors/color/hc-191/hamilton-blue,Hamilton Blue HC-191 | Benjamin Moore,Color,HC-191,"A dark, stony shade of blue steeped in history.",90ecde189ae46f44ba8ec1178fb16cc5890c3ba6,Dark,Cool,5F767F,https://media.benjaminmoore.com/WebServices/prod/cdp/836x1045/blue-paint-240-hamilton-blue-HC-191-rgb.jpg,https://www.benjaminmoore.com/en-us/paint-colors/color/hc-191/hamilton-blue,2024-07-22T00:30:12Z,2024-07-22T00:30:11Z,Hamilton Blue,1,,"{'title': 'Hamilton <em>Blue</em> HC-191 | Benjamin Moore', 'sections': 'Hamilton <em>Blue</em>', 'description': 'A dark, stony shade of <em>blue</em> steeped in history.', 'color_name': 'Hamilton <em>Blue</em>', 'page_path': '&#x2F;en-us&#x2F;paint-colors&#x2F;color&#x2F;hc-191&#x2F;hamilton-<em>blue</em>'}",62428ee128ccbcc818dd9c6f,,,,,,Gray,,,
"['Blue Stream', 'Matching Colors', 'Similar Colors', 'Color By Family']",/en-us/paint-colors/color/cc-730/blue-stream,Blue Stream CC-730 | Benjamin Moore,Color,CC-730,"Muted and powdery soft, this go-with-the-flow blue fits easily into any space.",ffa99582633c76887ba225a90c62806bd3bd4476,Medium,Cool,B0C9D0,https://media.benjaminmoore.com/WebServices/prod/cdp/836x1045/blue-paint-148-blue-stream-CC-730-rgb.jpg,https://www.benjaminmoore.com/en-us/paint-colors/color/cc-730/blue-stream,2024-06-28T20:10:34Z,2024-06-28T20:10:33Z,Blue Stream,1,,"{'title': '<em>Blue</em> Stream CC-730 | Benjamin Moore', 'sections': '<em>Blue</em> Stream', 'description': 'Muted and powdery soft, this go-with-the-flow <em>blue</em> fits easily into any space.', 'color_name': '<em>Blue</em> Stream', 'page_path': '&#x2F;en-us&#x2F;paint-colors&#x2F;color&#x2F;cc-730&#x2F;<em>blue</em>-stream'}",6249679b64441f2e4d0056dc,,,,,,,,,
"['Stratford Blue', 'Matching Colors', 'Similar Colors', 'Color By Family']",/en-us/paint-colors/color/cc-830/stratford-blue,Stratford Blue CC-830 | Benjamin Moore,Color,CC-830,"Infused with smoky violet undertones, this moody blue captures an element of fantasy.",a87959b2b39ab3dbc9f6ad2cf36e9028fe1a3170,Medium,Cool,7685A1,https://media.benjaminmoore.com/WebServices/prod/cdp/836x1045/blue-paint-164-stratford-blue-CC-830-rgb.jpg,https://www.benjaminmoore.com/en-us/paint-colors/color/cc-830/stratford-blue,2024-06-28T21:02:16Z,2024-06-28T21:02:16Z,Stratford Blue,1,,"{'title': 'Stratford <em>Blue</em> CC-830 | Benjamin Moore', 'sections': 'Stratford <em>Blue</em>', 'description': 'Infused with smoky violet undertones, this moody <em>blue</em> captures an element of fantasy.', 'color_name': 'Stratford <em>Blue</em>', 'page_path': '&#x2F;en-us&#x2F;paint-colors&#x2F;color&#x2F;cc-830&#x2F;stratford-<em>blue</em>'}",624732bf28ccbc43cdddb6f2,,,,,,,,,
"['Labrador Blue', 'Matching Colors', 'Similar Colors', 'Color By Family']",/en-us/paint-colors/color/cc-740/labrador-blue,Labrador Blue CC-740 | Benjamin Moore,Color,CC-740,A muted denim blue that offers plenty of comfort and style.,068dc9f2d7fe232b325fb969cccc3e49b2da0896,Medium,Cool,7F9DAC,https://media.benjaminmoore.com/WebServices/prod/cdp/836x1045/blue-paint-148-labrador-blue-CC-740-rgb.jpg,https://www.benjaminmoore.com/en-us/paint-colors/color/cc-740/labrador-blue,2024-07-21T23:15:34Z,2024-07-21T23:15:33Z,Labrador Blue,1,,"{'title': 'Labrador <em>Blue</em> CC-740 | Benjamin Moore', 'sections': 'Labrador <em>Blue</em>', 'description': 'A muted denim <em>blue</em> that offers plenty of comfort and style.', 'color_name': 'Labrador <em>Blue</em>', 'page_path': '&#x2F;en-us&#x2F;paint-colors&#x2F;color&#x2F;cc-740&#x2F;labrador-<em>blue</em>'}",6246393628ccbc4c95ddbd09,,,,,,,,,
"['Blue Heron', 'Matching Colors', 'Similar Colors', 'Color By Family']",/en-us/paint-colors/color/cc-840/blue-heron,Blue Heron CC-840 | Benjamin Moore,Color,CC-840,A velvety violet-blue softly faded with a touch of gray.,83ba7df464dd4bc6d5417e3a2942cb8921e76ea8,Dark,Cool,5C6A85,https://media.benjaminmoore.com/WebServices/prod/cdp/836x1045/blue-paint-164-blue-heron-CC-840-rgb.jpg,https://www.benjaminmoore.com/en-us/paint-colors/color/cc-840/blue-heron,2024-07-20T14:57:28Z,2024-07-20T14:57:28Z,Blue Heron,1,,"{'title': '<em>Blue</em> Heron CC-840 | Benjamin Moore', 'sections': '<em>Blue</em> Heron', 'description': 'A velvety violet-<em>blue</em> softly faded with a touch of gray.', 'color_name': '<em>Blue</em> Heron', 'page_path': '&#x2F;en-us&#x2F;paint-colors&#x2F;color&#x2F;cc-840&#x2F;<em>blue</em>-heron'}",624677de196a6758818960d6,,,,,,,,,
"['Blue Grass', 'Matching Colors', 'Similar Colors', 'Color By Family']",/en-us/paint-colors/color/cc-640/blue-grass,Blue Grass CC-640 | Benjamin Moore,Color,CC-640,"A cool, calming blue enlivened with a hint of pistachio green.",ca1bf3c2556f2e77b1fc8947dfa783afce4bd2c6,,,C2D1C6,https://media.benjaminmoore.com/WebServices/prod/cdp/836x1045/green-paint-084-blue-grass-CC-640-rgb.jpg,https://www.benjaminmoore.com/en-us/paint-colors/color/cc-640/blue-grass,2024-07-30T21:50:58Z,2024-07-30T21:50:58Z,Blue Grass,1,,"{'title': '<em>Blue</em> Grass CC-640 | Benjamin Moore', 'sections': '<em>Blue</em> Grass', 'description': 'A cool, calming <em>blue</em> enlivened with a hint of pistachio green.', 'color_name': '<em>Blue</em> Grass', 'page_path': '&#x2F;en-us&#x2F;paint-colors&#x2F;color&#x2F;cc-640&#x2F;<em>blue</em>-grass'}",6243138f64441f33e6005647,Green,Light,"['Interior', 'Exterior']",true,Designer Classics,,,,
"['Buckland Blue', 'Matching Colors', 'Similar Colors', 'Color By Family']",/en-us/paint-colors/color/hc-151/buckland-blue,Buckland Blue HC-151 | Benjamin Moore,Color,HC-151,A dramatic yet slightly faded cerulean blue fit for traditional or contemporary spaces.,79f31c459117661208846b750313ad80b94dc65b,,,618697,https://media.benjaminmoore.com/WebServices/prod/cdp/836x1045/blue-paint-132-buckland-blue-HC-151-rgb.jpg,https://www.benjaminmoore.com/en-us/paint-colors/color/hc-151/buckland-blue,2024-07-30T15:27:07Z,2024-07-03T17:06:27Z,Buckland Blue,1,,"{'title': 'Buckland <em>Blue</em> HC-151 | Benjamin Moore', 'sections': 'Buckland <em>Blue</em>', 'description': 'A dramatic yet slightly faded cerulean <em>blue</em> fit for traditional or contemporary spaces.', 'color_name': 'Buckland <em>Blue</em>', 'page_path': '&#x2F;en-us&#x2F;paint-colors&#x2F;color&#x2F;hc-151&#x2F;buckland-<em>blue</em>', 'Family': '<em>Blue</em>'}",6243068b196a6707b6895b64,Blue,Medium,"['Interior', 'Exterior']",true,Historical Colors,,,,
"['Kensington Blue', 'Matching Colors', 'Similar Colors', 'Color By Family']",/en-us/paint-colors/color/cc-780/kensington-blue,Kensington Blue CC-780 | Benjamin Moore,Color,CC-780,A classic navy blue that brings a sense of refinement to any space.,934899ff759ad1575a3138e97d9cb9f877ba7ba4,,,4B5A71,https://media.benjaminmoore.com/WebServices/prod/cdp/836x1045/blue-paint-164-kensington-blue-CC-780-rgb.jpg,https://www.benjaminmoore.com/en-us/paint-colors/color/cc-780/kensington-blue,2024-07-30T16:39:54Z,2024-07-03T13:55:49Z,Kensington Blue,1,,"{'title': 'Kensington <em>Blue</em> CC-780 | Benjamin Moore', 'sections': 'Kensington <em>Blue</em>', 'description': 'A classic navy <em>blue</em> that brings a sense of refinement to any space.', 'color_name': 'Kensington <em>Blue</em>', 'page_path': '&#x2F;en-us&#x2F;paint-colors&#x2F;color&#x2F;cc-780&#x2F;kensington-<em>blue</em>', 'Family': '<em>Blue</em>'}",624319dc196a67715989716c,Blue,Dark,"['Interior', 'Exterior']",true,Designer Classics,,,,
"['Marlboro Blue', 'Matching Colors', 'Similar Colors', 'Color By Family']",/en-us/paint-colors/color/hc-153/marlboro-blue,Marlboro Blue HC-153 | Benjamin Moore,Color,HC-153,A classic medium blue that can create an understated backdrop or command a room.,7547c6f9c53f3c9f6a5abaa678e2a65cac7bbe24,,,95B9C6,https://media.benjaminmoore.com/WebServices/prod/cdp/836x1045/blue-paint-132-marlboro-blue-HC-153-rgb.jpg,https://www.benjaminmoore.com/en-us/paint-colors/color/hc-153/marlboro-blue,2024-07-31T02:59:58Z,2024-07-31T02:59:58Z,Marlboro Blue,1,,"{'title': 'Marlboro <em>Blue</em> HC-153 | Benjamin Moore', 'sections': 'Marlboro <em>Blue</em>', 'description': 'A classic medium <em>blue</em> that can create an understated backdrop or command a room.', 'color_name': 'Marlboro <em>Blue</em>', 'page_path': '&#x2F;en-us&#x2F;paint-colors&#x2F;color&#x2F;hc-153&#x2F;marlboro-<em>blue</em>', 'Family': '<em>Blue</em>'}",624738d664441fb5d3006063,Blue,Medium,"['Interior', 'Exterior']",true,Historical Colors,,,,
"['Fairview Blue', 'Matching Colors', 'Different Shades', 'Similar Colors', 'Color By Family']",/en-us/paint-colors/color/779/fairview-blue,Fairview Blue 779 | Benjamin Moore,Color,779,"Clean, crisp and soothing, this powdery blue creates a feeling of spaciousness and light in a room.",33236ff95fbc6307a71f4d88743c635b8472c12a,Light,Cool,A9D4E7,https://media.benjaminmoore.com/WebServices/prod/cdp/836x1045/blue-paint-135-fairview-blue-779-rgb.jpg,https://www.benjaminmoore.com/en-us/paint-colors/color/779/fairview-blue,2024-07-22T04:14:14Z,2024-07-22T04:14:13Z,Fairview Blue,1,,"{'title': 'Fairview <em>Blue</em> 779 | Benjamin Moore', 'sections': 'Fairview <em>Blue</em>', 'description': 'Clean, crisp and soothing, this powdery <em>blue</em> creates a feeling of spaciousness and light in a room.', 'color_name': 'Fairview <em>Blue</em>', 'page_path': '&#x2F;en-us&#x2F;paint-colors&#x2F;color&#x2F;779&#x2F;fairview-<em>blue</em>'}",6242d48d28ccbc500bdda665,,,,,,,,,
"['Blue Dragon', 'Matching Colors', 'Different Shades', 'Similar Colors', 'Color By Family']",/en-us/paint-colors/color/810/blue-dragon,Blue Dragon 810 | Benjamin Moore,Color,810,"Accented with a drop of violet, this beautifully balanced blue refreshes a space like an ocean breeze.",ca857a969444eeddf05b0f2c258245113f1f2370,Medium,Cool,6B8DB3,https://media.benjaminmoore.com/WebServices/prod/cdp/836x1045/blue-paint-168-blue-dragon-810-rgb.jpg,https://www.benjaminmoore.com/en-us/paint-colors/color/810/blue-dragon,2024-07-21T21:35:57Z,2024-07-21T21:35:56Z,Blue Dragon,1,,"{'title': '<em>Blue</em> Dragon 810 | Benjamin Moore', 'sections': '<em>Blue</em> Dragon', 'description': 'Accented with a drop of violet, this beautifully balanced <em>blue</em> refreshes a space like an ocean breeze.', 'color_name': '<em>Blue</em> Dragon', 'page_path': '&#x2F;en-us&#x2F;paint-colors&#x2F;color&#x2F;810&#x2F;<em>blue</em>-dragon'}",62425252196a679374895131,,,,,,,,,
"['Blue Gaspe', 'Matching Colors', 'Different Shades', 'Similar Colors', 'Color By Family']",/en-us/paint-colors/color/1435/blue-gaspe,Blue Gaspe 1435 | Benjamin Moore,Color,1435,"A dark, muted mix of purple and blue, this distinctive hue evokes the romance of the sea at night.",76e91d25a647d665c6ef3c6710722bbaa289dd4e,Dark,Cool,5C6274,https://media.benjaminmoore.com/WebServices/prod/cdp/836x1045/purple-paint-165-blue-gaspe-1435-rgb.jpg,https://www.benjaminmoore.com/en-us/paint-colors/color/1435/blue-gaspe,2024-07-21T20:07:37Z,2024-07-21T20:07:36Z,Blue Gaspe,1,,"{'title': '<em>Blue</em> Gaspe 1435 | Benjamin Moore', 'sections': '<em>Blue</em> Gaspe', 'description': 'A dark, muted mix of purple and <em>blue</em>, this distinctive hue evokes the romance of the sea at night.', 'color_name': '<em>Blue</em> Gaspe', 'page_path': '&#x2F;en-us&#x2F;paint-colors&#x2F;color&#x2F;1435&#x2F;<em>blue</em>-gaspe'}",643fadf6e7b9d2a30df2234e,,,,,,,,,
"['Paddington Blue', 'Matching Colors', 'Different Shades', 'Similar Colors', 'Color By Family']",/en-us/paint-colors/color/791/paddington-blue,Paddington Blue 791 | Benjamin Moore,Color,791,"Classic and steadfast, this primary blue has a sense of buoyancy that keeps it looking fresh and modern.",a6aca18d992d045e96e5b865ab858ab163876505,Dark,Cool,1369A7,https://media.benjaminmoore.com/WebServices/prod/cdp/836x1045/blue-paint-167-paddington-blue-791-rgb.jpg,https://www.benjaminmoore.com/en-us/paint-colors/color/791/paddington-blue,2024-07-22T02:05:42Z,2024-07-22T02:05:41Z,Paddington Blue,1,,"{'title': 'Paddington <em>Blue</em> 791 | Benjamin Moore', 'sections': 'Paddington <em>Blue</em>', 'description': 'Classic and steadfast, this primary <em>blue</em> has a sense of buoyancy that keeps it looking fresh and modern.', 'color_name': 'Paddington <em>Blue</em>', 'page_path': '&#x2F;en-us&#x2F;paint-colors&#x2F;color&#x2F;791&#x2F;paddington-<em>blue</em>'}",62428b74196a67ed5d894e31,,,,,,,,,
"['Anderson Blue', 'Matching Colors', 'Color By Family']",/en-us/paint-colors/color/cw-565/anderson-blue,Anderson Blue CW-565 | Benjamin Moore,Color,CW-565,"Crafted using the pigments Prussian blue and white, this graceful and beguiling shade sparkles with a touch of teal.",1ae3bb3a2e82ae11b758d0b3b61e3dd0a22ef4ca,Medium,Cool,96BFB8,https://media.benjaminmoore.com/WebServices/prod/cdp/836x1045/blue-paint-114-anderson-blue-CW-565-rgb.jpg,https://www.benjaminmoore.com/en-us/paint-colors/color/cw-565/anderson-blue,2024-07-20T20:07:29Z,2024-07-20T20:07:28Z,Anderson Blue,1,,"{'title': 'Anderson <em>Blue</em> CW-565 | Benjamin Moore', 'sections': 'Anderson <em>Blue</em>', 'description': 'Crafted using the pigments Prussian <em>blue</em> and white, this graceful and beguiling shade sparkles with a touch of teal.', 'color_name': 'Anderson <em>Blue</em>', 'page_path': '&#x2F;en-us&#x2F;paint-colors&#x2F;color&#x2F;cw-565&#x2F;anderson-<em>blue</em>'}",62473de028ccbcf976ddbcf6,,,,,,,,,
"['Chesapeake Blue', 'Matching Colors', 'Color By Family']",/en-us/paint-colors/color/cw-595/chesapeake-blue,Chesapeake Blue CW-595 | Benjamin Moore,Color,CW-595,"A part of Colonial Williamsburg's colonial revival color palette, this graceful shade of blue drenches rooms in soft, silky color.",2a1c93c3b50896d592c14c068907e3f1e865fcf2,Medium,Cool,94C0C6,https://media.benjaminmoore.com/WebServices/prod/cdp/836x1045/blue-paint-122-chesapeake-blue-CW-595-rgb.jpg,https://www.benjaminmoore.com/en-us/paint-colors/color/cw-595/chesapeake-blue,2024-07-21T03:12:08Z,2024-07-21T03:12:08Z,Chesapeake Blue,1,,"{'title': 'Chesapeake <em>Blue</em> CW-595 | Benjamin Moore', 'sections': 'Chesapeake <em>Blue</em>', 'description': 'A part of Colonial Williamsburg&#x27;s colonial revival color palette, this graceful shade of <em>blue</em> drenches rooms in soft, silky color.', 'color_name': 'Chesapeake <em>Blue</em>', 'page_path': '&#x2F;en-us&#x2F;paint-colors&#x2F;color&#x2F;cw-595&#x2F;chesapeake-<em>blue</em>'}",6246aaf8e7b9d2e6430f3c5f,,,,,,,,,
"['River Blue', 'Matching Colors', 'Different Shades', 'Similar Colors', 'Color By Family']",/en-us/paint-colors/color/2057-10/river-blue,River Blue 2057-10 | Benjamin Moore,Color,2057-10,"Almost black, this deep teal blue offers endless allure and sophistication.",89a6d9795530be7452e23633aee666c2c1f0213a,Dark,Cool,254952,https://media.benjaminmoore.com/WebServices/prod/cdp/836x1045/blue-paint-108-river-blue-2057-10-rgb.jpg,https://www.benjaminmoore.com/en-us/paint-colors/color/2057-10/river-blue,2024-07-22T03:02:10Z,2024-07-22T03:02:10Z,River Blue,1,,"{'title': 'River <em>Blue</em> 2057-10 | Benjamin Moore', 'sections': 'River <em>Blue</em>', 'description': 'Almost black, this deep teal <em>blue</em> offers endless allure and sophistication.', 'color_name': 'River <em>Blue</em>', 'page_path': '&#x2F;en-us&#x2F;paint-colors&#x2F;color&#x2F;2057-10&#x2F;river-<em>blue</em>'}",6242e500e7b9d229530f43d6,,,,,,,,,
"['Peacock Blue', 'Matching Colors', 'Different Shades', 'Similar Colors', 'Color By Family']",/en-us/paint-colors/color/2049-40/peacock-blue,Peacock Blue 2049-40 | Benjamin Moore,Color,2049-40,An attention-grabbing blue-green that brings a unique elegance to any space.,56ce1e0309dcbeb639ab09d7c59399f09fdc7fa8,Medium,Cool,61ACAE,https://media.benjaminmoore.com/WebServices/prod/cdp/836x1045/blue-paint-116-peacock-blue-2049-40-rgb.jpg,https://www.benjaminmoore.com/en-us/paint-colors/color/2049-40/peacock-blue,2024-07-22T03:02:11Z,2024-07-22T03:02:10Z,Peacock Blue,1,,"{'title': 'Peacock <em>Blue</em> 2049-40 | Benjamin Moore', 'sections': 'Peacock <em>Blue</em>', 'description': 'An attention-grabbing <em>blue</em>-green that brings a unique elegance to any space.', 'color_name': 'Peacock <em>Blue</em>', 'page_path': '&#x2F;en-us&#x2F;paint-colors&#x2F;color&#x2F;2049-40&#x2F;peacock-<em>blue</em>'}",6242f6a028ccbc0f4dddac0f,,,,,,,,,
"['Yarmouth Blue', 'Matching Colors', 'Different Shades', 'Similar Colors', 'Color By Family']",/en-us/paint-colors/color/hc-150/yarmouth-blue,Yarmouth Blue HC-150 | Benjamin Moore,Color,HC-150,A classic airy blue that can instantly freshen up the room.,58be8d245253619ab3c6804987e1b59c789234ab,Medium,Cool,B5C8C9,https://media.benjaminmoore.com/WebServices/prod/cdp/836x1045/blue-paint-131-yarmouth-blue-HC-150-rgb.jpg,https://www.benjaminmoore.com/en-us/paint-colors/color/hc-150/yarmouth-blue,2024-07-21T23:10:04Z,2024-07-21T23:10:03Z,Yarmouth Blue,1,,"{'title': 'Yarmouth <em>Blue</em> HC-150 | Benjamin Moore', 'sections': 'Yarmouth <em>Blue</em>', 'description': 'A classic airy <em>blue</em> that can instantly freshen up the room.', 'color_name': 'Yarmouth <em>Blue</em>', 'page_path': '&#x2F;en-us&#x2F;paint-colors&#x2F;color&#x2F;hc-150&#x2F;yarmouth-<em>blue</em>'}",62423b5564441f4d3f004fbb,,,,,,,,,
"['Blue Danube', 'Matching Colors', 'Different Shades', 'Similar Colors', 'Color By Family']",/en-us/paint-colors/color/2062-30/blue-danube,Blue Danube 2062-30 | Benjamin Moore,Color,2062-30,"An attractive, teal-toned blue that can be classically elegant or boldly stylish.",ef53789b8cf98205b2ba1c8e3d5ad02e40e3a5ec,Dark,Cool,2D5970,https://media.benjaminmoore.com/WebServices/prod/cdp/836x1045/blue-paint-137-blue-danube-2062-30-rgb.jpg,https://www.benjaminmoore.com/en-us/paint-colors/color/2062-30/blue-danube,2024-07-21T23:36:00Z,2024-07-21T23:36:00Z,Blue Danube,1,,"{'title': '<em>Blue</em> Danube 2062-30 | Benjamin Moore', 'sections': '<em>Blue</em> Danube', 'description': 'An attractive, teal-toned <em>blue</em> that can be classically elegant or boldly stylish.', 'color_name': '<em>Blue</em> Danube', 'page_path': '&#x2F;en-us&#x2F;paint-colors&#x2F;color&#x2F;2062-30&#x2F;<em>blue</em>-danube'}",6242b9ca28ccbcdc24ddbd06,,,,,,,,,
"['Province Blue', 'Matching Colors', 'Different Shades', 'Similar Colors', 'Color By Family']",/en-us/paint-colors/color/2135-40/province-blue,Province Blue 2135-40 | Benjamin Moore,Color,2135-40,A medium blue-green soothed by a generous dose of gray.,e6046a7c23b7ea008b28bbff63ee5a55dfb424f1,Medium,Cool,829BA1,https://media.benjaminmoore.com/WebServices/prod/cdp/836x1045/blue-paint-218-province-blue-2135-40-rgb.jpg,https://www.benjaminmoore.com/en-us/paint-colors/color/2135-40/province-blue,2024-07-21T23:42:26Z,2024-07-21T23:42:25Z,Province Blue,1,,"{'title': 'Province <em>Blue</em> 2135-40 | Benjamin Moore', 'sections': 'Province <em>Blue</em>', 'description': 'A medium <em>blue</em>-green soothed by a generous dose of gray.', 'color_name': 'Province <em>Blue</em>', 'page_path': '&#x2F;en-us&#x2F;paint-colors&#x2F;color&#x2F;2135-40&#x2F;province-<em>blue</em>'}",624293a164441ff09d0053ea,,,,,,,,,
"['Covington Blue', 'Matching Colors', 'Different Shades', 'Similar Colors', 'Color By Family']",/en-us/paint-colors/color/hc-138/covington-blue,Covington Blue HC-138 | Benjamin Moore,Color,HC-138,A medium blue-green that brings a quiet grace to the room.,97253b4baab22672f28ee16fa7caaa6bcec1fd0b,Medium,Cool,93B5AC,https://media.benjaminmoore.com/WebServices/prod/cdp/836x1045/green-paint-123-covington-blue-HC-138-rgb.jpg,https://www.benjaminmoore.com/en-us/paint-colors/color/hc-138/covington-blue,2024-07-22T01:12:12Z,2024-07-22T01:12:12Z,Covington Blue,1,,"{'title': 'Covington <em>Blue</em> HC-138 | Benjamin Moore', 'sections': 'Covington <em>Blue</em>', 'description': 'A medium <em>blue</em>-green that brings a quiet grace to the room.', 'color_name': 'Covington <em>Blue</em>', 'page_path': '&#x2F;en-us&#x2F;paint-colors&#x2F;color&#x2F;hc-138&#x2F;covington-<em>blue</em>'}",6243068b196a6720e7896439,,,,,,,,,
"['Bold Blue', 'Matching Colors', 'Different Shades', 'Similar Colors', 'Color By Family']",/en-us/paint-colors/color/2064-10/bold-blue,Bold Blue 2064-10 | Benjamin Moore,Color,2064-10,A rich navy blue with the slightest hint of inky indigo.,1b13ca79c1d1ad6c108c31962b8a04d8fafe56da,Dark,Cool,2B3558,https://media.benjaminmoore.com/WebServices/prod/cdp/836x1045/blue-paint-135-bold-blue-2064-10-rgb.jpg,https://www.benjaminmoore.com/en-us/paint-colors/color/2064-10/bold-blue,2024-07-22T01:04:58Z,2024-07-22T01:04:58Z,Bold Blue,1,,"{'title': 'Bold <em>Blue</em> 2064-10 | Benjamin Moore', 'sections': 'Bold <em>Blue</em>', 'description': 'A rich navy <em>blue</em> with the slightest hint of inky indigo.', 'color_name': 'Bold <em>Blue</em>', 'page_path': '&#x2F;en-us&#x2F;paint-colors&#x2F;color&#x2F;2064-10&#x2F;bold-<em>blue</em>'}",628d21b628ccbc22daaafc19,,,,,,,,,
"['Spectra Blue', 'Matching Colors', 'Different Shades', 'Similar Colors', 'Color By Family']",/en-us/paint-colors/color/2049-50/spectra-blue,Spectra Blue 2049-50 | Benjamin Moore,Color,2049-50,A light blue-green that can both soothe and command attention.,41ae0fd5ef0b46c9d77f71111c8c5cf13d678d2f,Medium,Cool,98CED0,https://media.benjaminmoore.com/WebServices/prod/cdp/836x1045/blue-paint-116-spectra-blue-2049-50-rgb.jpg,https://www.benjaminmoore.com/en-us/paint-colors/color/2049-50/spectra-blue,2024-07-21T22:15:13Z,2024-07-21T22:15:12Z,Spectra Blue,1,,"{'title': 'Spectra <em>Blue</em> 2049-50 | Benjamin Moore', 'sections': 'Spectra <em>Blue</em>', 'description': 'A light <em>blue</em>-green that can both soothe and command attention.', 'color_name': 'Spectra <em>Blue</em>', 'page_path': '&#x2F;en-us&#x2F;paint-colors&#x2F;color&#x2F;2049-50&#x2F;spectra-<em>blue</em>'}",6242f6d964441fc426005af8,,,,,,,,,
"['Blue Bonnet', 'Matching Colors', 'Different Shades', 'Similar Colors', 'Color By Family']",/en-us/paint-colors/color/2050-70/blue-bonnet,Blue Bonnet 2050-70 | Benjamin Moore,Color,2050-70,"A soft wash of blue and green results in a calm, comforting hue.",302784376bf8ad77db764e89efc846b5703afe00,Light,Cool,DDF0EC,https://media.benjaminmoore.com/WebServices/prod/cdp/836x1045/blue-paint-117-blue-bonnet-2050-70-rgb.jpg,https://www.benjaminmoore.com/en-us/paint-colors/color/2050-70/blue-bonnet,2024-07-21T22:15:17Z,2024-07-21T22:15:16Z,Blue Bonnet,1,,"{'title': '<em>Blue</em> Bonnet 2050-70 | Benjamin Moore', 'sections': '<em>Blue</em> Bonnet', 'description': 'A soft wash of <em>blue</em> and green results in a calm, comforting hue.', 'color_name': '<em>Blue</em> Bonnet', 'page_path': '&#x2F;en-us&#x2F;paint-colors&#x2F;color&#x2F;2050-70&#x2F;<em>blue</em>-bonnet'}",6242968628ccbcc818ddb08c,,,,,,,,,
"['Buxton Blue', 'Matching Colors', 'Different Shades', 'Similar Colors', 'Color By Family']",/en-us/paint-colors/color/hc-149/buxton-blue,Buxton Blue HC-149 | Benjamin Moore,Color,HC-149,A buoyant blue-gray that adds instant charm to a space.,a92919cd298bb3ba76ddafe977f93b824c84711f,Medium,Cool,9DB6BA,https://media.benjaminmoore.com/WebServices/prod/cdp/836x1045/blue-paint-132-buxton-blue-HC-149-rgb.jpg,https://www.benjaminmoore.com/en-us/paint-colors/color/hc-149/buxton-blue,2024-07-21T22:05:33Z,2024-07-21T22:05:33Z,Buxton Blue,1,,"{'title': 'Buxton <em>Blue</em> HC-149 | Benjamin Moore', 'sections': 'Buxton <em>Blue</em>', 'description': 'A buoyant <em>blue</em>-gray that adds instant charm to a space.', 'color_name': 'Buxton <em>Blue</em>', 'page_path': '&#x2F;en-us&#x2F;paint-colors&#x2F;color&#x2F;hc-149&#x2F;buxton-<em>blue</em>'}",6242986228ccbc45f2ddb89d,,,,,,,,,
"['Newburyport Blue', 'Matching Colors', 'Different Shades', 'Similar Colors', 'Color By Family']",/en-us/paint-colors/color/hc-155/newburyport-blue,Newburyport Blue HC-155 | Benjamin Moore,Color,HC-155,Pronounced tones yet an overall understated quality makes this a perfect dark blue for the home.,81dfd8690fe43344274bc33818ba2966870efecf,Dark,Cool,465566,https://media.benjaminmoore.com/WebServices/prod/cdp/836x1045/blue-paint-133-newburyport-blue-HC-155-rgb.jpg,https://www.benjaminmoore.com/en-us/paint-colors/color/hc-155/newburyport-blue,2024-07-21T21:34:53Z,2024-07-21T21:34:53Z,Newburyport Blue,1,,"{'title': 'Newburyport <em>Blue</em> HC-155 | Benjamin Moore', 'sections': 'Newburyport <em>Blue</em>', 'description': 'Pronounced tones yet an overall understated quality makes this a perfect dark <em>blue</em> for the home.', 'color_name': 'Newburyport <em>Blue</em>', 'page_path': '&#x2F;en-us&#x2F;paint-colors&#x2F;color&#x2F;hc-155&#x2F;newburyport-<em>blue</em>'}",6242b4c2e7b9d23abc0f401a,,,,,,,,,
"['Woodlawn Blue', 'Matching Colors', 'Different Shades', 'Similar Colors', 'Color By Family']",/en-us/paint-colors/color/hc-147/woodlawn-blue,Woodlawn Blue HC-147 | Benjamin Moore,Color,HC-147,A delicate wash of blue that brings to mind a fine crystal.,6f12d6b07b395cbf033bbf3146cb40afdff7ef63,Light,Cool,C1D0CA,https://media.benjaminmoore.com/WebServices/prod/cdp/836x1045/blue-paint-128-woodlawn-blue-HC-147-rgb.jpg,https://www.benjaminmoore.com/en-us/paint-colors/color/hc-147/woodlawn-blue,2024-07-21T20:34:58Z,2024-07-21T20:34:58Z,Woodlawn Blue,1,,"{'title': 'Woodlawn <em>Blue</em> HC-147 | Benjamin Moore', 'sections': 'Woodlawn <em>Blue</em>', 'description': 'A delicate wash of <em>blue</em> that brings to mind a fine crystal.', 'color_name': 'Woodlawn <em>Blue</em>', 'page_path': '&#x2F;en-us&#x2F;paint-colors&#x2F;color&#x2F;hc-147&#x2F;woodlawn-<em>blue</em>'}",63775b5928ccbc22feef6100,,,,,,,,,
"['Marine Blue', 'Matching Colors', 'Different Shades', 'Similar Colors', 'Color By Family']",/en-us/paint-colors/color/2059-10/marine-blue,Marine Blue 2059-10 | Benjamin Moore,Color,2059-10,"Deep and dignified, this inky blue captures a classic maritime feel.",bc7f448404b664a621603f77275174fab8a94572,Dark,Cool,1D3E59,https://media.benjaminmoore.com/WebServices/prod/cdp/836x1045/blue-paint-145-marine-blue-2059-10-rgb.jpg,https://www.benjaminmoore.com/en-us/paint-colors/color/2059-10/marine-blue,2024-07-22T00:11:52Z,2024-07-22T00:11:51Z,Marine Blue,1,,"{'title': 'Marine <em>Blue</em> 2059-10 | Benjamin Moore', 'sections': 'Marine <em>Blue</em>', 'description': 'Deep and dignified, this inky <em>blue</em> captures a classic maritime feel.', 'color_name': 'Marine <em>Blue</em>', 'page_path': '&#x2F;en-us&#x2F;paint-colors&#x2F;color&#x2F;2059-10&#x2F;marine-<em>blue</em>'}",6242f6fc196a67ac27894bbf,,,,,,,,,
"['Blue Grotto', 'Matching Colors', 'Different Shades', 'Similar Colors', 'Color By Family']",/en-us/paint-colors/color/cc-964/blue-grotto,Blue Grotto CC-964 | Benjamin Moore,Color,CC-964,"A dark, inky blue further deepened with a touch of violet.",024ee3de211edf622548a8bee2c535e1fde771d9,Dark,Cool,353963,https://media.benjaminmoore.com/WebServices/prod/cdp/836x1045/blue-paint-158-blue-grotto-CC-964-rgb.jpg,https://www.benjaminmoore.com/en-us/paint-colors/color/cc-964/blue-grotto,2024-07-22T00:13:36Z,2024-07-22T00:13:36Z,Blue Grotto,1,,"{'title': '<em>Blue</em> Grotto CC-964 | Benjamin Moore', 'sections': '<em>Blue</em> Grotto', 'description': 'A dark, inky <em>blue</em> further deepened with a touch of violet.', 'color_name': '<em>Blue</em> Grotto', 'page_path': '&#x2F;en-us&#x2F;paint-colors&#x2F;color&#x2F;cc-964&#x2F;<em>blue</em>-grotto'}",6243a5a9196a67bda9895b59,,,,,,,,,
"['Brilliant Blue', 'Matching Colors', 'Different Shades', 'Similar Colors', 'Color By Family']",/en-us/paint-colors/color/2065-30/brilliant-blue,Brilliant Blue 2065-30 | Benjamin Moore,Color,2065-30,"A deep, almost electric blue that can stimulate a space without overpowering it.",47f87d53e5dc34692c2887d814adb105095df017,Dark,Cool,0063A6,https://media.benjaminmoore.com/WebServices/prod/cdp/836x1045/blue-paint-144-brilliant-blue-2065-30-rgb.jpg,https://www.benjaminmoore.com/en-us/paint-colors/color/2065-30/brilliant-blue,2024-07-22T00:18:01Z,2024-07-22T00:18:00Z,Brilliant Blue,1,,"{'title': 'Brilliant <em>Blue</em> 2065-30 | Benjamin Moore', 'sections': 'Brilliant <em>Blue</em>', 'description': 'A deep, almost electric <em>blue</em> that can stimulate a space without overpowering it.', 'color_name': 'Brilliant <em>Blue</em>', 'page_path': '&#x2F;en-us&#x2F;paint-colors&#x2F;color&#x2F;2065-30&#x2F;brilliant-<em>blue</em>'}",6242c03c28ccbc790bdda250,,,,,,,,,
"['China Blue', 'Matching Colors', 'Different Shades', 'Similar Colors', 'Color By Family']",/en-us/paint-colors/color/2052-60/china-blue,China Blue 2052-60 | Benjamin Moore,Color,2052-60,A pretty sky blue that offers elegance with a playful edge.,47cee795a4fc0504e5c73ccb926d7d052361addd,Light,Cool,B3DBDE,https://media.benjaminmoore.com/WebServices/prod/cdp/836x1045/blue-paint-118-china-blue-2052-60-rgb.jpg,https://www.benjaminmoore.com/en-us/paint-colors/color/2052-60/china-blue,2024-07-21T22:37:38Z,2024-07-03T17:05:29Z,China Blue,1,,"{'title': 'China <em>Blue</em> 2052-60 | Benjamin Moore', 'sections': 'China <em>Blue</em>', 'description': 'A pretty sky <em>blue</em> that offers elegance with a playful edge.', 'color_name': 'China <em>Blue</em>', 'page_path': '&#x2F;en-us&#x2F;paint-colors&#x2F;color&#x2F;2052-60&#x2F;china-<em>blue</em>'}",624307b128ccbc25e6dda56a,,,,,,,,,
"['Blue Daisy', 'Matching Colors', 'Different Shades', 'Similar Colors', 'Color By Family']",/en-us/paint-colors/color/2062-40/blue-daisy,Blue Daisy 2062-40 | Benjamin Moore,Color,2062-40,An intriguing medium blue subtly shaded with gray and green tones.,47b5e14f37d25d36966835272ee99017edd1f7ce,Medium,Cool,548DA7,https://media.benjaminmoore.com/WebServices/prod/cdp/836x1045/blue-paint-137-blue-daisy-2062-40-rgb.jpg,https://www.benjaminmoore.com/en-us/paint-colors/color/2062-40/blue-daisy,2024-07-22T00:26:51Z,2024-07-22T00:26:50Z,Blue Daisy,1,,"{'title': '<em>Blue</em> Daisy 2062-40 | Benjamin Moore', 'sections': '<em>Blue</em> Daisy', 'description': 'An intriguing medium <em>blue</em> subtly shaded with gray and green tones.', 'color_name': '<em>Blue</em> Daisy', 'page_path': '&#x2F;en-us&#x2F;paint-colors&#x2F;color&#x2F;2062-40&#x2F;<em>blue</em>-daisy'}",6242f1e1196a673bc189482d,,,,,,,,,
"['Celtic Blue', 'Discover This Color in Woodluxe Exterior Stains', 'Explore the Woodluxe Collection']",/en-us/paint-colors/color/es-31/celtic-blue,Celtic Blue ES-31 | Benjamin Moore,Color,ES-31,A sleek silvery blue grounded by gray undertones. Exclusive to Woodluxe® stain products.,e359e24485216dfda83b1ec99e14dba819ac4b20,,,A9B5BC,https://media.benjaminmoore.com/WebServices/prod/cdp/836x1045/Woodluxe-CDP-Outdoor-Seating-Celtic-Blue-ES-31-RGB.jpg,https://www.benjaminmoore.com/en-us/paint-colors/color/es-31/celtic-blue,2024-07-22T00:29:23Z,2024-07-22T00:29:23Z,Celtic Blue,1,,"{'title': 'Celtic <em>Blue</em> ES-31 | Benjamin Moore', 'sections': 'Celtic <em>Blue</em>', 'description': 'A sleek silvery <em>blue</em> grounded by gray undertones. Exclusive to Woodluxe® stain products.', 'color_name': 'Celtic <em>Blue</em>', 'page_path': '&#x2F;en-us&#x2F;paint-colors&#x2F;color&#x2F;es-31&#x2F;celtic-<em>blue</em>'}",6621c9de64441fe37217c104,,,,,,,,,
"['Downpour Blue', 'Matching Colors', 'Different Shades', 'Similar Colors', 'Color By Family']",/en-us/paint-colors/color/2063-20/downpour-blue,Downpour Blue 2063-20 | Benjamin Moore,Color,2063-20,A navy blue with a pleasing balance of rich and muted tones.,63a1fe07e6a8873f9b1ff622b6996a44edaa2022,Dark,Cool,254669,https://media.benjaminmoore.com/WebServices/prod/cdp/836x1045/blue-paint-146-downpour-blue-2063-20-rgb.jpg,https://www.benjaminmoore.com/en-us/paint-colors/color/2063-20/downpour-blue,2024-07-21T19:30:39Z,2024-07-21T19:30:39Z,Downpour Blue,1,,"{'title': 'Downpour <em>Blue</em> 2063-20 | Benjamin Moore', 'sections': 'Downpour <em>Blue</em>', 'description': 'A navy <em>blue</em> with a pleasing balance of rich and muted tones.', 'color_name': 'Downpour <em>Blue</em>', 'page_path': '&#x2F;en-us&#x2F;paint-colors&#x2F;color&#x2F;2063-20&#x2F;downpour-<em>blue</em>'}",6242c01d28ccbc1525dd9c64,,,,,,,,,
"['Blue Hydrangea', 'Matching Colors', 'Different Shades', 'Similar Colors', 'Color By Family']",/en-us/paint-colors/color/2062-60/blue-hydrangea,Blue Hydrangea 2062-60 | Benjamin Moore,Color,2062-60,A charming powder blue as uplifting as the first blooms of spring.,ab25068110f0abe578772548b5d82c370189848d,Light,Cool,B3D3E1,https://media.benjaminmoore.com/WebServices/prod/cdp/836x1045/blue-paint-137-blue-hydrangea-2062-60-rgb.jpg,https://www.benjaminmoore.com/en-us/paint-colors/color/2062-60/blue-hydrangea,2024-07-22T01:37:54Z,2024-07-22T01:37:53Z,Blue Hydrangea,1,,"{'title': '<em>Blue</em> Hydrangea 2062-60 | Benjamin Moore', 'sections': '<em>Blue</em> Hydrangea', 'description': 'A charming powder <em>blue</em> as uplifting as the first blooms of spring.', 'color_name': '<em>Blue</em> Hydrangea', 'page_path': '&#x2F;en-us&#x2F;paint-colors&#x2F;color&#x2F;2062-60&#x2F;<em>blue</em>-hydrangea'}",6242d48d196a67b15f895b14,,,,,,,,,
"['Blue Wave', 'Matching Colors', 'Different Shades', 'Similar Colors', 'Color By Family']",/en-us/paint-colors/color/2065-50/blue-wave,Blue Wave 2065-50 | Benjamin Moore,Color,2065-50,A splashy blue that brings a joyful and cleansing presence to the room.,ec1a59610a3d31df87884773397a0d0162512a07,Medium,Cool,6EB8E5,https://media.benjaminmoore.com/WebServices/prod/cdp/836x1045/blue-paint-144-blue-wave-2065-50-rgb.jpg,https://www.benjaminmoore.com/en-us/paint-colors/color/2065-50/blue-wave,2024-07-22T01:59:14Z,2024-07-22T01:59:13Z,Blue Wave,1,,"{'title': '<em>Blue</em> Wave 2065-50 | Benjamin Moore', 'sections': '<em>Blue</em> Wave', 'description': 'A splashy <em>blue</em> that brings a joyful and cleansing presence to the room.', 'color_name': '<em>Blue</em> Wave', 'page_path': '&#x2F;en-us&#x2F;paint-colors&#x2F;color&#x2F;2065-50&#x2F;<em>blue</em>-wave'}",6242ca05196a676d28896ab8,,,,,,,,,
"['Patriot Blue', 'Matching Colors', 'Different Shades', 'Similar Colors', 'Color By Family']",/en-us/paint-colors/color/2064-20/patriot-blue,Patriot Blue 2064-20 | Benjamin Moore,Color,2064-20,A classic dark blue that brings a versatile anchor to the room.,a59dfb7231c756c2ab15eef6c38b5b8debd42ed9,Dark,Cool,184A7C,https://media.benjaminmoore.com/WebServices/prod/cdp/836x1045/blue-paint-135-patriot-blue-2064-20-rgb.jpg,https://www.benjaminmoore.com/en-us/paint-colors/color/2064-20/patriot-blue,2024-07-22T01:39:52Z,2024-07-22T01:39:52Z,Patriot Blue,1,,"{'title': 'Patriot <em>Blue</em> 2064-20 | Benjamin Moore', 'sections': 'Patriot <em>Blue</em>', 'description': 'A classic dark <em>blue</em> that brings a versatile anchor to the room.', 'color_name': 'Patriot <em>Blue</em>', 'page_path': '&#x2F;en-us&#x2F;paint-colors&#x2F;color&#x2F;2064-20&#x2F;patriot-<em>blue</em>'}",62428bae64441f8f52004b34,,,,,,,,,
"['Cayman Blue', 'Matching Colors', 'Different Shades', 'Similar Colors', 'Color By Family']",/en-us/paint-colors/color/2060-50/cayman-blue,Cayman Blue 2060-50 | Benjamin Moore,Color,2060-50,"Crisp and cool, this aqua-inspired blue instantly transports you to a tropical island.",fc1cd859672a2d1d25e1e85d5bb7733f5b5966ee,Medium,Cool,73C1E4,https://media.benjaminmoore.com/WebServices/prod/cdp/836x1045/blue-paint-141-cayman-blue-2060-50-rgb.jpg,https://www.benjaminmoore.com/en-us/paint-colors/color/2060-50/cayman-blue,2024-07-22T04:13:10Z,2024-07-22T04:13:09Z,Cayman Blue,1,,"{'title': 'Cayman <em>Blue</em> 2060-50 | Benjamin Moore', 'sections': 'Cayman <em>Blue</em>', 'description': 'Crisp and cool, this aqua-inspired <em>blue</em> instantly transports you to a tropical island.', 'color_name': 'Cayman <em>Blue</em>', 'page_path': '&#x2F;en-us&#x2F;paint-colors&#x2F;color&#x2F;2060-50&#x2F;cayman-<em>blue</em>'}",6242fdf328ccbcf616dd97b2,,,,,,,,,
"['Blue Angel', 'Matching Colors', 'Different Shades', 'Similar Colors', 'Color By Family']",/en-us/paint-colors/color/2058-70/blue-angel,Blue Angel 2058-70 | Benjamin Moore,Color,2058-70,A light-as-air baby blue that brings an uplifting presence to the room.,edf9ac1a1a21e0bd53499ca749fca63dbdc0306e,,,D2EAF0,https://media.benjaminmoore.com/WebServices/prod/cdp/836x1045/blue-paint-139-blue-angel-2058-70-rgb.jpg,https://www.benjaminmoore.com/en-us/paint-colors/color/2058-70/blue-angel,2024-07-30T13:32:24Z,2024-07-30T13:32:24Z,Blue Angel,1,,"{'title': '<em>Blue</em> Angel 2058-70 | Benjamin Moore', 'sections': '<em>Blue</em> Angel', 'description': 'A light-as-air baby <em>blue</em> that brings an uplifting presence to the room.', 'color_name': '<em>Blue</em> Angel', 'page_path': '&#x2F;en-us&#x2F;paint-colors&#x2F;color&#x2F;2058-70&#x2F;<em>blue</em>-angel', 'Family': '<em>Blue</em>'}",6242f1e1196a6735998955fc,Blue,Light,"['Interior', 'Exterior']",true,Color Preview&reg;,,,,
"['Blue Jean', 'Matching Colors', 'Different Shades', 'Similar Colors', 'Color By Family']",/en-us/paint-colors/color/2062-50/blue-jean,Blue Jean 2062-50 | Benjamin Moore,Color,2062-50,A gently faded blue as comfortable and classic as your favorite pair of jeans.,e33e55851cd962fc307527dad53ad8f0e52fe17e,,,87B5CB,https://media.benjaminmoore.com/WebServices/prod/cdp/836x1045/blue-paint-137-blue-jean-2062-50-rgb.jpg,https://www.benjaminmoore.com/en-us/paint-colors/color/2062-50/blue-jean,2024-07-30T13:28:08Z,2024-07-30T13:28:08Z,Blue Jean,1,,"{'title': '<em>Blue</em> Jean 2062-50 | Benjamin Moore', 'sections': '<em>Blue</em> Jean', 'description': 'A gently faded <em>blue</em> as comfortable and classic as your favorite pair of jeans.', 'color_name': '<em>Blue</em> Jean', 'page_path': '&#x2F;en-us&#x2F;paint-colors&#x2F;color&#x2F;2062-50&#x2F;<em>blue</em>-jean', 'Family': '<em>Blue</em>'}",6242925be7b9d2d01d0f52b5,Blue,Medium,"['Interior', 'Exterior']",true,Color Preview&reg;,,"['Bright', 'Chaming']","['Bathroom', 'Bedroom', 'Cabinet', 'Kitchen', 'Living Room']",Boho
"['Cool Blue', 'Matching Colors', 'Different Shades', 'Similar Colors', 'Color By Family']",/en-us/paint-colors/color/2058-40/cool-blue,Cool Blue 2058-40 | Benjamin Moore,Color,2058-40,"Capturing the cerulean sparkle of tropical waters, this medium blue exudes calm and ease.",9c93ff4db1845e7053f9bff3f9b19ecdcdb54e0c,,,419AB7,https://media.benjaminmoore.com/WebServices/prod/cdp/836x1045/blue-paint-139-cool-blue-2058-40-rgb.jpg,https://www.benjaminmoore.com/en-us/paint-colors/color/2058-40/cool-blue,2024-07-30T13:28:59Z,2024-07-30T13:28:58Z,Cool Blue,1,,"{'title': 'Cool <em>Blue</em> 2058-40 | Benjamin Moore', 'sections': 'Cool <em>Blue</em>', 'description': 'Capturing the cerulean sparkle of tropical waters, this medium <em>blue</em> exudes calm and ease.', 'color_name': 'Cool <em>Blue</em>', 'page_path': '&#x2F;en-us&#x2F;paint-colors&#x2F;color&#x2F;2058-40&#x2F;cool-<em>blue</em>', 'Family': '<em>Blue</em>'}",6242f74364441f4d8000393a,Blue,Medium,"['Interior', 'Exterior']",true,Color Preview&reg;,,"['Bright', 'Chaming']","['Cabinet', 'Living Room']",Coastal
"['Icy Blue', 'Matching Colors', 'Different Shades', 'Similar Colors', 'Color By Family']",/en-us/paint-colors/color/2057-70/icy-blue,Icy Blue 2057-70 | Benjamin Moore,Color,2057-70,"An ultra-light, crisp blue that recalls the fresh frost of early morning.",798ff83d5cb753c7a3ea68095cd9b858a15d4f4d,,,D5EBEE,https://media.benjaminmoore.com/WebServices/prod/cdp/836x1045/blue-paint-108-icy-blue-2057-70-rgb.jpg,https://www.benjaminmoore.com/en-us/paint-colors/color/2057-70/icy-blue,2024-07-30T13:40:01Z,2024-07-30T13:40:01Z,Icy Blue,1,,"{'title': 'Icy <em>Blue</em> 2057-70 | Benjamin Moore', 'sections': 'Icy <em>Blue</em>', 'description': 'An ultra-light, crisp <em>blue</em> that recalls the fresh frost of early morning.', 'color_name': 'Icy <em>Blue</em>', 'page_path': '&#x2F;en-us&#x2F;paint-colors&#x2F;color&#x2F;2057-70&#x2F;icy-<em>blue</em>', 'Family': '<em>Blue</em>'}",6242e4ede7b9d2fdcb0f4618,Blue,Light,"['Interior', 'Exterior']",true,Color Preview&reg;,,,,
"['Yosemite Blue', 'Matching Colors', 'Different Shades', 'Similar Colors', 'Color By Family']",/en-us/paint-colors/color/2059-40/yosemite-blue,Yosemite Blue 2059-40 | Benjamin Moore,Color,2059-40,A vibrant cerulean that captures the promise of wide open spaces and endless blue skies.,ebdd3111510e292d77ee24652d90643291fcce9f,,,17A1C8,https://media.benjaminmoore.com/WebServices/prod/cdp/836x1045/blue-paint-145-yosemite-blue-2059-40-rgb.jpg,https://www.benjaminmoore.com/en-us/paint-colors/color/2059-40/yosemite-blue,2024-07-31T00:45:11Z,2024-07-31T00:45:11Z,Yosemite Blue,1,,"{'title': 'Yosemite <em>Blue</em> 2059-40 | Benjamin Moore', 'sections': 'Yosemite <em>Blue</em>', 'description': 'A vibrant cerulean that captures the promise of wide open spaces and endless <em>blue</em> skies.', 'color_name': 'Yosemite <em>Blue</em>', 'page_path': '&#x2F;en-us&#x2F;paint-colors&#x2F;color&#x2F;2059-40&#x2F;yosemite-<em>blue</em>', 'Family': '<em>Blue</em>'}",624311d664441fb49f0045a3,Blue,Medium,"['Interior', 'Exterior']",true,Color Preview&reg;,,,,
"['Blue Gaspe', 'Matching Colors', 'Similar Colors', 'Color By Family']",/en-us/paint-colors/color/cc-900/blue-gaspe,Blue Gaspe CC-900 | Benjamin Moore,Color,CC-900,"A dark, muted mix of purple and blue, this distinctive hue evokes the romance of the sea at night.",395f80f74f13d01f6bdfe21bf9d1bc30d18f0a05,,,5C6274,https://media.benjaminmoore.com/WebServices/prod/cdp/836x1045/purple-paint-165-blue-gaspe-CC-900-rgb.jpg,https://www.benjaminmoore.com/en-us/paint-colors/color/cc-900/blue-gaspe,2024-07-31T04:54:25Z,2024-07-03T15:45:21Z,Blue Gaspe,1,,"{'title': '<em>Blue</em> Gaspe CC-900 | Benjamin Moore', 'sections': '<em>Blue</em> Gaspe', 'description': 'A dark, muted mix of purple and <em>blue</em>, this distinctive hue evokes the romance of the sea at night.', 'color_name': '<em>Blue</em> Gaspe', 'page_path': '&#x2F;en-us&#x2F;paint-colors&#x2F;color&#x2F;cc-900&#x2F;<em>blue</em>-gaspe'}",62431548196a679087897032,Violet,Dark,Interior,true,Designer Classics,,,,
"['Electric Blue', 'Matching Colors', 'Different Shades', 'Similar Colors', 'Color By Family']",/en-us/paint-colors/color/2061-40/electric-blue,Electric Blue 2061-40 | Benjamin Moore,Color,2061-40,A charming cerulean blue that has a fun retro feel but also plenty of modern-day appeal.,a0a42a14caaa7fefa2abccbc54aaaa664e5c4abb,Medium,Cool,3E90B8,https://media.benjaminmoore.com/WebServices/prod/cdp/836x1045/blue-paint-142-electric-blue-2061-40-rgb.jpg,https://www.benjaminmoore.com/en-us/paint-colors/color/2061-40/electric-blue,2024-07-22T04:14:57Z,2024-07-22T04:14:56Z,Electric Blue,1,,"{'title': 'Electric <em>Blue</em> 2061-40 | Benjamin Moore', 'sections': 'Electric <em>Blue</em>', 'description': 'A charming cerulean <em>blue</em> that has a fun retro feel but also plenty of modern-day appeal.', 'color_name': 'Electric <em>Blue</em>', 'page_path': '&#x2F;en-us&#x2F;paint-colors&#x2F;color&#x2F;2061-40&#x2F;electric-<em>blue</em>'}",6242f19f28ccbcc4b8ddac14,,,,,,,,,
"['Aquarium Blue', 'Matching Colors', 'Different Shades', 'Similar Colors', 'Color By Family']",/en-us/paint-colors/color/2058-50/aquarium-blue,Aquarium Blue 2058-50 | Benjamin Moore,Color,2058-50,A powder blue as refreshing and satisfying as a cool splash of water on a hot day.,09f4090e43a1ad60a1d4e554d576a08199ca7a38,Medium,Cool,80BFD7,https://media.benjaminmoore.com/WebServices/prod/cdp/836x1045/blue-paint-139-aquarium-blue-2058-50-rgb.jpg,https://www.benjaminmoore.com/en-us/paint-colors/color/2058-50/aquarium-blue,2024-07-22T04:23:59Z,2024-07-22T04:23:59Z,Aquarium Blue,1,,"{'title': 'Aquarium <em>Blue</em> 2058-50 | Benjamin Moore', 'sections': 'Aquarium <em>Blue</em>', 'description': 'A powder <em>blue</em> as refreshing and satisfying as a cool splash of water on a hot day.', 'color_name': 'Aquarium <em>Blue</em>', 'page_path': '&#x2F;en-us&#x2F;paint-colors&#x2F;color&#x2F;2058-50&#x2F;aquarium-<em>blue</em>'}",62431140e7b9d27dad0f45ba,,,,,,,,,
"['Silken Blue', 'Matching Colors', 'Different Shades', 'Similar Colors', 'Color By Family']",/en-us/paint-colors/color/csp-670/silken-blue,Silken Blue CSP-670 | Benjamin Moore,Color,CSP-670,"Matching the deep, grayed blue of her eyes, the satin dress fluttered softly in the summer breeze.",c1022a818b87f1dab679138d58d218de502646f9,Medium,Cool,9BAFB1,https://media.benjaminmoore.com/WebServices/prod/cdp/836x1045/blue-paint-134-silken-blue-CSP-670-rgb.jpg,https://www.benjaminmoore.com/en-us/paint-colors/color/csp-670/silken-blue,2024-07-21T21:35:55Z,2024-07-21T21:35:54Z,Silken Blue,1,,"{'title': 'Silken <em>Blue</em> CSP-670 | Benjamin Moore', 'sections': 'Silken <em>Blue</em>', 'description': 'Matching the deep, grayed <em>blue</em> of her eyes, the satin dress fluttered softly in the summer breeze.', 'color_name': 'Silken <em>Blue</em>', 'page_path': '&#x2F;en-us&#x2F;paint-colors&#x2F;color&#x2F;csp-670&#x2F;silken-<em>blue</em>'}",624319fa196a672efb895171,,,,,,,,,
"['Blue Flower', 'Matching Colors', 'Different Shades', 'Similar Colors', 'Color By Family']",/en-us/paint-colors/color/2057-60/blue-flower,Blue Flower 2057-60 | Benjamin Moore,Color,2057-60,"Conjuring fields of wildflowers dancing in the early morning sun, this powder blue is carefree and easy.",5bcbb46bc0220ed0f2d3b23bd97a1c6d749aa420,,,B5DAE4,https://media.benjaminmoore.com/WebServices/prod/cdp/836x1045/blue-paint-108-blue-flower-2057-60-rgb.jpg,https://www.benjaminmoore.com/en-us/paint-colors/color/2057-60/blue-flower,2024-07-30T13:29:08Z,2024-07-30T13:29:07Z,Blue Flower,1,,"{'title': '<em>Blue</em> Flower 2057-60 | Benjamin Moore', 'sections': '<em>Blue</em> Flower', 'description': 'Conjuring fields of wildflowers dancing in the early morning sun, this powder <em>blue</em> is carefree and easy.', 'color_name': '<em>Blue</em> Flower', 'page_path': '&#x2F;en-us&#x2F;paint-colors&#x2F;color&#x2F;2057-60&#x2F;<em>blue</em>-flower', 'Family': '<em>Blue</em>'}",6242e4f6e7b9d2020b0f4fea,Blue,Light,"['Interior', 'Exterior']",true,Color Preview&reg;,,,,
"['Palace Blue', 'Matching Colors', 'Color By Family']",/en-us/paint-colors/color/cw-605/palace-blue,Palace Blue CW-605 | Benjamin Moore,Color,CW-605,"To create this sophisticated shade, researchers referenced 1770s descriptions and the inventory, orders and account books of Lord Botetourt for blue wallpaper at the Governor's Palace.",392c67206e511a5ac12d426843bde11654932e40,Medium,Cool,5D9FB6,https://media.benjaminmoore.com/WebServices/prod/cdp/836x1045/blue-paint-129-palace-blue-CW-605-rgb.jpg,https://www.benjaminmoore.com/en-us/paint-colors/color/cw-605/palace-blue,2024-07-21T03:11:14Z,2024-07-21T03:11:14Z,Palace Blue,1,,"{'title': 'Palace <em>Blue</em> CW-605 | Benjamin Moore', 'sections': 'Palace <em>Blue</em>', 'description': 'To create this sophisticated shade, researchers referenced 1770s descriptions and the inventory, orders and account books of Lord Botetourt for <em>blue</em> wallpaper at the Governor&#x27;s Palace.', 'color_name': 'Palace <em>Blue</em>', 'page_path': '&#x2F;en-us&#x2F;paint-colors&#x2F;color&#x2F;cw-605&#x2F;palace-<em>blue</em>'}",62473e97196a676031894ee5,,,,,,,,,
"['Everard Blue', 'Matching Colors', 'Color By Family']",/en-us/paint-colors/color/cw-575/everard-blue,Everard Blue CW-575 | Benjamin Moore,Color,CW-575,"Shades of green shine through this deep, rich blue, based on a 1720s interior color found in the Thomas Everard House on Palace Green.",8b268ed0e871d12362e0a5e34f3b203ff09ec306,Dark,Cool,3D5459,https://media.benjaminmoore.com/WebServices/prod/cdp/836x1045/blue-paint-127-everard-blue-CW-575-rgb.jpg,https://www.benjaminmoore.com/en-us/paint-colors/color/cw-575/everard-blue,2024-07-20T14:55:35Z,2024-07-20T14:55:34Z,Everard Blue,1,,"{'title': 'Everard <em>Blue</em> CW-575 | Benjamin Moore', 'sections': 'Everard <em>Blue</em>', 'description': 'Shades of green shine through this deep, rich <em>blue</em>, based on a 1720s interior color found in the Thomas Everard House on Palace Green.', 'color_name': 'Everard <em>Blue</em>', 'page_path': '&#x2F;en-us&#x2F;paint-colors&#x2F;color&#x2F;cw-575&#x2F;everard-<em>blue</em>'}",62473e7264441fa390005cfa,,,,,,,,,
"['Finley Blue', 'Matching Colors', 'Color By Family']",/en-us/paint-colors/color/cw-620/finley-blue,Finley Blue CW-620 | Benjamin Moore,Color,CW-620,"This historically accurate color is based on known examples of 18th century blue paint. Gracious and genteel, its rich, deeply concentrated hue complements rooms filled with heirloom antiques.",3e9775ab246a24ba7d920f53f7ff829fc2eeedc0,Medium,Cool,4580A8,https://media.benjaminmoore.com/WebServices/prod/cdp/836x1045/blue-paint-135-finley-blue-CW-620-rgb.jpg,https://www.benjaminmoore.com/en-us/paint-colors/color/cw-620/finley-blue,2024-07-20T20:46:53Z,2024-07-20T20:46:52Z,Finley Blue,1,,"{'title': 'Finley <em>Blue</em> CW-620 | Benjamin Moore', 'sections': 'Finley <em>Blue</em>', 'description': 'This historically accurate color is based on known examples of 18th century <em>blue</em> paint. Gracious and genteel, its rich, deeply concentrated hue complements rooms filled with heirloom antiques.', 'color_name': 'Finley <em>Blue</em>', 'page_path': '&#x2F;en-us&#x2F;paint-colors&#x2F;color&#x2F;cw-620&#x2F;finley-<em>blue</em>'}",62473ea028ccbc379bddb78e,,,,,,,,,
"['Brush Blue', 'Matching Colors', 'Color By Family']",/en-us/paint-colors/color/cw-675/brush-blue,Brush Blue CW-675 | Benjamin Moore,Color,CW-675,"An 18th century color found by researchers on the second floor of the Brush Everard house was the inspiration for this dense, very dramatic shade of blue-black.",677e1001cf977ac40058c98a757e6ddadedcd245,,,414F57,https://media.benjaminmoore.com/WebServices/prod/cdp/836x1045/neutral-paint-143-brush-blue-CW-675-rgb.jpg,https://www.benjaminmoore.com/en-us/paint-colors/color/cw-675/brush-blue,2024-07-30T13:27:06Z,2024-07-03T13:27:35Z,Brush Blue,1,,"{'title': 'Brush <em>Blue</em> CW-675 | Benjamin Moore', 'sections': 'Brush <em>Blue</em>', 'description': 'An 18th century color found by researchers on the second floor of the Brush Everard house was the inspiration for this dense, very dramatic shade of <em>blue</em>-black.', 'color_name': 'Brush <em>Blue</em>', 'page_path': '&#x2F;en-us&#x2F;paint-colors&#x2F;color&#x2F;cw-675&#x2F;brush-<em>blue</em>'}",6435a79628ccbc5ee0f4ff47,Neutral,Dark,"['Interior', 'Exterior']",true,Williamsburg&reg; Paint Color Collection,,,,
"['Blue Lapis', 'Matching Colors', 'Different Shades', 'Similar Colors', 'Color By Family']",/en-us/paint-colors/color/2067-40/blue-lapis,Blue Lapis 2067-40 | Benjamin Moore,Color,2067-40,An attractive mid-tone that echoes the unreal shades of blue and violet that can be found in storied lapis lazuli.,8c5e022a9d80cab4d401ce5d9ff60ed1e197c354,Medium,Cool,6289C6,https://media.benjaminmoore.com/WebServices/prod/cdp/836x1045/blue-paint-167-blue-lapis-2067-40-rgb.jpg,https://www.benjaminmoore.com/en-us/paint-colors/color/2067-40/blue-lapis,2024-07-21T20:13:48Z,2024-07-21T20:13:47Z,Blue Lapis,1,,"{'title': '<em>Blue</em> Lapis 2067-40 | Benjamin Moore', 'sections': '<em>Blue</em> Lapis', 'description': 'An attractive mid-tone that echoes the unreal shades of <em>blue</em> and violet that can be found in storied lapis lazuli.', 'color_name': '<em>Blue</em> Lapis', 'page_path': '&#x2F;en-us&#x2F;paint-colors&#x2F;color&#x2F;2067-40&#x2F;<em>blue</em>-lapis'}",6242753264441fbd85003ece,,,,,,,,,
"['Summer Blue', 'Matching Colors', 'Different Shades', 'Similar Colors', 'Color By Family']",/en-us/paint-colors/color/2067-50/summer-blue,Summer Blue 2067-50 | Benjamin Moore,Color,2067-50,"As appealing as jumping into a pool on a hot day, this refreshing cornflower blue is distinguished by charming violet undertones.",9207a6e2b9715b723cce3252536efc86bf6655c7,Medium,Cool,92B3E0,https://media.benjaminmoore.com/WebServices/prod/cdp/836x1045/blue-paint-167-summer-blue-2067-50-rgb.jpg,https://www.benjaminmoore.com/en-us/paint-colors/color/2067-50/summer-blue,2024-07-21T20:43:01Z,2024-07-21T20:43:01Z,Summer Blue,1,,"{'title': 'Summer <em>Blue</em> 2067-50 | Benjamin Moore', 'sections': 'Summer <em>Blue</em>', 'description': 'As appealing as jumping into a pool on a hot day, this refreshing cornflower <em>blue</em> is distinguished by charming violet undertones.', 'color_name': 'Summer <em>Blue</em>', 'page_path': '&#x2F;en-us&#x2F;paint-colors&#x2F;color&#x2F;2067-50&#x2F;summer-<em>blue</em>'}",624274fb196a67603a895c49,,,,,,,,,
"['Bracken Blue', 'Matching Colors', 'Color By Family']",/en-us/paint-colors/color/cw-600/bracken-blue,Bracken Blue CW-600 | Benjamin Moore,Color,CW-600,"Opulent and a touch offbeat, this glamorous shade of blue, a part of Colonial Williamsburg's colonial revival color palette, adds a layer of attention-getting style to any space.",fb3f1cdba00221b17fdaa179b2da784bc237696b,Medium,Cool,69A2AB,https://media.benjaminmoore.com/WebServices/prod/cdp/836x1045/blue-paint-132-bracken-blue-CW-600-rgb.jpg,https://www.benjaminmoore.com/en-us/paint-colors/color/cw-600/bracken-blue,2024-06-28T18:51:59Z,2024-06-28T18:51:59Z,Bracken Blue,1,,"{'title': 'Bracken <em>Blue</em> CW-600 | Benjamin Moore', 'sections': 'Bracken <em>Blue</em>', 'description': 'Opulent and a touch offbeat, this glamorous shade of <em>blue</em>, a part of Colonial Williamsburg&#x27;s colonial revival color palette, adds a layer of attention-getting style to any space.', 'color_name': 'Bracken <em>Blue</em>', 'page_path': '&#x2F;en-us&#x2F;paint-colors&#x2F;color&#x2F;cw-600&#x2F;bracken-<em>blue</em>'}",62473ec764441f892f003832,,,,,,,,,
"[""Wetherburn's Blue"", 'Matching Colors', 'Color By Family']",/en-us/paint-colors/color/cw-580/wetherburns-blue,Wetherburn's Blue CW-580 | Benjamin Moore,Color,CW-580,"This lush blue with a touch of green is based on a mid-18th century interior color found at Wetherburn's Tavern, one of the most thoroughly documented buildings in the Historic Area.",49d73878e4efd5619f46a87b3d64e9a7d541b4b4,,,6F8486,https://media.benjaminmoore.com/WebServices/prod/cdp/836x1045/blue-paint-127-wetherburns-blue-CW-580-rgb.jpg,https://www.benjaminmoore.com/en-us/paint-colors/color/cw-580/wetherburns-blue,2024-07-30T21:24:31Z,2024-07-03T14:03:10Z,Wetherburn's Blue,1,,"{'title': 'Wetherburn&#x27;s <em>Blue</em> CW-580 | Benjamin Moore', 'sections': 'Wetherburn&#x27;s <em>Blue</em>', 'description': 'This lush <em>blue</em> with a touch of green is based on a mid-18th century interior color found at Wetherburn&#x27;s Tavern, one of the most thoroughly documented buildings in the Historic Area.', 'color_name': 'Wetherburn&#x27;s <em>Blue</em>', 'page_path': '&#x2F;en-us&#x2F;paint-colors&#x2F;color&#x2F;cw-580&#x2F;wetherburns-<em>blue</em>', 'Family': '<em>Blue</em>'}",62473dbe196a67229e894f4e,Blue,Medium,"['Interior', 'Exterior']",true,Williamsburg&reg; Paint Color Collection,,,,
"['Rhythm and Blues', 'Matching Colors', 'Different Shades', 'Similar Colors', 'Color By Family']",/en-us/paint-colors/color/758/rhythm-and-blues,Rhythm and Blues 758 | Benjamin Moore,Color,758,A vibrant sky blue that brings a pop of cheer to any space.,24b28a5d9335e824a6958ece454ba091bf161772,,,8AD0DB,https://media.benjaminmoore.com/WebServices/prod/cdp/836x1045/blue-paint-139-rhythm-and-blues-758-rgb.jpg,https://www.benjaminmoore.com/en-us/paint-colors/color/758/rhythm-and-blues,2024-07-30T20:43:50Z,2024-07-30T20:43:50Z,Rhythm and Blues,1,,"{'title': 'Rhythm and <em>Blues</em> 758 | Benjamin Moore', 'sections': 'Rhythm and <em>Blues</em>', 'description': 'A vibrant sky <em>blue</em> that brings a pop of cheer to any space.', 'color_name': 'Rhythm and <em>Blues</em>', 'page_path': '&#x2F;en-us&#x2F;paint-colors&#x2F;color&#x2F;758&#x2F;rhythm-and-<em>blues</em>', 'Family': '<em>Blue</em>'}",6243057564441f66ec004752,Blue,Medium,"['Interior', 'Exterior']",true,Benjamin Moore Classics&reg;,,,,
"['Maritime Blue', 'Matching Colors', 'Different Shades', 'Similar Colors', 'Color By Family']",/en-us/paint-colors/color/667/maritime-blue,Maritime Blue 667 | Benjamin Moore,Color,667,A graceful aqua hue punctuated by an extra hint of green.,8de0bad9a26acd4ab028d252c0630bb645e3307c,Light,Cool,B2DDD6,https://media.benjaminmoore.com/WebServices/prod/cdp/836x1045/blue-paint-121-maritime-blue-667-rgb.jpg,https://www.benjaminmoore.com/en-us/paint-colors/color/667/maritime-blue,2024-07-22T02:52:57Z,2024-07-22T02:52:57Z,Maritime Blue,1,,"{'title': 'Maritime <em>Blue</em> 667 | Benjamin Moore', 'sections': 'Maritime <em>Blue</em>', 'color_name': 'Maritime <em>Blue</em>', 'page_path': '&#x2F;en-us&#x2F;paint-colors&#x2F;color&#x2F;667&#x2F;maritime-<em>blue</em>'}",624306aee7b9d2283d0f526c,,,,,,,,,
"['Calypso Blue', 'Matching Colors', 'Different Shades', 'Similar Colors', 'Color By Family']",/en-us/paint-colors/color/727/calypso-blue,Calypso Blue 727 | Benjamin Moore,Color,727,"A rich, majestic teal that can infuse a space with festive flair and sophisticated drama.",57af9fa0a0f6317cd9d3fd787666d0e5a2a08232,Dark,Cool,397A85,https://media.benjaminmoore.com/WebServices/prod/cdp/836x1045/blue-paint-136-calypso-blue-727-rgb.jpg,https://www.benjaminmoore.com/en-us/paint-colors/color/727/calypso-blue,2024-07-22T04:00:22Z,2024-07-22T04:00:22Z,Calypso Blue,1,,"{'title': 'Calypso <em>Blue</em> 727 | Benjamin Moore', 'sections': 'Calypso <em>Blue</em>', 'color_name': 'Calypso <em>Blue</em>', 'page_path': '&#x2F;en-us&#x2F;paint-colors&#x2F;color&#x2F;727&#x2F;calypso-<em>blue</em>'}",624270afe7b9d20c3f0f5101,,,,,,,,,
"['Calico Blue', 'Matching Colors', 'Different Shades', 'Similar Colors', 'Color By Family']",/en-us/paint-colors/color/707/calico-blue,Calico Blue 707 | Benjamin Moore,Color,707,"A dark, mossy green that offers a unique alternative to black or brown.",2e4917f9d767d19793907a9fdad0a4a72ad9144a,Dark,Cool,4A5950,https://media.benjaminmoore.com/WebServices/prod/cdp/836x1045/green-paint-120-calico-blue-707-rgb.jpg,https://www.benjaminmoore.com/en-us/paint-colors/color/707/calico-blue,2024-07-21T23:44:15Z,2024-07-21T23:44:15Z,Calico Blue,1,,"{'title': 'Calico <em>Blue</em> 707 | Benjamin Moore', 'sections': 'Calico <em>Blue</em>', 'color_name': 'Calico <em>Blue</em>', 'page_path': '&#x2F;en-us&#x2F;paint-colors&#x2F;color&#x2F;707&#x2F;calico-<em>blue</em>'}",6242f15f196a6737bc8949d5,,,,,,Gray,,,
"['Blue Ice', 'Matching Colors', 'Different Shades', 'Similar Colors', 'Color By Family']",/en-us/paint-colors/color/821/blue-ice,Blue Ice 821 | Benjamin Moore,Color,821,A charming periwinkle hue that dips slightly into lilac.,9d6cd00b26420b6799223b89a1ad42e4f8b45819,Light,Cool,BACBDF,https://media.benjaminmoore.com/WebServices/prod/cdp/836x1045/blue-paint-162-blue-ice-821-rgb.jpg,https://www.benjaminmoore.com/en-us/paint-colors/color/821/blue-ice,2024-07-21T20:43:57Z,2024-07-21T20:43:57Z,Blue Ice,1,,"{'title': '<em>Blue</em> Ice 821 | Benjamin Moore', 'sections': '<em>Blue</em> Ice', 'color_name': '<em>Blue</em> Ice', 'page_path': '&#x2F;en-us&#x2F;paint-colors&#x2F;color&#x2F;821&#x2F;<em>blue</em>-ice'}",6242f1e164441fc426004ec5,,,,,,,,,
"['Lavender Blue', 'Matching Colors', 'Different Shades', 'Similar Colors', 'Color By Family']",/en-us/paint-colors/color/1438/lavender-blue,Lavender Blue 1438 | Benjamin Moore,Color,1438,"A heavy dose of gray deepens this periwinkle to create a welcoming, elegant hue.",3295b350800b0160b95e79ab3c2d0c6166e64a02,Medium,Cool,B3B9C7,https://media.benjaminmoore.com/WebServices/prod/cdp/836x1045/blue-paint-163-lavender-blue-1438-rgb.jpg,https://www.benjaminmoore.com/en-us/paint-colors/color/1438/lavender-blue,2024-07-21T20:07:47Z,2024-07-21T20:07:47Z,Lavender Blue,1,,"{'title': 'Lavender <em>Blue</em> 1438 | Benjamin Moore', 'sections': 'Lavender <em>Blue</em>', 'color_name': 'Lavender <em>Blue</em>', 'page_path': '&#x2F;en-us&#x2F;paint-colors&#x2F;color&#x2F;1438&#x2F;lavender-<em>blue</em>'}",62426c0028ccbcc76addaad6,,,,,,,,,
"['Chicago Blues', 'Matching Colors', 'Different Shades', 'Similar Colors', 'Color By Family']",/en-us/paint-colors/color/804/chicago-blues,Chicago Blues 804 | Benjamin Moore,Color,804,"Dusty gray tones bring a romantic, nostalgic sheen to this azure hue.",683e829f9af27f07e9228b8c0739f8b0c9c46db9,Dark,Cool,40729C,https://media.benjaminmoore.com/WebServices/prod/cdp/836x1045/blue-paint-138-chicago-blues-804-rgb.jpg,https://www.benjaminmoore.com/en-us/paint-colors/color/804/chicago-blues,2024-07-21T21:36:50Z,2024-07-21T21:36:49Z,Chicago Blues,1,,"{'title': 'Chicago <em>Blues</em> 804 | Benjamin Moore', 'sections': 'Chicago <em>Blues</em>', 'color_name': 'Chicago <em>Blues</em>', 'page_path': '&#x2F;en-us&#x2F;paint-colors&#x2F;color&#x2F;804&#x2F;chicago-<em>blues</em>'}",62424c2c196a67adad8950b0,,,,,,,,,
"['Blue Pearl', 'Matching Colors', 'Different Shades', 'Similar Colors', 'Color By Family']",/en-us/paint-colors/color/1433/blue-pearl,Blue Pearl 1433 | Benjamin Moore,Color,1433,A unique bluish purple that conveys sweetness and serenity.,3f009b810482bc688d9e14a911dddd582c09e7e6,Medium,Cool,93A0BD,https://media.benjaminmoore.com/WebServices/prod/cdp/836x1045/purple-paint-165-blue-pearl-1433-rgb.jpg,https://www.benjaminmoore.com/en-us/paint-colors/color/1433/blue-pearl,2024-07-21T20:00:01Z,2024-07-21T20:00:00Z,Blue Pearl,1,,"{'title': '<em>Blue</em> Pearl 1433 | Benjamin Moore', 'sections': '<em>Blue</em> Pearl', 'color_name': '<em>Blue</em> Pearl', 'page_path': '&#x2F;en-us&#x2F;paint-colors&#x2F;color&#x2F;1433&#x2F;<em>blue</em>-pearl'}",6242ecade7b9d24c060f3ece,,,,,,,,,
"['Celestia Blue', 'Matching Colors', 'Different Shades', 'Similar Colors', 'Color By Family']",/en-us/paint-colors/color/1429/celestia-blue,Celestia Blue 1429 | Benjamin Moore,Color,1429,"Suggestive of a lightning storm on a summer evening, this pale purple has a soft touch of gray.",75ab5440209ceea0b25397b92fc72b40721ebfbc,Light,Cool,D0D5E3,https://media.benjaminmoore.com/WebServices/prod/cdp/836x1045/purple-paint-165-celestia-blue-1429-rgb.jpg,https://www.benjaminmoore.com/en-us/paint-colors/color/1429/celestia-blue,2024-07-22T00:22:38Z,2024-07-22T00:22:37Z,Celestia Blue,1,,"{'title': 'Celestia <em>Blue</em> 1429 | Benjamin Moore', 'sections': 'Celestia <em>Blue</em>', 'color_name': 'Celestia <em>Blue</em>', 'page_path': '&#x2F;en-us&#x2F;paint-colors&#x2F;color&#x2F;1429&#x2F;celestia-<em>blue</em>'}",6242ec43e7b9d215c80f43d4,,,,,,,,,
"['Burbank Blue', 'Matching Colors', 'Different Shades', 'Similar Colors', 'Color By Family']",/en-us/paint-colors/color/732/burbank-blue,Burbank Blue 732 | Benjamin Moore,Color,732,A saturated shade of turquoise that shows off an assured sense of style.,179963a70aa037db5d077e6e15dbfa32577d5cfa,Medium,Cool,68C1C3,https://media.benjaminmoore.com/WebServices/prod/cdp/836x1045/blue-paint-124-burbank-blue-732-rgb.jpg,https://www.benjaminmoore.com/en-us/paint-colors/color/732/burbank-blue,2024-07-22T03:40:27Z,2024-07-22T03:40:27Z,Burbank Blue,1,,"{'title': 'Burbank <em>Blue</em> 732 | Benjamin Moore', 'sections': 'Burbank <em>Blue</em>', 'color_name': 'Burbank <em>Blue</em>', 'page_path': '&#x2F;en-us&#x2F;paint-colors&#x2F;color&#x2F;732&#x2F;burbank-<em>blue</em>'}",62431175196a6707f68965a0,,,,,,,,,
"['Varsity Blues', 'Matching Colors', 'Different Shades', 'Similar Colors', 'Color By Family']",/en-us/paint-colors/color/756/varsity-blues,Varsity Blues 756 | Benjamin Moore,Color,756,"A decadent shade of teal green, this unique hue pays homage to Old World elegance and also feels utterly fresh.",0f04ef59a9ef74bc72b5e8ab7357e65ad886dc74,Dark,Cool,226977,https://media.benjaminmoore.com/WebServices/prod/cdp/836x1045/blue-paint-129-varsity-blues-756-rgb.jpg,https://www.benjaminmoore.com/en-us/paint-colors/color/756/varsity-blues,2024-07-22T04:00:26Z,2024-07-22T04:00:26Z,Varsity Blues,1,,"{'title': 'Varsity <em>Blues</em> 756 | Benjamin Moore', 'sections': 'Varsity <em>Blues</em>', 'color_name': 'Varsity <em>Blues</em>', 'page_path': '&#x2F;en-us&#x2F;paint-colors&#x2F;color&#x2F;756&#x2F;varsity-<em>blues</em>'}",6242e428e7b9d2f5aa0f4fbc,,,,,,,,,
"['Galt Blue', 'Matching Colors', 'Color By Family']",/en-us/paint-colors/color/cw-560/galt-blue,Galt Blue CW-560 | Benjamin Moore,Color,CW-560,"Based on an 18th century interior paint color found by researchers in the Galt dining room, this fun and flattering shade has a graceful, vintage quality.",7e8bccff4fad5f8a8d73848c27c2441b0030b2d4,Light,Cool,BED6CD,https://media.benjaminmoore.com/WebServices/prod/cdp/836x1045/blue-paint-126-galt-blue-CW-560-rgb.jpg,https://www.benjaminmoore.com/en-us/paint-colors/color/cw-560/galt-blue,2024-07-20T21:05:19Z,2024-07-20T21:05:19Z,Galt Blue,1,,"{'title': 'Galt <em>Blue</em> CW-560 | Benjamin Moore', 'sections': 'Galt <em>Blue</em>', 'color_name': 'Galt <em>Blue</em>', 'page_path': '&#x2F;en-us&#x2F;paint-colors&#x2F;color&#x2F;cw-560&#x2F;galt-<em>blue</em>'}",6247389d28ccbcc2e2ddaa34,,,,,,,,,
"['Blue Pearl', 'Matching Colors', 'Similar Colors', 'Color By Family']",/en-us/paint-colors/color/cc-890/blue-pearl,Blue Pearl CC-890 | Benjamin Moore,Color,CC-890,A unique bluish purple that conveys sweetness and serenity.,24f7a6dba730d5df443e1d0e00554e4cbf08787f,Medium,Cool,93A0BD,https://media.benjaminmoore.com/WebServices/prod/cdp/836x1045/purple-paint-165-blue-pearl-CC-890-rgb.jpg,https://www.benjaminmoore.com/en-us/paint-colors/color/cc-890/blue-pearl,2024-07-20T20:11:06Z,2024-07-20T20:11:06Z,Blue Pearl,1,,"{'title': '<em>Blue</em> Pearl CC-890 | Benjamin Moore', 'sections': '<em>Blue</em> Pearl', 'color_name': '<em>Blue</em> Pearl', 'page_path': '&#x2F;en-us&#x2F;paint-colors&#x2F;color&#x2F;cc-890&#x2F;<em>blue</em>-pearl'}",6247445c28ccbc61ceddbd9d,,,,,,,,,
"['Blue Ice', 'Matching Colors', 'Similar Colors', 'Color By Family']",/en-us/paint-colors/color/cc-850/blue-ice,Blue Ice CC-850 | Benjamin Moore,Color,CC-850,A charming periwinkle hue that dips slightly into lilac.,2c551193a4d4c562348b39b5f163dfd2f811f691,Light,Cool,BACBDF,https://media.benjaminmoore.com/WebServices/prod/cdp/836x1045/blue-paint-162-blue-ice-CC-850-rgb.jpg,https://www.benjaminmoore.com/en-us/paint-colors/color/cc-850/blue-ice,2024-07-20T20:27:00Z,2024-07-20T20:26:59Z,Blue Ice,1,,"{'title': '<em>Blue</em> Ice CC-850 | Benjamin Moore', 'sections': '<em>Blue</em> Ice', 'color_name': '<em>Blue</em> Ice', 'page_path': '&#x2F;en-us&#x2F;paint-colors&#x2F;color&#x2F;cc-850&#x2F;<em>blue</em>-ice'}",6246bf52196a67a0bf896a1d,,,,,,,,,
"['Whipple Blue', 'Matching Colors', 'Similar Colors', 'Color By Family']",/en-us/paint-colors/color/hc-152/whipple-blue,Whipple Blue HC-152 | Benjamin Moore,Color,HC-152,A vibrant cornflower that can subtly energize a space.,e7ff73a5d1cf53b74885d385fee48ed3bad858b5,,,769EB0,https://media.benjaminmoore.com/WebServices/prod/cdp/836x1045/blue-paint-132-whipple-blue-HC-152-rgb.jpg,https://www.benjaminmoore.com/en-us/paint-colors/color/hc-152/whipple-blue,2024-07-30T12:43:33Z,2024-07-30T12:43:32Z,Whipple Blue,1,,"{'title': 'Whipple <em>Blue</em> HC-152 | Benjamin Moore', 'sections': 'Whipple <em>Blue</em>', 'color_name': 'Whipple <em>Blue</em>', 'page_path': '&#x2F;en-us&#x2F;paint-colors&#x2F;color&#x2F;hc-152&#x2F;whipple-<em>blue</em>', 'Family': '<em>Blue</em>'}",6241fed3e7b9d226c20f459e,Blue,Medium,"['Interior', 'Exterior']",true,Historical Colors,,,,
"['Oasis Blue', 'Matching Colors', 'Different Shades', 'Similar Colors', 'Color By Family']",/en-us/paint-colors/color/2049-20/oasis-blue,Oasis Blue 2049-20 | Benjamin Moore,Color,2049-20,"A cross between hunter green and deep teal, this handsome hue exudes class and sophistication.",eeee06bd26b64e43234f4779a89f2b32e2db972c,Dark,Cool,225A5D,https://media.benjaminmoore.com/WebServices/prod/cdp/836x1045/blue-paint-116-oasis-blue-2049-20-rgb.jpg,https://www.benjaminmoore.com/en-us/paint-colors/color/2049-20/oasis-blue,2024-07-22T03:02:05Z,2024-07-22T03:02:05Z,Oasis Blue,1,,"{'title': 'Oasis <em>Blue</em> 2049-20 | Benjamin Moore', 'sections': 'Oasis <em>Blue</em>', 'color_name': 'Oasis <em>Blue</em>', 'page_path': '&#x2F;en-us&#x2F;paint-colors&#x2F;color&#x2F;2049-20&#x2F;oasis-<em>blue</em>'}",6242ccf3e7b9d2e6730f4b34,,,,,,,,,
"['Bermuda Blue', 'Matching Colors', 'Different Shades', 'Similar Colors', 'Color By Family']",/en-us/paint-colors/color/2061-30/bermuda-blue,Bermuda Blue 2061-30 | Benjamin Moore,Color,2061-30,"A rich, alluring cobalt distinguished by teal undertones.",e7a989990c957899c3093bad76c7efaba3a0e4d4,Dark,Cool,185D82,https://media.benjaminmoore.com/WebServices/prod/cdp/836x1045/blue-paint-142-bermuda-blue-2061-30-rgb.jpg,https://www.benjaminmoore.com/en-us/paint-colors/color/2061-30/bermuda-blue,2024-07-22T04:14:51Z,2024-07-22T04:14:51Z,Bermuda Blue,1,,"{'title': 'Bermuda <em>Blue</em> 2061-30 | Benjamin Moore', 'sections': 'Bermuda <em>Blue</em>', 'color_name': 'Bermuda <em>Blue</em>', 'page_path': '&#x2F;en-us&#x2F;paint-colors&#x2F;color&#x2F;2061-30&#x2F;bermuda-<em>blue</em>'}",6242c02a196a67b125896bca,,,,,,,,,
"['California Blue', 'Matching Colors', 'Different Shades', 'Similar Colors', 'Color By Family']",/en-us/paint-colors/color/2060-20/california-blue,California Blue 2060-20 | Benjamin Moore,Color,2060-20,"A deep, mesmerizing sapphire with the slightest glint of green.",b7c85d5e2bef9ad1a534b2388b4ba233d4aadd6c,Dark,Cool,005381,https://media.benjaminmoore.com/WebServices/prod/cdp/836x1045/blue-paint-141-california-blue-2060-20-rgb.jpg,https://www.benjaminmoore.com/en-us/paint-colors/color/2060-20/california-blue,2024-07-21T23:35:18Z,2024-07-21T23:35:18Z,California Blue,1,,"{'title': 'California <em>Blue</em> 2060-20 | Benjamin Moore', 'sections': 'California <em>Blue</em>', 'color_name': 'California <em>Blue</em>', 'page_path': '&#x2F;en-us&#x2F;paint-colors&#x2F;color&#x2F;2060-20&#x2F;california-<em>blue</em>'}",6242c047196a679c20896e02,,,,,,,,,
"['Seaport Blue', 'Matching Colors', 'Different Shades', 'Similar Colors', 'Color By Family']",/en-us/paint-colors/color/2060-30/seaport-blue,Seaport Blue 2060-30 | Benjamin Moore,Color,2060-30,"A bright, saturated azure that reflects the dazzling convergence of sun and sea.",50bb44418fc7e9cd5870c247a57cc73637688cb5,Dark,Cool,006EA1,https://media.benjaminmoore.com/WebServices/prod/cdp/836x1045/blue-paint-141-seaport-blue-2060-30-rgb.jpg,https://www.benjaminmoore.com/en-us/paint-colors/color/2060-30/seaport-blue,2024-07-22T01:12:13Z,2024-07-22T01:12:12Z,Seaport Blue,1,,"{'title': 'Seaport <em>Blue</em> 2060-30 | Benjamin Moore', 'sections': 'Seaport <em>Blue</em>', 'color_name': 'Seaport <em>Blue</em>', 'page_path': '&#x2F;en-us&#x2F;paint-colors&#x2F;color&#x2F;2060-30&#x2F;seaport-<em>blue</em>'}",6242fe1428ccbc7789ddba78,,,,,,,,,
"['Admiral Blue', 'Matching Colors', 'Different Shades', 'Similar Colors', 'Color By Family']",/en-us/paint-colors/color/2065-10/admiral-blue,Admiral Blue 2065-10 | Benjamin Moore,Color,2065-10,An almost-black shade of navy infused with inky violet undertones.,9780553c2b751b2ec62b824a6f0f40a4e6b63f18,Dark,Cool,2B3762,https://media.benjaminmoore.com/WebServices/prod/cdp/836x1045/blue-paint-144-admiral-blue-2065-10-rgb.jpg,https://www.benjaminmoore.com/en-us/paint-colors/color/2065-10/admiral-blue,2024-07-22T01:09:45Z,2024-07-22T01:09:44Z,Admiral Blue,1,,"{'title': 'Admiral <em>Blue</em> 2065-10 | Benjamin Moore', 'sections': 'Admiral <em>Blue</em>', 'color_name': 'Admiral <em>Blue</em>', 'page_path': '&#x2F;en-us&#x2F;paint-colors&#x2F;color&#x2F;2065-10&#x2F;admiral-<em>blue</em>'}",6242ca30196a674a1b894e41,,,,,,,,,
"['Twilight Blue', 'Matching Colors', 'Different Shades', 'Similar Colors', 'Color By Family']",/en-us/paint-colors/color/2067-30/twilight-blue,Twilight Blue 2067-30 | Benjamin Moore,Color,2067-30,A handsome cobalt that captures the beauty of the late evening sky.,30847142a7cea4cc64b9dd39a38c4d2e3a8c851d,Dark,Cool,365496,https://media.benjaminmoore.com/WebServices/prod/cdp/836x1045/blue-paint-167-twilight-blue-2067-30-rgb.jpg,https://www.benjaminmoore.com/en-us/paint-colors/color/2067-30/twilight-blue,2024-07-21T20:46:36Z,2024-07-21T20:46:35Z,Twilight Blue,1,,"{'title': 'Twilight <em>Blue</em> 2067-30 | Benjamin Moore', 'sections': 'Twilight <em>Blue</em>', 'color_name': 'Twilight <em>Blue</em>', 'page_path': '&#x2F;en-us&#x2F;paint-colors&#x2F;color&#x2F;2067-30&#x2F;twilight-<em>blue</em>'}",6242639b196a679105894ff1,,,,,,,,,
"['Majestic Blue', 'Matching Colors', 'Different Shades', 'Similar Colors', 'Color By Family']",/en-us/paint-colors/color/2051-40/majestic-blue,Majestic Blue 2051-40 | Benjamin Moore,Color,2051-40,An enigmatic shade of teal that echoes the understated grandeur of the ocean.,9ea4e36086f1652f07c87c61f9a331cd30476b66,Medium,Cool,629FA0,https://media.benjaminmoore.com/WebServices/prod/cdp/836x1045/blue-paint-119-majestic-blue-2051-40-rgb.jpg,https://www.benjaminmoore.com/en-us/paint-colors/color/2051-40/majestic-blue,2024-07-21T20:01:02Z,2024-07-21T20:01:02Z,Majestic Blue,1,,"{'title': 'Majestic <em>Blue</em> 2051-40 | Benjamin Moore', 'sections': 'Majestic <em>Blue</em>', 'color_name': 'Majestic <em>Blue</em>', 'page_path': '&#x2F;en-us&#x2F;paint-colors&#x2F;color&#x2F;2051-40&#x2F;majestic-<em>blue</em>'}",6242ef8d28ccbc34b1ddac5f,,,,,,,,,
"['Basic Blue', 'Matching Colors', 'Different Shades', 'Similar Colors', 'Color By Family']",/en-us/paint-colors/color/cc-968/basic-blue,Basic Blue CC-968 | Benjamin Moore,Color,CC-968,A straightforward shade of indigo that can be used in countless ways.,2d0c148ae9d21691f5e78e197e72c97b6c268e02,Dark,Cool,3F457D,https://media.benjaminmoore.com/WebServices/prod/cdp/836x1045/blue-paint-162-basic-blue-CC-968-rgb.jpg,https://www.benjaminmoore.com/en-us/paint-colors/color/cc-968/basic-blue,2024-07-21T19:56:06Z,2024-07-03T12:42:22Z,Basic Blue,1,,"{'title': 'Basic <em>Blue</em> CC-968 | Benjamin Moore', 'sections': 'Basic <em>Blue</em>', 'color_name': 'Basic <em>Blue</em>', 'page_path': '&#x2F;en-us&#x2F;paint-colors&#x2F;color&#x2F;cc-968&#x2F;basic-<em>blue</em>'}",6325618e64441fc13610175d,,,,,,,,,
"['Bellbottom Blues', 'Matching Colors', 'Different Shades', 'Similar Colors', 'Color By Family']",/en-us/paint-colors/color/csp-655/bellbottom-blues,Bellbottom Blues CSP-655 | Benjamin Moore,Color,CSP-655,"The same comfortable hue as a pair of perfectly broken-in, denim jeans.",72916769d6d18cd62bf32ffd57329b32c3ae3b2a,Dark,Cool,386B8C,https://media.benjaminmoore.com/WebServices/prod/cdp/836x1045/blue-paint-138-bellbottom-blues-CSP-655-rgb.jpg,https://www.benjaminmoore.com/en-us/paint-colors/color/csp-655/bellbottom-blues,2024-07-21T09:25:42Z,2024-07-21T09:25:41Z,Bellbottom Blues,1,,"{'title': 'Bellbottom <em>Blues</em> CSP-655 | Benjamin Moore', 'sections': 'Bellbottom <em>Blues</em>', 'color_name': 'Bellbottom <em>Blues</em>', 'page_path': '&#x2F;en-us&#x2F;paint-colors&#x2F;color&#x2F;csp-655&#x2F;bellbottom-<em>blues</em>'}",6249676ee7b9d2ef3c0f5ac2,,,,,,,,,
"['Polo Blue', 'Matching Colors', 'Different Shades', 'Similar Colors', 'Color By Family']",/en-us/paint-colors/color/2062-10/polo-blue,Polo Blue 2062-10 | Benjamin Moore,Color,2062-10,"An almost-black shade of navy that brings a sophisticated, assured quality to any space.",72c1995012c0454d21f47132620df0594aae8a3d,Dark,Cool,323A43,https://media.benjaminmoore.com/WebServices/prod/cdp/836x1045/blue-paint-137-polo-blue-2062-10-rgb.jpg,https://www.benjaminmoore.com/en-us/paint-colors/color/2062-10/polo-blue,2024-07-22T00:15:07Z,2024-07-22T00:15:06Z,Polo Blue,1,,"{'title': 'Polo <em>Blue</em> 2062-10 | Benjamin Moore', 'sections': 'Polo <em>Blue</em>', 'color_name': 'Polo <em>Blue</em>', 'page_path': '&#x2F;en-us&#x2F;paint-colors&#x2F;color&#x2F;2062-10&#x2F;polo-<em>blue</em>'}",6242c37ce7b9d24aba0f5f27,,,,,,,,,
"['Laguna Blue', 'Matching Colors', 'Different Shades', 'Similar Colors', 'Color By Family']",/en-us/paint-colors/color/2059-30/laguna-blue,Laguna Blue 2059-30 | Benjamin Moore,Color,2059-30,"Reflecting the deep, cerulean sparkle of the ocean, this vivid hue imbues a room with energy and style.",e400556bfbdf010b39c52bc683085492be9baefb,Dark,Cool,00719C,https://media.benjaminmoore.com/WebServices/prod/cdp/836x1045/blue-paint-145-laguna-blue-2059-30-rgb.jpg,https://www.benjaminmoore.com/en-us/paint-colors/color/2059-30/laguna-blue,2024-07-22T00:11:04Z,2024-07-22T00:11:04Z,Laguna Blue,1,,"{'title': 'Laguna <em>Blue</em> 2059-30 | Benjamin Moore', 'sections': 'Laguna <em>Blue</em>', 'color_name': 'Laguna <em>Blue</em>', 'page_path': '&#x2F;en-us&#x2F;paint-colors&#x2F;color&#x2F;2059-30&#x2F;laguna-<em>blue</em>'}",624311da196a67af6d895246,,,,,,,,,
"['Jamestown Blue', 'Matching Colors', 'Different Shades', 'Similar Colors', 'Color By Family']",/en-us/paint-colors/color/hc-148/jamestown-blue,Jamestown Blue HC-148 | Benjamin Moore,Color,HC-148,A slightly muted cast gives this cornflower hue an appealing lived-in quality.,937701b0e10269bcd4e58699c4d7966a22d21b17,Medium,Cool,82A0A6,https://media.benjaminmoore.com/WebServices/prod/cdp/836x1045/blue-paint-143-jamestown-blue-HC-148-rgb.jpg,https://www.benjaminmoore.com/en-us/paint-colors/color/hc-148/jamestown-blue,2024-07-21T22:38:19Z,2024-07-21T22:38:19Z,Jamestown Blue,1,,"{'title': 'Jamestown <em>Blue</em> HC-148 | Benjamin Moore', 'sections': 'Jamestown <em>Blue</em>', 'color_name': 'Jamestown <em>Blue</em>', 'page_path': '&#x2F;en-us&#x2F;paint-colors&#x2F;color&#x2F;hc-148&#x2F;jamestown-<em>blue</em>'}",6242e40228ccbcf54addac9c,,,,,,,,,
"['Nile Blue', 'Matching Colors', 'Different Shades', 'Similar Colors', 'Color By Family']",/en-us/paint-colors/color/csp-560/nile-blue,Nile Blue CSP-560 | Benjamin Moore,Color,CSP-560,"Like a radiant sapphire in a crown, the famed river gleams in the hot Egyptian sun.",0dce8920fe0f8f7b777526de84ddc05882f6802b,Dark,Cool,4E719A,https://media.benjaminmoore.com/WebServices/prod/cdp/836x1045/blue-paint-142-nile-blue-CSP-560-rgb.jpg,https://www.benjaminmoore.com/en-us/paint-colors/color/csp-560/nile-blue,2024-07-21T19:30:33Z,2024-07-21T19:30:33Z,Nile Blue,1,,"{'title': 'Nile <em>Blue</em> CSP-560 | Benjamin Moore', 'sections': 'Nile <em>Blue</em>', 'color_name': 'Nile <em>Blue</em>', 'page_path': '&#x2F;en-us&#x2F;paint-colors&#x2F;color&#x2F;csp-560&#x2F;nile-<em>blue</em>'}",6242ecbbe7b9d22eda0f4346,,,,,,,,,
"['Hazy Blue', 'Matching Colors', 'Different Shades', 'Similar Colors', 'Color By Family']",/en-us/paint-colors/color/2040-50/hazy-blue,Hazy Blue 2040-50 | Benjamin Moore,Color,2040-50,"Offering an understated pop of color, this eye-pleasing aqua has just the right amount of charm.",5bd2672c8cfb1c839bef7ea31fa424496785a466,Medium,Cool,92C6BB,https://media.benjaminmoore.com/WebServices/prod/cdp/836x1045/green-paint-089-hazy-blue-2040-50-rgb.jpg,https://www.benjaminmoore.com/en-us/paint-colors/color/2040-50/hazy-blue,2024-07-22T03:37:38Z,2024-07-22T03:37:38Z,Hazy Blue,1,,"{'title': 'Hazy <em>Blue</em> 2040-50 | Benjamin Moore', 'sections': 'Hazy <em>Blue</em>', 'color_name': 'Hazy <em>Blue</em>', 'page_path': '&#x2F;en-us&#x2F;paint-colors&#x2F;color&#x2F;2040-50&#x2F;hazy-<em>blue</em>'}",6242f7bde7b9d22eda0f5ef9,,,,,,,,,
"['Scandinavian Blue', 'Matching Colors', 'Different Shades', 'Similar Colors', 'Color By Family']",/en-us/paint-colors/color/2068-30/scandinavian-blue,Scandinavian Blue 2068-30 | Benjamin Moore,Color,2068-30,"Clean and crisp, this vivid purple can instantly beautify a space.",971eb61b01a3d348217e501d169af1e297940b93,Dark,Cool,4E4E8C,https://media.benjaminmoore.com/WebServices/prod/cdp/836x1045/purple-paint-159-scandinavian-blue-2068-30-rgb.jpg,https://www.benjaminmoore.com/en-us/paint-colors/color/2068-30/scandinavian-blue,2024-07-22T03:17:31Z,2024-07-22T03:17:31Z,Scandinavian Blue,1,,"{'title': 'Scandinavian <em>Blue</em> 2068-30 | Benjamin Moore', 'sections': 'Scandinavian <em>Blue</em>', 'color_name': 'Scandinavian <em>Blue</em>', 'page_path': '&#x2F;en-us&#x2F;paint-colors&#x2F;color&#x2F;2068-30&#x2F;scandinavian-<em>blue</em>'}",6242caf764441ffb9e005907,,,,,,,,,
"['Blue Orchid', 'Matching Colors', 'Different Shades', 'Similar Colors', 'Color By Family']",/en-us/paint-colors/color/2069-50/blue-orchid,Blue Orchid 2069-50 | Benjamin Moore,Color,2069-50,A petal-soft shade of light purple that presents a fanciful alternative to gray.,5d8c8f0689b1d1e54d9eda2f9b85b3093d42a42f,Medium,Cool,B8B9D2,https://media.benjaminmoore.com/WebServices/prod/cdp/836x1045/purple-paint-158-blue-orchid-2069-50-rgb.jpg,https://www.benjaminmoore.com/en-us/paint-colors/color/2069-50/blue-orchid,2024-07-22T03:17:32Z,2024-07-22T03:17:32Z,Blue Orchid,1,,"{'title': '<em>Blue</em> Orchid 2069-50 | Benjamin Moore', 'sections': '<em>Blue</em> Orchid', 'color_name': '<em>Blue</em> Orchid', 'page_path': '&#x2F;en-us&#x2F;paint-colors&#x2F;color&#x2F;2069-50&#x2F;<em>blue</em>-orchid'}",6242aac6e7b9d254000f49a8,,,,,,,,,
"['Naples Blue', 'Matching Colors', 'Different Shades', 'Similar Colors', 'Color By Family']",/en-us/paint-colors/color/2057-30/naples-blue,Naples Blue 2057-30 | Benjamin Moore,Color,2057-30,A beguiling teal that has both classic charm and a contemporary sense of style.,5d43ae297bbc6aa33e4f0f152573118e99e78f17,,,136B7B,https://media.benjaminmoore.com/WebServices/prod/cdp/836x1045/blue-paint-108-naples-blue-2057-30-rgb.jpg,https://www.benjaminmoore.com/en-us/paint-colors/color/2057-30/naples-blue,2024-07-30T12:03:56Z,2024-07-30T12:03:55Z,Naples Blue,1,,"{'title': 'Naples <em>Blue</em> 2057-30 | Benjamin Moore', 'sections': 'Naples <em>Blue</em>', 'color_name': 'Naples <em>Blue</em>', 'page_path': '&#x2F;en-us&#x2F;paint-colors&#x2F;color&#x2F;2057-30&#x2F;naples-<em>blue</em>', 'Family': '<em>Blue</em>'}",6242713564441f73e3005d27,Blue,Dark,"['Interior', 'Exterior']",true,Color Preview&reg;,,"['Bright', 'Chaming']","['Cabinet', 'Kitchen', 'Living Room']",Coastal
"['Toronto Blue', 'Matching Colors', 'Different Shades', 'Similar Colors', 'Color By Family']",/en-us/paint-colors/color/2060-40/toronto-blue,Toronto Blue 2060-40 | Benjamin Moore,Color,2060-40,A vivid cerulean shade abounding with optimism.,577faa275f88e95668a1f1e7f90b708232e69533,,,199FCC,https://media.benjaminmoore.com/WebServices/prod/cdp/836x1045/blue-paint-141-toronto-blue-2060-40-rgb.jpg,https://www.benjaminmoore.com/en-us/paint-colors/color/2060-40/toronto-blue,2024-07-30T13:37:44Z,2024-07-30T13:37:43Z,Toronto Blue,1,,"{'title': 'Toronto <em>Blue</em> 2060-40 | Benjamin Moore', 'sections': 'Toronto <em>Blue</em>', 'color_name': 'Toronto <em>Blue</em>', 'page_path': '&#x2F;en-us&#x2F;paint-colors&#x2F;color&#x2F;2060-40&#x2F;toronto-<em>blue</em>', 'Family': '<em>Blue</em>'}",6242fe14e7b9d241a40f4552,Blue,Medium,"['Interior', 'Exterior']",true,Color Preview&reg;,,,,
"['Poolside Blue', 'Matching Colors', 'Different Shades', 'Similar Colors', 'Color By Family']",/en-us/paint-colors/color/2048-40/poolside-blue,Poolside Blue 2048-40 | Benjamin Moore,Color,2048-40,"A vivid turquoise that radiates a fun, carefree attitude.",8a079381725b8ce9ba432973e893156831f1e123,,,1FB9B4,https://media.benjaminmoore.com/WebServices/prod/cdp/836x1045/blue-paint-122-poolside-blue-2048-40-rgb.jpg,https://www.benjaminmoore.com/en-us/paint-colors/color/2048-40/poolside-blue,2024-07-30T15:16:23Z,2024-07-03T16:58:42Z,Poolside Blue,1,,"{'title': 'Poolside <em>Blue</em> 2048-40 | Benjamin Moore', 'sections': 'Poolside <em>Blue</em>', 'color_name': 'Poolside <em>Blue</em>', 'page_path': '&#x2F;en-us&#x2F;paint-colors&#x2F;color&#x2F;2048-40&#x2F;poolside-<em>blue</em>', 'Family': '<em>Blue</em>'}",62431982196a670aea895982,Blue,Medium,"['Interior', 'Exterior']",true,Color Preview&reg;,,,,
"['Surf Blue', 'Matching Colors', 'Different Shades', 'Similar Colors', 'Color By Family']",/en-us/paint-colors/color/2056-30/surf-blue,Surf Blue 2056-30 | Benjamin Moore,Color,2056-30,"A vibrant, head-turning teal that recalls the crash of waves on a faraway beach.",0132619b7f1fb340e8a122574c26d9a2bd77ad4f,,,00808B,https://media.benjaminmoore.com/WebServices/prod/cdp/836x1045/blue-paint-115-surf-blue-2056-30-rgb.jpg,https://www.benjaminmoore.com/en-us/paint-colors/color/2056-30/surf-blue,2024-07-31T00:45:13Z,2024-07-31T00:45:13Z,Surf Blue,1,,"{'title': 'Surf <em>Blue</em> 2056-30 | Benjamin Moore', 'sections': 'Surf <em>Blue</em>', 'color_name': 'Surf <em>Blue</em>', 'page_path': '&#x2F;en-us&#x2F;paint-colors&#x2F;color&#x2F;2056-30&#x2F;surf-<em>blue</em>', 'Family': '<em>Blue</em>'}",624308fa28ccbca91addb934,Blue,Dark,"['Interior', 'Exterior']",true,Color Preview&reg;,,,,
"['Blue Seafoam', 'Matching Colors', 'Different Shades', 'Similar Colors', 'Color By Family']",/en-us/paint-colors/color/2056-60/blue-seafoam,Blue Seafoam 2056-60 | Benjamin Moore,Color,2056-60,An effervescent aqua with sharp green undertones.,2fd8abb9686ae80b72f65b4d4aa8391ad4150333,,,AFE3E9,https://media.benjaminmoore.com/WebServices/prod/cdp/836x1045/blue-paint-115-blue-seafoam-2056-60-rgb.jpg,https://www.benjaminmoore.com/en-us/paint-colors/color/2056-60/blue-seafoam,2024-07-31T00:37:57Z,2024-07-31T00:37:57Z,Blue Seafoam,1,,"{'title': '<em>Blue</em> Seafoam 2056-60 | Benjamin Moore', 'sections': '<em>Blue</em> Seafoam', 'color_name': '<em>Blue</em> Seafoam', 'page_path': '&#x2F;en-us&#x2F;paint-colors&#x2F;color&#x2F;2056-60&#x2F;<em>blue</em>-seafoam', 'Family': '<em>Blue</em>'}",624308a8e7b9d22ebf0f5ee7,Blue,Light,"['Interior', 'Exterior']",true,Color Preview&reg;,,,,
