image,url,sections,page_path,published_at,title,updated_at,type,description,external_id,popularity,info,highlight,id,color_number,ColorValue,WarmCool,color_hex,color_name,Undertone,PrimaryColorFamily,language,Mood,Project,Family,Shade,Interior/Exterior,cdp,Color Collection,Style
https://www.benjaminmoore.com/-/media/sites/benjaminmoore/images/color/color-families/color-families-whites/gentle-whites-update/updated-crops/aug2020_whites_modal_diningroomwithtwigs_890x650.jpg,https://www.benjaminmoore.com/en-us/paint-colors/white,['White Paint Colors'],/en-us/paint-colors/white,2024-08-05T18:42:03Z,White Paint Colors  | Benjamin Moore,2024-07-04T18:42:38Z,Color,"Choose  from a vast option of the best neutral, classic, all-purpose white paint colors for your next interior and exterior painting project. Create the perfect mood for your space with our wide selection of white hues.",44af8c30e8109810cc5e28d98633ce2a19f51693,1,,"{'title': '<em>White</em> Paint Colors  | Benjamin Moore', 'sections': '<em>White</em> Paint Colors', 'description': 'Choose  from a vast option of the best neutral, classic, all-purpose <em>white</em> paint colors for your next interior and exterior painting project. Create the perfect mood for your space with our wide selection of <em>white</em> hues.', 'page_path': '&#x2F;en-us&#x2F;paint-colors&#x2F;<em>white</em>'}",62f699da28ccbc3f4e90a554,,,,,,,,,,,,,,,,
https://media.benjaminmoore.com/WebServices/prod/cdp/836x1045/white-paint-251-white-dove-OC-17-rgb.jpg,https://www.benjaminmoore.com/en-us/paint-colors/color/oc-17/white-dove,"['White Dove', 'Matching Colors', 'Different Shades', 'Similar Colors', 'Color By Family']",/en-us/paint-colors/color/oc-17/white-dove,2024-07-21T21:12:40Z,White Dove OC-17 | Benjamin Moore,2024-07-21T21:12:40Z,Color,Unerring style defines this clean and classic white.,c57c4f2a8dcf9c40a99ad68d42e26e4509f880dc,1,,"{'title': '<em>White</em> Dove OC-17 | Benjamin Moore', 'sections': '<em>White</em> Dove', 'description': 'Unerring style defines this clean and classic <em>white</em>.', 'color_name': '<em>White</em> Dove', 'page_path': '&#x2F;en-us&#x2F;paint-colors&#x2F;color&#x2F;oc-17&#x2F;<em>white</em>-dove', 'PrimaryColorFamily': '<em>White</em>'}",62423ac5e7b9d207d50f5d29,OC-17,Light,Warm,EFEEE5,White Dove,Cream,White,,,,,,,,,
https://media.benjaminmoore.com/WebServices/prod/cdp/836x1045/white-paint-231-chantilly-lace-OC-65-rgb.jpg,https://www.benjaminmoore.com/en-us/paint-colors/color/oc-65/chantilly-lace,"['Chantilly Lace', 'Matching Colors', 'Similar Colors', 'Color By Family']",/en-us/paint-colors/color/oc-65/chantilly-lace,2024-07-21T20:49:09Z,Chantilly Lace OC-65 | Benjamin Moore,2024-07-21T20:49:09Z,Color,A classic go-to white that elicits images of fresh cotton and pure silk.,0d71317380efc7f822304cf85bd930bcf56afd39,1,,"{'description': 'A classic go-to <em>white</em> that elicits images of fresh cotton and pure silk.', 'PrimaryColorFamily': '<em>White</em>'}",624256f1e7b9d2c8ef0f3c9f,OC-65,Light,Cool,F4F6F1,Chantilly Lace,,White,,,,,,,,,
https://media.benjaminmoore.com/WebServices/prod/cdp/836x1045/white-paint-091-simply-white-OC-117-rgb.jpg,https://www.benjaminmoore.com/en-us/paint-colors/color/oc-117/simply-white,"['Simply White', 'Matching Colors', 'Similar Colors', 'Color By Family']",/en-us/paint-colors/color/oc-117/simply-white,2024-07-21T21:08:16Z,Simply White OC-117 | Benjamin Moore,2024-07-21T21:08:15Z,Color,"The slightest hint of warmth makes this clean, crisp white a favorite to use anywhere in the home.",02db42a35e29c33f7a1671965645394856be681f,1,,"{'title': 'Simply <em>White</em> OC-117 | Benjamin Moore', 'sections': 'Simply <em>White</em>', 'description': 'The slightest hint of warmth makes this clean, crisp <em>white</em> a favorite to use anywhere in the home.', 'color_name': 'Simply <em>White</em>', 'page_path': '&#x2F;en-us&#x2F;paint-colors&#x2F;color&#x2F;oc-117&#x2F;simply-<em>white</em>', 'PrimaryColorFamily': '<em>White</em>'}",62425edf196a67f996894e4f,OC-117,Light,Warm,F6F6ED,Simply White,Cream,White,,,,,,,,,
https://media.benjaminmoore.com/WebServices/prod/cdp/836x1045/white-paint-254-swiss-coffee-OC-45-rgb.jpg,https://www.benjaminmoore.com/en-us/paint-colors/color/oc-45/swiss-coffee,"['Swiss Coffee', 'Matching Colors', 'Different Shades', 'Similar Colors', 'Color By Family']",/en-us/paint-colors/color/oc-45/swiss-coffee,2024-07-21T22:05:34Z,Swiss Coffee OC-45 | Benjamin Moore,2024-07-21T22:05:33Z,Color,An essential white with just the right amount of warmth.,aa79e9c9705e9d82bf0006d0962fe9b49e578dca,1,,"{'description': 'An essential <em>white</em> with just the right amount of warmth.', 'PrimaryColorFamily': '<em>White</em>'}",6242530ee7b9d2f20d0f3b8b,OC-45,Light,Warm,EEECE1,Swiss Coffee,Cream,White,,,,,,,,,
https://media.benjaminmoore.com/WebServices/prod/cdp/836x1045/white-paint-243-white-heron-OC-57-rgb.jpg,https://www.benjaminmoore.com/en-us/paint-colors/color/oc-57/white-heron,"['White Heron', 'Matching Colors', 'Similar Colors', 'Color By Family']",/en-us/paint-colors/color/oc-57/white-heron,2024-07-21T20:59:04Z,White Heron OC-57 | Benjamin Moore,2024-07-21T20:59:03Z,Color,A classic bright white with the slightest cool cast.,f6b0468aafcbd8453d9596f84b1ada5fd283cd6c,1,,"{'title': '<em>White</em> Heron OC-57 | Benjamin Moore', 'sections': '<em>White</em> Heron', 'description': 'A classic bright <em>white</em> with the slightest cool cast.', 'color_name': '<em>White</em> Heron', 'page_path': '&#x2F;en-us&#x2F;paint-colors&#x2F;color&#x2F;oc-57&#x2F;<em>white</em>-heron', 'PrimaryColorFamily': '<em>White</em>'}",62425803196a6734f18952a5,OC-57,Light,Cool,F0F1EA,White Heron,,White,,,,,,,,,
https://media.benjaminmoore.com/WebServices/prod/cdp/836x1045/white-paint-251-cloud-white-OC-130-rgb.jpg,https://www.benjaminmoore.com/en-us/paint-colors/color/oc-130/cloud-white,"['Cloud White', 'Matching Colors', 'Similar Colors', 'Color By Family']",/en-us/paint-colors/color/oc-130/cloud-white,2024-07-21T21:07:34Z,Cloud White OC-130 | Benjamin Moore,2024-07-21T21:07:33Z,Color,"Soft and balanced, this go-to white can effortlessly buoy a space.",43f1e42341430771c7cf68ac98512ef6052b2f11,1,,"{'title': 'Cloud <em>White</em> OC-130 | Benjamin Moore', 'sections': 'Cloud <em>White</em>', 'description': 'Soft and balanced, this go-to <em>white</em> can effortlessly buoy a space.', 'color_name': 'Cloud <em>White</em>', 'page_path': '&#x2F;en-us&#x2F;paint-colors&#x2F;color&#x2F;oc-130&#x2F;cloud-<em>white</em>', 'PrimaryColorFamily': '<em>White</em>'}",6242347064441f0e670059a5,OC-130,Light,Warm,F2F1E6,Cloud White,Cream,White,,,,,,,,,
https://media.benjaminmoore.com/WebServices/prod/cdp/836x1045/white-paint-192-ballet-white-OC-9-rgb.jpg,https://www.benjaminmoore.com/en-us/paint-colors/color/oc-9/ballet-white,"['Ballet White', 'Matching Colors', 'Similar Colors', 'Color By Family']",/en-us/paint-colors/color/oc-9/ballet-white,2024-07-21T23:28:04Z,Ballet White OC-9 | Benjamin Moore,2024-07-21T23:28:03Z,Color,A crowd-pleasing off white that offers just the right amount of color.,8fce158f5cf91984ea370269293a4a04ec070355,1,,"{'title': 'Ballet <em>White</em> OC-9 | Benjamin Moore', 'sections': 'Ballet <em>White</em>', 'description': 'A crowd-pleasing off <em>white</em> that offers just the right amount of color.', 'color_name': 'Ballet <em>White</em>', 'page_path': '&#x2F;en-us&#x2F;paint-colors&#x2F;color&#x2F;oc-9&#x2F;ballet-<em>white</em>', 'PrimaryColorFamily': '<em>White</em>'}",6242ab2d196a6763568970cb,OC-9,Light,Warm,E5E0D0,Ballet White,Beige,White,,,,,,,,,
https://media.benjaminmoore.com/WebServices/prod/cdp/836x1045/white-paint-245-decorators-white-OC-149-rgb.jpg,https://www.benjaminmoore.com/en-us/paint-colors/color/oc-149/decorators-white,"[""Decorator's White"", 'Matching Colors', 'Color By Family']",/en-us/paint-colors/color/oc-149/decorators-white,2024-07-21T21:09:42Z,Decorator's White OC-149 | Benjamin Moore,2024-07-21T21:09:42Z,Color,"A touch of cool gray gives this go-to white sleek, stylish appeal.",3284edfeb5c7bd7b2d3e178fc60fc2dcd84e94b1,1,,"{'title': 'Decorator&#x27;s <em>White</em> OC-149 | Benjamin Moore', 'sections': 'Decorator&#x27;s <em>White</em>', 'description': 'A touch of cool gray gives this go-to <em>white</em> sleek, stylish appeal.', 'color_name': 'Decorator&#x27;s <em>White</em>', 'page_path': '&#x2F;en-us&#x2F;paint-colors&#x2F;color&#x2F;oc-149&#x2F;decorators-<em>white</em>', 'PrimaryColorFamily': '<em>White</em>'}",6242749d28ccbc9823ddacde,OC-149,Light,Cool,EBEDEA,Decorator's White,Gray,White,,,,,,,,,
https://www.benjaminmoore.com/-/media/sites/benjaminmoore/images/color/color-families/color-families-whites/2023-refresh/hero/white-paint-loft-living-room-640x640.jpg,https://www.benjaminmoore.com/en-us/color-overview/color-palettes/color-families/white-paint-colors,"['The Ultimate Guide to White and Off-White Paint Colors', 'Transcendent and timeless, white and off-white paint colors offer unrivaled versatility. With their underlying tonalities and natural reflection of ambient hues, however, choosing the just-right white is an enduring challenge.', 'Most Popular Benjamin Moore White and Off-White Paint Colors', 'How to Recognize Undertones in White Paint', 'Warm White Paint & Undertones', 'Red Undertone', 'Orange Undertone', 'Yellow Undertone', 'Cool White Paint & Undertones', 'Green Undertone', 'Blue Undertone', 'Purple Undertone', 'Our Brightest, Cleanest White Paint Colors', 'Find a Paint Store Near You', 'Classic White Paint for Trim and a Look at Finish', 'Designers Share Their Favorite Benjamin Moore White Paint Colors', 'A Crisp White: The Ultimate Color Pairing', 'Pairing White & Off-White Paint Colors on Walls and Trim', 'The Power of Classic White Paint on Exteriors', 'Test Your White Paint Colors', 'Get Inspired', 'Frequently Asked Questions', 'Q. What is the most popular white paint color?', 'Q. What shade of white is best for walls?', 'Q. What are different shades of white?', 'Q. What are warm white paint colors?', 'Q. What are cool white paint colors?', 'Q. What is the most neutral white paint color?', 'Buy a Paint Sample', 'AuraÂ® Interior Paint', 'Ideas & Inspiration', 'Ready to Explore?', 'Benjamin Moore', 'For Professionals', 'Customer Service', 'Buy Paints and Stain']",/en-us/color-overview/color-palettes/color-families/white-paint-colors,2024-07-21T21:19:21Z,The Ultimate Guide to White & Off-White Paint Colors | Benjamin Moore,2024-07-21T21:19:21Z,Color,"Choosing the right white paint color can be a challenge.  Get expert advice on selecting white and off-white colors, warm and cool white hues, plus explore white-painted interiors--and much more.",7b8c4529f0244bc2050926390a8e9e8a834270a1,1,,"{'title': 'The Ultimate Guide to <em>White</em> &amp; Off-<em>White</em> Paint Colors | Benjamin Moore', 'sections': 'The Ultimate Guide to <em>White</em> and Off-<em>White</em> Paint Colors', 'description': 'Choosing the right <em>white</em> paint color can be a challenge.  Get expert advice on selecting <em>white</em> and off-<em>white</em> colors, warm and cool <em>white</em> hues, plus explore <em>white</em>-painted interiors--and much more.', 'page_path': '&#x2F;en-us&#x2F;color-overview&#x2F;color-palettes&#x2F;color-families&#x2F;<em>white</em>-paint-colors'}",5d49315e196a6751cf155e78,,,,,,,,en-us,,,,,,,,
https://media.benjaminmoore.com/WebServices/prod/cdp/836x1045/white-paint-250-seapearl-OC-19-rgb.jpg,https://www.benjaminmoore.com/en-us/paint-colors/color/oc-19/seapearl,"['Seapearl', 'Matching Colors', 'Similar Colors', 'Color By Family']",/en-us/paint-colors/color/oc-19/seapearl,2024-07-21T23:06:27Z,Seapearl OC-19 | Benjamin Moore,2024-07-21T23:06:27Z,Color,Cool gray undertones freshen up this shade of white.,3108048df1b5233fa50784b59a45bef934e3fb64,1,,"{'description': 'Cool gray undertones freshen up this shade of <em>white</em>.', 'PrimaryColorFamily': '<em>White</em>'}",62426365e7b9d2b8360f5d4b,OC-19,Light,Cool,E7E4D9,Seapearl,Gray,White,,,,,,,,,
https://media.benjaminmoore.com/WebServices/prod/cdp/836x1045/white-paint-250-atrium-white-OC-145-rgb.jpg,https://www.benjaminmoore.com/en-us/paint-colors/color/oc-145/atrium-white,"['Atrium White', 'Matching Colors', 'Similar Colors', 'Color By Family']",/en-us/paint-colors/color/oc-145/atrium-white,2024-07-21T22:21:34Z,Atrium White OC-145 | Benjamin Moore,2024-07-21T22:21:34Z,Color,"A fresh, youthful white with a flattering touch of pink.",85037f7bbc4b122f11ddeca5dfe5fea8100008af,1,,"{'title': 'Atrium <em>White</em> OC-145 | Benjamin Moore', 'sections': 'Atrium <em>White</em>', 'description': 'A fresh, youthful <em>white</em> with a flattering touch of pink.', 'color_name': 'Atrium <em>White</em>', 'page_path': '&#x2F;en-us&#x2F;paint-colors&#x2F;color&#x2F;oc-145&#x2F;atrium-<em>white</em>', 'PrimaryColorFamily': '<em>White</em>'}",62425a2f64441f82c700457a,OC-145,Light,Warm,F2EFE8,Atrium White,Pink,White,,,,,,,,,
https://media.benjaminmoore.com/WebServices/prod/cdp/836x1045/white-paint-249-cloud-cover-OC-25-rgb.jpg,https://www.benjaminmoore.com/en-us/paint-colors/color/oc-25/cloud-cover,"['Cloud Cover', 'Matching Colors', 'Similar Colors', 'Color By Family']",/en-us/paint-colors/color/oc-25/cloud-cover,2024-07-21T20:55:34Z,Cloud Cover OC-25 | Benjamin Moore,2024-07-21T20:55:34Z,Color,A go-to white subtly shaded with a touch of gray-blue.,03c1595e4a0d5dadf58bdb36c57c174ba7bd5473,1,,"{'description': 'A go-to <em>white</em> subtly shaded with a touch of gray-blue.', 'PrimaryColorFamily': '<em>White</em>'}",6242580d28ccbc591cddb9e2,OC-25,Light,Cool,E9E8E0,Cloud Cover,Gray,White,,,,,,,,,
https://media.benjaminmoore.com/WebServices/prod/cdp/836x1045/white-paint-022-linen-white-OC-146-rgb.jpg,https://www.benjaminmoore.com/en-us/paint-colors/color/oc-146/linen-white,"['Linen White', 'Matching Colors', 'Similar Colors', 'Color By Family']",/en-us/paint-colors/color/oc-146/linen-white,2024-07-21T19:50:47Z,Linen White OC-146 | Benjamin Moore,2024-07-21T19:50:46Z,Color,"Fresh and delicately shaded with a touch of cream, this timeless white is a go-to for creating warm, relaxed spaces.",fd529d37583a0478fbe8190943a092b862bd0723,1,,"{'title': 'Linen <em>White</em> OC-146 | Benjamin Moore', 'sections': 'Linen <em>White</em>', 'description': 'Fresh and delicately shaded with a touch of cream, this timeless <em>white</em> is a go-to for creating warm, relaxed spaces.', 'color_name': 'Linen <em>White</em>', 'page_path': '&#x2F;en-us&#x2F;paint-colors&#x2F;color&#x2F;oc-146&#x2F;linen-<em>white</em>', 'PrimaryColorFamily': '<em>White</em>'}",624293fee7b9d25cb50f4107,OC-146,Light,Warm,F2EBDA,Linen White,Cream,White,,,,,,,,,
https://media.benjaminmoore.com/WebServices/prod/cdp/836x1045/white-paint-244-white-OC-151-rgb.jpg,https://www.benjaminmoore.com/en-us/paint-colors/color/oc-151/white,"['White', 'Matching Colors', 'Color By Family', 'Discover This Color in Woodluxe Exterior Stains', 'Explore the Woodluxe Collection']",/en-us/paint-colors/color/oc-151/white,2024-07-21T21:21:18Z,White OC-151 | Benjamin Moore,2024-07-21T21:21:18Z,Color,"A classic, all-purpose white that creates a clean canvas in the home.",a21e49fec1572dad0c41cfd69f33ceab8e3f591e,1,,"{'title': '<em>White</em> OC-151 | Benjamin Moore', 'sections': '<em>White</em>', 'description': 'A classic, all-purpose <em>white</em> that creates a clean canvas in the home.', 'color_name': '<em>White</em>', 'page_path': '&#x2F;en-us&#x2F;paint-colors&#x2F;color&#x2F;oc-151&#x2F;<em>white</em>', 'PrimaryColorFamily': '<em>White</em>'}",62424f07e7b9d2d7c00f5015,OC-151,Light,Cool,EDEEEB,White,,White,,,,,,,,,
https://media.benjaminmoore.com/WebServices/prod/cdp/836x1045/white-paint-251-capitol-white-CW-10-rgb.jpg,https://www.benjaminmoore.com/en-us/paint-colors/color/cw-10/capitol-white,"['Capitol White', 'Matching Colors', 'Color By Family']",/en-us/paint-colors/color/cw-10/capitol-white,2024-07-22T00:57:42Z,Capitol White CW-10 | Benjamin Moore,2024-07-22T00:57:42Z,Color,"A rich, decorative shade, Capitol white references orders in Virginia's colonial records to paint public buildings with white oil paint.",1293424012adc889fe68961049581c1690c09abe,1,,"{'title': 'Capitol <em>White</em> CW-10 | Benjamin Moore', 'sections': 'Capitol <em>White</em>', 'description': 'A rich, decorative shade, Capitol <em>white</em> references orders in Virginia&#x27;s colonial records to paint public buildings with <em>white</em> oil paint.', 'color_name': 'Capitol <em>White</em>', 'page_path': '&#x2F;en-us&#x2F;paint-colors&#x2F;color&#x2F;cw-10&#x2F;capitol-<em>white</em>', 'PrimaryColorFamily': '<em>White</em>'}",62427bb9196a67a815895bcc,CW-10,Light,Warm,F5F2E5,Capitol White,Cream,White,,,,,,,,,
https://media.benjaminmoore.com/WebServices/prod/cdp/836x1045/white-paint-243-white-christmas-872-rgb.jpg,https://www.benjaminmoore.com/en-us/paint-colors/color/872/white-christmas,"['White Christmas', 'Matching Colors', 'Different Shades', 'Similar Colors', 'Color By Family']",/en-us/paint-colors/color/872/white-christmas,2024-07-21T22:13:36Z,White Christmas 872 | Benjamin Moore,2024-07-21T22:13:35Z,Color,Clean blue undertones define this optic white.,c61c68e93635475684126759be794b009e4e7dc8,1,,"{'title': '<em>White</em> Christmas 872 | Benjamin Moore', 'sections': '<em>White</em> Christmas', 'description': 'Clean blue undertones define this optic <em>white</em>.', 'color_name': '<em>White</em> Christmas', 'page_path': '&#x2F;en-us&#x2F;paint-colors&#x2F;color&#x2F;872&#x2F;<em>white</em>-christmas', 'PrimaryColorFamily': '<em>White</em>'}",62427d2264441fae670053bb,872,Light,Cool,ECEEEA,White Christmas,,White,,,,,,,,,
https://media.benjaminmoore.com/WebServices/prod/cdp/836x1045/white-paint-125-snow-white-OC-66-rgb.jpg,https://www.benjaminmoore.com/en-us/paint-colors/color/oc-66/snow-white,"['Snow White', 'Matching Colors', 'Similar Colors', 'Color By Family']",/en-us/paint-colors/color/oc-66/snow-white,2024-07-21T22:14:30Z,Snow White OC-66 | Benjamin Moore,2024-07-21T22:14:30Z,Color,Sharp blue tones brighten this cool white.,7d7eb684aa9d22171778406e95c61d4af1fef696,1,,"{'title': 'Snow <em>White</em> OC-66 | Benjamin Moore', 'sections': 'Snow <em>White</em>', 'description': 'Sharp blue tones brighten this cool <em>white</em>.', 'color_name': 'Snow <em>White</em>', 'page_path': '&#x2F;en-us&#x2F;paint-colors&#x2F;color&#x2F;oc-66&#x2F;snow-<em>white</em>', 'PrimaryColorFamily': '<em>White</em>'}",62426c00e7b9d2b7090f3f66,OC-66,Light,Cool,F1F5F1,Snow White,,White,,,,,,,,,
https://media.benjaminmoore.com/WebServices/prod/cdp/836x1045/white-paint-041-onyx-white-1135-rgb.jpg,https://www.benjaminmoore.com/en-us/paint-colors/color/1135/onyx-white,"['Onyx White', 'Matching Colors', 'Different Shades', 'Similar Colors', 'Color By Family']",/en-us/paint-colors/color/1135/onyx-white,2024-07-21T23:31:01Z,Onyx White 1135 | Benjamin Moore,2024-07-03T12:09:20Z,Color,A rich off-white with a welcoming peach glow.,d63bfda1e1c65bbf77b7f6043db8083b9f39eac5,1,,"{'title': 'Onyx <em>White</em> 1135 | Benjamin Moore', 'sections': 'Onyx <em>White</em>', 'description': 'A rich off-<em>white</em> with a welcoming peach glow.', 'color_name': 'Onyx <em>White</em>', 'page_path': '&#x2F;en-us&#x2F;paint-colors&#x2F;color&#x2F;1135&#x2F;onyx-<em>white</em>', 'PrimaryColorFamily': '<em>White</em>'}",6242534b196a67b7c2896345,1135,Light,Warm,F2E3D0,Onyx White,Peach,White,,,,,,,,,
https://media.benjaminmoore.com/WebServices/prod/cdp/836x1045/white-paint-250-white-zinfandel-880-rgb.jpg,https://www.benjaminmoore.com/en-us/paint-colors/color/880/white-zinfandel,"['White Zinfandel', 'Matching Colors', 'Different Shades', 'Similar Colors', 'Color By Family']",/en-us/paint-colors/color/880/white-zinfandel,2024-07-22T02:15:15Z,White Zinfandel 880 | Benjamin Moore,2024-07-22T02:15:15Z,Color,Crisp pink tones add charm to this delicate white.,660c868a0440c86995df910787f92423c17506fe,1,,"{'title': '<em>White</em> Zinfandel 880 | Benjamin Moore', 'sections': '<em>White</em> Zinfandel', 'description': 'Crisp pink tones add charm to this delicate <em>white</em>.', 'color_name': '<em>White</em> Zinfandel', 'page_path': '&#x2F;en-us&#x2F;paint-colors&#x2F;color&#x2F;880&#x2F;<em>white</em>-zinfandel', 'PrimaryColorFamily': '<em>White</em>'}",624282f2196a67477b894cce,880,Light,Warm,F4EFEA,White Zinfandel,Pink,White,,,,,,,,,
https://media.benjaminmoore.com/WebServices/prod/cdp/836x1045/white-paint-104-sebring-white-1492-rgb.jpg,https://www.benjaminmoore.com/en-us/paint-colors/color/1492/sebring-white,"['Sebring White', 'Matching Colors', 'Different Shades', 'Similar Colors', 'Color By Family']",/en-us/paint-colors/color/1492/sebring-white,2024-07-22T02:08:18Z,Sebring White 1492 | Benjamin Moore,2024-07-22T02:08:17Z,Color,"A sleek, refreshing white with cool blue-green undertones.",600ad2b1f1acce07f0ceaf1c87ebf159d9951b5e,1,,"{'title': 'Sebring <em>White</em> 1492 | Benjamin Moore', 'sections': 'Sebring <em>White</em>', 'description': 'A sleek, refreshing <em>white</em> with cool blue-green undertones.', 'color_name': 'Sebring <em>White</em>', 'page_path': '&#x2F;en-us&#x2F;paint-colors&#x2F;color&#x2F;1492&#x2F;sebring-<em>white</em>', 'PrimaryColorFamily': '<em>White</em>'}",6242557d28ccbc9de3ddbb4e,1492,Light,Cool,E7E7DD,Sebring White,,White,,,,,,,,,
https://media.benjaminmoore.com/WebServices/prod/cdp/836x1045/white-paint-243-oxford-white-869-rgb.jpg,https://www.benjaminmoore.com/en-us/paint-colors/color/869/oxford-white,"['Oxford White', 'Matching Colors', 'Different Shades', 'Similar Colors', 'Color By Family']",/en-us/paint-colors/color/869/oxford-white,2024-07-21T20:35:34Z,Oxford White 869 | Benjamin Moore,2024-07-21T20:35:33Z,Color,A classic bright white with the slightest cool cast.,500b3b95c1a431b1943e706b126af95070d2dc3e,1,,"{'title': 'Oxford <em>White</em> 869 | Benjamin Moore', 'sections': 'Oxford <em>White</em>', 'description': 'A classic bright <em>white</em> with the slightest cool cast.', 'color_name': 'Oxford <em>White</em>', 'page_path': '&#x2F;en-us&#x2F;paint-colors&#x2F;color&#x2F;869&#x2F;oxford-<em>white</em>', 'PrimaryColorFamily': '<em>White</em>'}",6242801a196a67af7d895ced,869,Light,Cool,F0F1EA,Oxford White,,White,,,,,,,,,
https://media.benjaminmoore.com/WebServices/prod/cdp/836x1045/white-paint-254-albany-white-944-rgb.jpg,https://www.benjaminmoore.com/en-us/paint-colors/color/944/albany-white,"['Albany White', 'Matching Colors', 'Different Shades', 'Similar Colors', 'Color By Family']",/en-us/paint-colors/color/944/albany-white,2024-07-22T04:30:35Z,Albany White 944 | Benjamin Moore,2024-07-22T04:30:35Z,Color,A softly shaded white with muted green undertones.,b2c9c59b2ea7fab85576e9991820fb7edbb0dd6c,1,,"{'title': 'Albany <em>White</em> 944 | Benjamin Moore', 'sections': 'Albany <em>White</em>', 'description': 'A softly shaded <em>white</em> with muted green undertones.', 'color_name': 'Albany <em>White</em>', 'page_path': '&#x2F;en-us&#x2F;paint-colors&#x2F;color&#x2F;944&#x2F;albany-<em>white</em>', 'PrimaryColorFamily': '<em>White</em>'}",6242ef4f28ccbc0822ddad2a,944,Light,Warm,EAE4CD,Albany White,Cream,White,,,,,,,,,
https://media.benjaminmoore.com/WebServices/prod/cdp/836x1045/white-paint-251-dune-white-968-rgb.jpg,https://www.benjaminmoore.com/en-us/paint-colors/color/968/dune-white,"['Dune White', 'Matching Colors', 'Different Shades', 'Similar Colors', 'Color By Family']",/en-us/paint-colors/color/968/dune-white,2024-07-22T03:42:08Z,Dune White 968 | Benjamin Moore,2024-07-22T03:42:07Z,Color,A versatile white with hushed grayish green tones.,f0c7810095253b9cddbb7f8eca56bb0b9641041f,1,,"{'title': 'Dune <em>White</em> 968 | Benjamin Moore', 'sections': 'Dune <em>White</em>', 'description': 'A versatile <em>white</em> with hushed grayish green tones.', 'color_name': 'Dune <em>White</em>', 'page_path': '&#x2F;en-us&#x2F;paint-colors&#x2F;color&#x2F;968&#x2F;dune-<em>white</em>', 'PrimaryColorFamily': '<em>White</em>'}",62425eb028ccbc6e96dd9d5a,968,Light,Warm,ECEAE0,Dune White,Cream,White,,,,,,,,,
https://media.benjaminmoore.com/WebServices/prod/cdp/836x1045/white-paint-022-cameo-white-915-rgb.jpg,https://www.benjaminmoore.com/en-us/paint-colors/color/915/cameo-white,"['Cameo White', 'Matching Colors', 'Different Shades', 'Similar Colors', 'Color By Family']",/en-us/paint-colors/color/915/cameo-white,2024-07-22T03:42:43Z,Cameo White 915 | Benjamin Moore,2024-07-22T03:42:42Z,Color,"A soft, antiqued white with a touch of cream.",1ae991f47a5238a6b46fe37f0ed6f2112183f1b6,1,,"{'title': 'Cameo <em>White</em> 915 | Benjamin Moore', 'sections': 'Cameo <em>White</em>', 'description': 'A soft, antiqued <em>white</em> with a touch of cream.', 'color_name': 'Cameo <em>White</em>', 'page_path': '&#x2F;en-us&#x2F;paint-colors&#x2F;color&#x2F;915&#x2F;cameo-<em>white</em>', 'PrimaryColorFamily': '<em>White</em>'}",62429cda64441f74980050bb,915,Light,Warm,F2E7CF,Cameo White,Cream,White,,,,,,,,,
https://media.benjaminmoore.com/WebServices/prod/cdp/836x1045/white-paint-157-white-violet-1408-rgb.jpg,https://www.benjaminmoore.com/en-us/paint-colors/color/1408/white-violet,"['White Violet', 'Matching Colors', 'Different Shades', 'Similar Colors', 'Color By Family']",/en-us/paint-colors/color/1408/white-violet,2024-07-21T22:55:50Z,White Violet 1408 | Benjamin Moore,2024-07-21T22:55:49Z,Color,The softest touch of violet brightens this gentle off white.,3666832f8933d35f8fcb41e09ca83f1270c36d19,1,,"{'title': '<em>White</em> Violet 1408 | Benjamin Moore', 'sections': '<em>White</em> Violet', 'description': 'The softest touch of violet brightens this gentle off <em>white</em>.', 'color_name': '<em>White</em> Violet', 'page_path': '&#x2F;en-us&#x2F;paint-colors&#x2F;color&#x2F;1408&#x2F;<em>white</em>-violet', 'PrimaryColorFamily': '<em>White</em>'}",6242e74be7b9d2020b0f556d,1408,Light,Cool,E9EBE6,White Violet,,White,,,,,,,,,
https://media.benjaminmoore.com/WebServices/prod/cdp/836x1045/white-paint-257-ivory-white-925-rgb.jpg,https://www.benjaminmoore.com/en-us/paint-colors/color/925/ivory-white,"['Ivory White', 'Matching Colors', 'Different Shades', 'Similar Colors', 'Color By Family']",/en-us/paint-colors/color/925/ivory-white,2024-07-22T01:44:51Z,Ivory White 925 | Benjamin Moore,2024-07-22T01:44:51Z,Color,Crisp cream undertones warm up this clean shade of white.,1ef8636dc18a14fc3fcd9ce353ec187ddcf04877,1,,"{'title': 'Ivory <em>White</em> 925 | Benjamin Moore', 'sections': 'Ivory <em>White</em>', 'description': 'Crisp cream undertones warm up this clean shade of <em>white</em>.', 'color_name': 'Ivory <em>White</em>', 'page_path': '&#x2F;en-us&#x2F;paint-colors&#x2F;color&#x2F;925&#x2F;ivory-<em>white</em>', 'PrimaryColorFamily': '<em>White</em>'}",6242bc4328ccbcfe36dda5a7,925,Light,Warm,F2EFDF,Ivory White,Cream,White,,,,,,,,,
https://media.benjaminmoore.com/WebServices/prod/cdp/836x1045/white-paint-253-white-rock-918-rgb.jpg,https://www.benjaminmoore.com/en-us/paint-colors/color/918/white-rock,"['White Rock', 'Matching Colors', 'Different Shades', 'Similar Colors', 'Color By Family']",/en-us/paint-colors/color/918/white-rock,2024-07-22T03:09:43Z,White Rock 918 | Benjamin Moore,2024-07-22T03:09:43Z,Color,"A delicate white with a soft, sunbaked glow.",88eaa75e9e171886784be1ec0288822d3f168098,1,,"{'title': '<em>White</em> Rock 918 | Benjamin Moore', 'sections': '<em>White</em> Rock', 'description': 'A delicate <em>white</em> with a soft, sunbaked glow.', 'color_name': '<em>White</em> Rock', 'page_path': '&#x2F;en-us&#x2F;paint-colors&#x2F;color&#x2F;918&#x2F;<em>white</em>-rock', 'PrimaryColorFamily': '<em>White</em>'}",6242df5928ccbc3658ddae7c,918,Light,Warm,F5EED8,White Rock,Cream,White,,,,,,,,,
https://media.benjaminmoore.com/WebServices/prod/cdp/836x1045/white-paint-255-palace-white-956-rgb.jpg,https://www.benjaminmoore.com/en-us/paint-colors/color/956/palace-white,"['Palace White', 'Matching Colors', 'Different Shades', 'Similar Colors', 'Color By Family']",/en-us/paint-colors/color/956/palace-white,2024-07-22T03:17:29Z,Palace White 956 | Benjamin Moore,2024-07-22T03:17:28Z,Color,"A rich off-white with warm, sandy undertones.",2af584d6847df57c119cbb6883553ecc73a2aca0,1,,"{'title': 'Palace <em>White</em> 956 | Benjamin Moore', 'sections': 'Palace <em>White</em>', 'description': 'A rich off-<em>white</em> with warm, sandy undertones.', 'color_name': 'Palace <em>White</em>', 'page_path': '&#x2F;en-us&#x2F;paint-colors&#x2F;color&#x2F;956&#x2F;palace-<em>white</em>', 'PrimaryColorFamily': '<em>White</em>'}",6242f058196a67181189546e,956,Light,Warm,EAE0C8,Palace White,Beige,White,,,,,,,,,
https://media.benjaminmoore.com/WebServices/prod/cdp/836x1045/orange-paint-256-country-white-898-rgb.jpg,https://www.benjaminmoore.com/en-us/paint-colors/color/898/country-white,"['Country White', 'Matching Colors', 'Different Shades', 'Similar Colors', 'Color By Family']",/en-us/paint-colors/color/898/country-white,2024-07-22T04:54:22Z,Country White 898 | Benjamin Moore,2024-07-22T04:54:21Z,Color,Crisp peach tones warm up this off-white hue.,1c1482c82c64e9b04b19ce3e91afceff50e39c28,1,,"{'title': 'Country <em>White</em> 898 | Benjamin Moore', 'sections': 'Country <em>White</em>', 'description': 'Crisp peach tones warm up this off-<em>white</em> hue.', 'color_name': 'Country <em>White</em>', 'page_path': '&#x2F;en-us&#x2F;paint-colors&#x2F;color&#x2F;898&#x2F;country-<em>white</em>'}",624286ca196a67834089720a,898,Light,Warm,F9E9D1,Country White,Peach,Orange,,,,,,,,,
https://media.benjaminmoore.com/WebServices/prod/cdp/836x1045/white-paint-247-brilliant-white-OC-150-rgb.jpg,https://www.benjaminmoore.com/en-us/paint-colors/color/oc-150/brilliant-white,"['Brilliant White', 'Matching Colors', 'Color By Family']",/en-us/paint-colors/color/oc-150/brilliant-white,2024-07-21T22:25:34Z,Brilliant White OC-150 | Benjamin Moore,2024-07-21T22:25:34Z,Color,An optic white with an airy blue cast.,688bd46f1606dc6c9d284baf8839c07c0784a105,1,,"{'title': 'Brilliant <em>White</em> OC-150 | Benjamin Moore', 'sections': 'Brilliant <em>White</em>', 'description': 'An optic <em>white</em> with an airy blue cast.', 'color_name': 'Brilliant <em>White</em>', 'page_path': '&#x2F;en-us&#x2F;paint-colors&#x2F;color&#x2F;oc-150&#x2F;brilliant-<em>white</em>', 'PrimaryColorFamily': '<em>White</em>'}",6242679f64441f87d7003859,OC-150,Light,Cool,EBEEE9,Brilliant White,Gray,White,,,,,,,,,
https://media.benjaminmoore.com/WebServices/prod/cdp/836x1045/white-paint-247-ultra-white-CC-10-rgb.jpg,https://www.benjaminmoore.com/en-us/paint-colors/color/cc-10/ultra-white,"['Ultra White', 'Matching Colors', 'Different Shades', 'Similar Colors', 'Color By Family']",/en-us/paint-colors/color/cc-10/ultra-white,2024-07-22T00:50:15Z,Ultra White CC-10 | Benjamin Moore,2024-07-22T00:50:14Z,Color,"A crisp, bright white with cool undertones.",771fd0bcb75ac8001a5d6d6f4708b757e569cf9e,1,,"{'title': 'Ultra <em>White</em> CC-10 | Benjamin Moore', 'sections': 'Ultra <em>White</em>', 'description': 'A crisp, bright <em>white</em> with cool undertones.', 'color_name': 'Ultra <em>White</em>', 'page_path': '&#x2F;en-us&#x2F;paint-colors&#x2F;color&#x2F;cc-10&#x2F;ultra-<em>white</em>', 'PrimaryColorFamily': '<em>White</em>'}",6242ecde64441fd7ac005d80,CC-10,Light,Cool,ECEEEC,Ultra White,,White,,,,,,,,,
https://media.benjaminmoore.com/WebServices/prod/cdp/836x1045/white-paint-125-snow-white-2122-70-rgb.jpg,https://www.benjaminmoore.com/en-us/paint-colors/color/2122-70/snow-white,"['Snow White', 'Matching Colors', 'Different Shades', 'Similar Colors', 'Color By Family']",/en-us/paint-colors/color/2122-70/snow-white,2024-07-22T03:04:08Z,Snow White 2122-70 | Benjamin Moore,2024-07-22T03:04:08Z,Color,Sharp blue tones brighten this cool white.,4923e602fc5c8d65d176dd3c0c4e68f95ed218eb,1,,"{'title': 'Snow <em>White</em> 2122-70 | Benjamin Moore', 'sections': 'Snow <em>White</em>', 'description': 'Sharp blue tones brighten this cool <em>white</em>.', 'color_name': 'Snow <em>White</em>', 'page_path': '&#x2F;en-us&#x2F;paint-colors&#x2F;color&#x2F;2122-70&#x2F;snow-<em>white</em>', 'PrimaryColorFamily': '<em>White</em>'}",62427dab28ccbc6529ddbf97,2122-70,Light,Cool,F1F5F1,Snow White,,White,,,,,,,,,
https://media.benjaminmoore.com/WebServices/prod/cdp/836x1045/white-paint-243-oxford-white-CC-30-rgb.jpg,https://www.benjaminmoore.com/en-us/paint-colors/color/cc-30/oxford-white,"['Oxford White', 'Matching Colors', 'Similar Colors', 'Color By Family']",/en-us/paint-colors/color/cc-30/oxford-white,2024-07-21T20:55:34Z,Oxford White CC-30 | Benjamin Moore,2024-07-21T20:55:34Z,Color,A classic bright white with the slightest cool cast.,91eec8c754ddec4d20b3f8207a38c48e69c0264e,1,,"{'title': 'Oxford <em>White</em> CC-30 | Benjamin Moore', 'sections': 'Oxford <em>White</em>', 'description': 'A classic bright <em>white</em> with the slightest cool cast.', 'color_name': 'Oxford <em>White</em>', 'page_path': '&#x2F;en-us&#x2F;paint-colors&#x2F;color&#x2F;cc-30&#x2F;oxford-<em>white</em>', 'PrimaryColorFamily': '<em>White</em>'}",62424eb0e7b9d2837f0f523c,CC-30,Light,Cool,F0F1EA,Oxford White,Gray,White,,,,,,,,,
https://media.benjaminmoore.com/WebServices/prod/cdp/836x1045/white-paint-250-white-opulence-OC-69-rgb.jpg,https://www.benjaminmoore.com/en-us/paint-colors/color/oc-69/white-opulence,"['White Opulence', 'Matching Colors', 'Similar Colors', 'Color By Family']",/en-us/paint-colors/color/oc-69/white-opulence,2024-07-21T19:59:06Z,White Opulence OC-69 | Benjamin Moore,2024-07-21T19:59:06Z,Color,The slightest pink tone softens this fresh white.,1a0f39f1f9cdf74fa1965aaff66ad24c6d62429f,1,,"{'title': '<em>White</em> Opulence OC-69 | Benjamin Moore', 'sections': '<em>White</em> Opulence', 'description': 'The slightest pink tone softens this fresh <em>white</em>.', 'color_name': '<em>White</em> Opulence', 'page_path': '&#x2F;en-us&#x2F;paint-colors&#x2F;color&#x2F;oc-69&#x2F;<em>white</em>-opulence', 'PrimaryColorFamily': '<em>White</em>'}",62425c7ae7b9d250d10f4fe0,OC-69,Light,Warm,F5F2ED,White Opulence,Pink,White,,,,,,,,,
https://media.benjaminmoore.com/WebServices/prod/cdp/836x1045/white-paint-255-palace-white-OC-100-rgb.jpg,https://www.benjaminmoore.com/en-us/paint-colors/color/oc-100/palace-white,"['Palace White', 'Matching Colors', 'Similar Colors', 'Color By Family']",/en-us/paint-colors/color/oc-100/palace-white,2024-07-21T20:25:57Z,Palace White OC-100 | Benjamin Moore,2024-07-21T20:25:57Z,Color,"A rich off-white with warm, sandy undertones.",f679b5d9fc70b2fae55088fd74e9ffdc855d053f,1,,"{'title': 'Palace <em>White</em> OC-100 | Benjamin Moore', 'sections': 'Palace <em>White</em>', 'description': 'A rich off-<em>white</em> with warm, sandy undertones.', 'color_name': 'Palace <em>White</em>', 'page_path': '&#x2F;en-us&#x2F;paint-colors&#x2F;color&#x2F;oc-100&#x2F;palace-<em>white</em>', 'PrimaryColorFamily': '<em>White</em>'}",6242aea6e7b9d217c20f5f40,OC-100,Light,Warm,EAE0C8,Palace White,Cream,White,,,,,,,,,
https://media.benjaminmoore.com/WebServices/prod/cdp/836x1045/white-paint-256-indian-white-OC-88-rgb.jpg,https://www.benjaminmoore.com/en-us/paint-colors/color/oc-88/indian-white,"['Indian White', 'Matching Colors', 'Similar Colors', 'Color By Family']",/en-us/paint-colors/color/oc-88/indian-white,2024-07-21T20:24:06Z,Indian White OC-88 | Benjamin Moore,2024-07-21T20:24:05Z,Color,An off-white shaded with soft beige tones.,d7acc4ec2c4c7550bc4e408d34ca5b7541ae6da8,1,,"{'title': 'Indian <em>White</em> OC-88 | Benjamin Moore', 'sections': 'Indian <em>White</em>', 'description': 'An off-<em>white</em> shaded with soft beige tones.', 'color_name': 'Indian <em>White</em>', 'page_path': '&#x2F;en-us&#x2F;paint-colors&#x2F;color&#x2F;oc-88&#x2F;indian-<em>white</em>', 'PrimaryColorFamily': '<em>White</em>'}",6242e612e7b9d2a5880f5e29,OC-88,Light,Warm,EDE4D0,Indian White,Beige,White,,,,,,,,,
https://media.benjaminmoore.com/WebServices/prod/cdp/836x1045/white-paint-104-sebring-white-OC-137-rgb.jpg,https://www.benjaminmoore.com/en-us/paint-colors/color/oc-137/sebring-white,"['Sebring White', 'Matching Colors', 'Similar Colors', 'Color By Family']",/en-us/paint-colors/color/oc-137/sebring-white,2024-07-21T23:07:35Z,Sebring White OC-137 | Benjamin Moore,2024-07-21T23:07:34Z,Color,"A sleek, refreshing white with cool blue-green undertones.",ce609f30b6318065031e98c0362f058b961d961f,1,,"{'title': 'Sebring <em>White</em> OC-137 | Benjamin Moore', 'sections': 'Sebring <em>White</em>', 'description': 'A sleek, refreshing <em>white</em> with cool blue-green undertones.', 'color_name': 'Sebring <em>White</em>', 'page_path': '&#x2F;en-us&#x2F;paint-colors&#x2F;color&#x2F;oc-137&#x2F;sebring-<em>white</em>', 'PrimaryColorFamily': '<em>White</em>'}",62426596e7b9d2a9930f592b,OC-137,Light,Cool,E7E7DD,Sebring White,,White,,,,,,,,,
https://media.benjaminmoore.com/WebServices/prod/cdp/836x1045/white-paint-217-white-wisp-OC-54-rgb.jpg,https://www.benjaminmoore.com/en-us/paint-colors/color/oc-54/white-wisp,"['White Wisp', 'Matching Colors', 'Similar Colors', 'Color By Family']",/en-us/paint-colors/color/oc-54/white-wisp,2024-07-21T23:32:13Z,White Wisp OC-54 | Benjamin Moore,2024-07-21T23:32:12Z,Color,A gently cool white that instantly freshens up a space.,9e3c34c37513bc2d70adcbf2566bab800c101bd2,1,,"{'title': '<em>White</em> Wisp OC-54 | Benjamin Moore', 'sections': '<em>White</em> Wisp', 'description': 'A gently cool <em>white</em> that instantly freshens up a space.', 'color_name': '<em>White</em> Wisp', 'page_path': '&#x2F;en-us&#x2F;paint-colors&#x2F;color&#x2F;oc-54&#x2F;<em>white</em>-wisp', 'PrimaryColorFamily': '<em>White</em>'}",62425b0c64441f3e10004a74,OC-54,Light,Cool,E6E8E1,White Wisp,Gray,White,,,,,,,,,
https://media.benjaminmoore.com/WebServices/prod/cdp/836x1045/white-paint-104-white-ice-OC-58-rgb.jpg,https://www.benjaminmoore.com/en-us/paint-colors/color/oc-58/white-ice,"['White Ice', 'Matching Colors', 'Similar Colors', 'Color By Family']",/en-us/paint-colors/color/oc-58/white-ice,2024-07-22T00:24:22Z,White Ice OC-58 | Benjamin Moore,2024-07-22T00:24:21Z,Color,A splash of blue brightens this refreshing white.,7292a1644a860fefacae77a9b302f40aeaa9d6e1,1,,"{'title': '<em>White</em> Ice OC-58 | Benjamin Moore', 'sections': '<em>White</em> Ice', 'description': 'A splash of blue brightens this refreshing <em>white</em>.', 'color_name': '<em>White</em> Ice', 'page_path': '&#x2F;en-us&#x2F;paint-colors&#x2F;color&#x2F;oc-58&#x2F;<em>white</em>-ice', 'PrimaryColorFamily': '<em>White</em>'}",6242c0dce7b9d2b75b0f42c4,OC-58,Light,Cool,EAEEE9,White Ice,,White,,,,,,,,,
https://media.benjaminmoore.com/WebServices/prod/cdp/836x1045/white-paint-257-ivory-white-CC-130-rgb.jpg,https://www.benjaminmoore.com/en-us/paint-colors/color/cc-130/ivory-white,"['Ivory White', 'Matching Colors', 'Similar Colors', 'Color By Family']",/en-us/paint-colors/color/cc-130/ivory-white,2024-07-22T00:51:44Z,Ivory White CC-130 | Benjamin Moore,2024-07-22T00:51:43Z,Color,Crisp cream undertones warm up this clean shade of white.,018778978efb71e6774d6596fc71003d3c08cdb0,1,,"{'title': 'Ivory <em>White</em> CC-130 | Benjamin Moore', 'sections': 'Ivory <em>White</em>', 'description': 'Crisp cream undertones warm up this clean shade of <em>white</em>.', 'color_name': 'Ivory <em>White</em>', 'page_path': '&#x2F;en-us&#x2F;paint-colors&#x2F;color&#x2F;cc-130&#x2F;ivory-<em>white</em>', 'PrimaryColorFamily': '<em>White</em>'}",6242fc6e64441f4b37004a15,CC-130,Light,Warm,F2EFDF,Ivory White,Yellow,White,,,,,,,,,
https://media.benjaminmoore.com/WebServices/prod/cdp/836x1045/white-paint-253-white-rock-CC-160-rgb.jpg,https://www.benjaminmoore.com/en-us/paint-colors/color/cc-160/white-rock,"['White Rock', 'Matching Colors', 'Similar Colors', 'Color By Family']",/en-us/paint-colors/color/cc-160/white-rock,2024-07-22T00:52:33Z,White Rock CC-160 | Benjamin Moore,2024-07-22T00:52:32Z,Color,"A delicate white with a soft, sunbaked glow.",11d541a2fbfad46d1f530abf6eb1be17648dac05,1,,"{'title': '<em>White</em> Rock CC-160 | Benjamin Moore', 'sections': '<em>White</em> Rock', 'description': 'A delicate <em>white</em> with a soft, sunbaked glow.', 'color_name': '<em>White</em> Rock', 'page_path': '&#x2F;en-us&#x2F;paint-colors&#x2F;color&#x2F;cc-160&#x2F;<em>white</em>-rock', 'PrimaryColorFamily': '<em>White</em>'}",62473f2c64441ffb34005505,CC-160,Light,Warm,F5EED8,White Rock,Cream,White,,,,,,,,,
https://media.benjaminmoore.com/WebServices/prod/cdp/836x1045/white-paint-205-floral-white-OC-29-rgb.jpg,https://www.benjaminmoore.com/en-us/paint-colors/color/oc-29/floral-white,"['Floral White', 'Matching Colors', 'Similar Colors', 'Color By Family']",/en-us/paint-colors/color/oc-29/floral-white,2024-07-21T22:23:52Z,Floral White OC-29 | Benjamin Moore,2024-07-21T22:23:52Z,Color,"A pleasing white with soft, soothing green undertones.",6604dafd50cfedcc1a72043e9a16c8ff061d4b7a,1,,"{'title': 'Floral <em>White</em> OC-29 | Benjamin Moore', 'sections': 'Floral <em>White</em>', 'description': 'A pleasing <em>white</em> with soft, soothing green undertones.', 'color_name': 'Floral <em>White</em>', 'page_path': '&#x2F;en-us&#x2F;paint-colors&#x2F;color&#x2F;oc-29&#x2F;floral-<em>white</em>', 'PrimaryColorFamily': '<em>White</em>'}",62429621e7b9d2fb340f47c0,OC-29,Light,Warm,EDEBDD,Floral White,,White,,,,,,,,,
https://media.benjaminmoore.com/WebServices/prod/cdp/836x1045/white-paint-250-china-white-OC-141-rgb.jpg,https://www.benjaminmoore.com/en-us/paint-colors/color/oc-141/china-white,"['China White', 'Matching Colors', 'Similar Colors', 'Color By Family']",/en-us/paint-colors/color/oc-141/china-white,2024-07-21T22:21:40Z,China White OC-141 | Benjamin Moore,2024-07-21T22:21:39Z,Color,Cool gray undertones freshen up this shade of white.,43f47baa63732991c6ca8beb639e6509ef0dc9ce,1,,"{'title': 'China <em>White</em> OC-141 | Benjamin Moore', 'sections': 'China <em>White</em>', 'description': 'Cool gray undertones freshen up this shade of <em>white</em>.', 'color_name': 'China <em>White</em>', 'page_path': '&#x2F;en-us&#x2F;paint-colors&#x2F;color&#x2F;oc-141&#x2F;china-<em>white</em>', 'PrimaryColorFamily': '<em>White</em>'}",6242a01f196a67414e894bf5,OC-141,Light,Warm,E7E4D9,China White,Beige,White,,,,,,,,,
https://media.benjaminmoore.com/WebServices/prod/cdp/836x1045/white-paint-221-winter-white-OC-21-rgb.jpg,https://www.benjaminmoore.com/en-us/paint-colors/color/oc-21/winter-white,"['Winter White', 'Matching Colors', 'Similar Colors', 'Color By Family']",/en-us/paint-colors/color/oc-21/winter-white,2024-07-21T14:49:42Z,Winter White OC-21 | Benjamin Moore,2024-07-21T14:49:41Z,Color,A crisp white with a subtle blue cast.,225d1923403b4d1a137409a80510c9ea9bf56183,1,,"{'title': 'Winter <em>White</em> OC-21 | Benjamin Moore', 'sections': 'Winter <em>White</em>', 'description': 'A crisp <em>white</em> with a subtle blue cast.', 'color_name': 'Winter <em>White</em>', 'page_path': '&#x2F;en-us&#x2F;paint-colors&#x2F;color&#x2F;oc-21&#x2F;winter-<em>white</em>', 'PrimaryColorFamily': '<em>White</em>'}",6242cae6e7b9d210760f58b7,OC-21,Light,Cool,E7E9E2,Winter White,,White,,,,,,,,,
https://media.benjaminmoore.com/WebServices/prod/cdp/836x1045/white-paint-231-white-diamond-OC-61-rgb.jpg,https://www.benjaminmoore.com/en-us/paint-colors/color/oc-61/white-diamond,"['White Diamond', 'Matching Colors', 'Similar Colors', 'Color By Family']",/en-us/paint-colors/color/oc-61/white-diamond,2024-07-21T22:07:45Z,White Diamond OC-61 | Benjamin Moore,2024-07-21T22:07:45Z,Color,A sparkling white brightened with a hint of blue.,b8205b5ba4c8fd83ccf5d7ea56d2fd647b18ecfb,1,,"{'title': '<em>White</em> Diamond OC-61 | Benjamin Moore', 'sections': '<em>White</em> Diamond', 'description': 'A sparkling <em>white</em> brightened with a hint of blue.', 'color_name': '<em>White</em> Diamond', 'page_path': '&#x2F;en-us&#x2F;paint-colors&#x2F;color&#x2F;oc-61&#x2F;<em>white</em>-diamond', 'PrimaryColorFamily': '<em>White</em>'}",624267f2e7b9d2a9930f5f0d,OC-61,Light,Cool,ECEFEC,White Diamond,,White,,,,,,,,,
https://media.benjaminmoore.com/WebServices/prod/cdp/836x1045/white-paint-041-onyx-white-OC-74-rgb.jpg,https://www.benjaminmoore.com/en-us/paint-colors/color/oc-74/onyx-white,"['Onyx White', 'Matching Colors', 'Similar Colors', 'Color By Family']",/en-us/paint-colors/color/oc-74/onyx-white,2024-07-21T10:41:51Z,Onyx White OC-74 | Benjamin Moore,2024-07-21T10:41:51Z,Color,A rich off-white with a welcoming peach glow.,c69e21d9a140960119f5722d0f1ce257bc5eb244,1,,"{'title': 'Onyx <em>White</em> OC-74 | Benjamin Moore', 'sections': 'Onyx <em>White</em>', 'description': 'A rich off-<em>white</em> with a welcoming peach glow.', 'color_name': 'Onyx <em>White</em>', 'page_path': '&#x2F;en-us&#x2F;paint-colors&#x2F;color&#x2F;oc-74&#x2F;onyx-<em>white</em>', 'PrimaryColorFamily': '<em>White</em>'}",6242f264e7b9d201e60f5380,OC-74,Light,Warm,F2E3D0,Onyx White,Peach,White,,,,,,,,,
https://media.benjaminmoore.com/WebServices/prod/cdp/836x1045/white-paint-251-glacier-white-OC-37-rgb.jpg,https://www.benjaminmoore.com/en-us/paint-colors/color/oc-37/glacier-white,"['Glacier White', 'Matching Colors', 'Similar Colors', 'Color By Family']",/en-us/paint-colors/color/oc-37/glacier-white,2024-07-21T21:04:21Z,Glacier White OC-37 | Benjamin Moore,2024-07-21T21:04:21Z,Color,A versatile white with hushed grayish green tones.,47d87ee4a85aed60b369413272eac21541a7dfa8,1,,"{'title': 'Glacier <em>White</em> OC-37 | Benjamin Moore', 'sections': 'Glacier <em>White</em>', 'description': 'A versatile <em>white</em> with hushed grayish green tones.', 'color_name': 'Glacier <em>White</em>', 'page_path': '&#x2F;en-us&#x2F;paint-colors&#x2F;color&#x2F;oc-37&#x2F;glacier-<em>white</em>', 'PrimaryColorFamily': '<em>White</em>'}",62425589e7b9d254240f52e7,OC-37,Light,Warm,ECEAE0,Glacier White,Cream,White,,,,,,,,,
https://media.benjaminmoore.com/WebServices/prod/cdp/836x1045/white-paint-106-alpine-white-OC-124-rgb.jpg,https://www.benjaminmoore.com/en-us/paint-colors/color/oc-124/alpine-white,"['Alpine White', 'Matching Colors', 'Similar Colors', 'Color By Family']",/en-us/paint-colors/color/oc-124/alpine-white,2024-07-22T03:49:58Z,Alpine White OC-124 | Benjamin Moore,2024-07-22T03:49:58Z,Color,A frothy white that glows with a lemony cast.,c1c18afd4630f0767f56288dfe122283fc1a9c70,1,,"{'title': 'Alpine <em>White</em> OC-124 | Benjamin Moore', 'sections': 'Alpine <em>White</em>', 'description': 'A frothy <em>white</em> that glows with a lemony cast.', 'color_name': 'Alpine <em>White</em>', 'page_path': '&#x2F;en-us&#x2F;paint-colors&#x2F;color&#x2F;oc-124&#x2F;alpine-<em>white</em>', 'PrimaryColorFamily': '<em>White</em>'}",6242c637e7b9d2ca700f3e13,OC-124,Light,Warm,F4F4E3,Alpine White,Yellow,White,,,,,,,,,
https://media.benjaminmoore.com/WebServices/prod/cdp/836x1045/white-paint-251-dune-white-CC-70-rgb.jpg,https://www.benjaminmoore.com/en-us/paint-colors/color/cc-70/dune-white,"['Dune White', 'Matching Colors', 'Similar Colors', 'Color By Family']",/en-us/paint-colors/color/cc-70/dune-white,2024-07-21T22:50:22Z,Dune White CC-70 | Benjamin Moore,2024-07-21T22:50:22Z,Color,A versatile white with hushed grayish green tones.,3a5f7f754447cbf04f03ffb9b3cc4fe392a248ab,1,,"{'title': 'Dune <em>White</em> CC-70 | Benjamin Moore', 'sections': 'Dune <em>White</em>', 'description': 'A versatile <em>white</em> with hushed grayish green tones.', 'color_name': 'Dune <em>White</em>', 'page_path': '&#x2F;en-us&#x2F;paint-colors&#x2F;color&#x2F;cc-70&#x2F;dune-<em>white</em>', 'PrimaryColorFamily': '<em>White</em>'}",6242d4af28ccbc47a1ddb002,CC-70,Light,Warm,ECEAE0,Dune White,Cream,White,,,,,,,,,
https://media.benjaminmoore.com/WebServices/prod/cdp/836x1045/white-paint-257-acadia-white-OC-38-rgb.jpg,https://www.benjaminmoore.com/en-us/paint-colors/color/oc-38/acadia-white,"['Acadia White', 'Matching Colors', 'Similar Colors', 'Color By Family']",/en-us/paint-colors/color/oc-38/acadia-white,2024-07-22T00:05:14Z,Acadia White OC-38 | Benjamin Moore,2024-07-22T00:05:13Z,Color,Crisp cream undertones warm up this clean shade of white.,1f9822229dfe2945e868426a2bbde1e2f2609d26,1,,"{'title': 'Acadia <em>White</em> OC-38 | Benjamin Moore', 'sections': 'Acadia <em>White</em>', 'description': 'Crisp cream undertones warm up this clean shade of <em>white</em>.', 'color_name': 'Acadia <em>White</em>', 'page_path': '&#x2F;en-us&#x2F;paint-colors&#x2F;color&#x2F;oc-38&#x2F;acadia-<em>white</em>', 'PrimaryColorFamily': '<em>White</em>'}",6242562228ccbc852fdd9b6a,OC-38,Light,Warm,F2EFDF,Acadia White,Yellow,White,,,,,,,,,
https://media.benjaminmoore.com/WebServices/prod/cdp/836x1045/white-paint-249-intense-white-OC-51-rgb.jpg,https://www.benjaminmoore.com/en-us/paint-colors/color/oc-51/intense-white,"['Intense White', 'Matching Colors', 'Similar Colors', 'Color By Family']",/en-us/paint-colors/color/oc-51/intense-white,2024-07-22T01:32:29Z,Intense White OC-51 | Benjamin Moore,2024-07-22T01:32:29Z,Color,"An optic white with cool, blue-gray undertones.",a3d8437ca5d4d875db857e40726c931ce9786547,1,,"{'title': 'Intense <em>White</em> OC-51 | Benjamin Moore', 'sections': 'Intense <em>White</em>', 'description': 'An optic <em>white</em> with cool, blue-gray undertones.', 'color_name': 'Intense <em>White</em>', 'page_path': '&#x2F;en-us&#x2F;paint-colors&#x2F;color&#x2F;oc-51&#x2F;intense-<em>white</em>', 'PrimaryColorFamily': '<em>White</em>'}",6242a6f864441f6168005567,OC-51,Light,Cool,E0DFD7,Intense White,Gray,White,,,,,,,,,
https://media.benjaminmoore.com/WebServices/prod/cdp/836x1045/white-paint-022-cameo-white-OC-147-rgb.jpg,https://www.benjaminmoore.com/en-us/paint-colors/color/oc-147/cameo-white,"['Cameo White', 'Matching Colors', 'Similar Colors', 'Color By Family']",/en-us/paint-colors/color/oc-147/cameo-white,2024-07-30T14:47:57Z,Cameo White OC-147 | Benjamin Moore,2024-07-03T15:13:32Z,Color,"A soft, antiqued white with a touch of cream.",ce1d55cb72fc756ebf0f805db949d24f2f2519f2,1,,"{'title': 'Cameo <em>White</em> OC-147 | Benjamin Moore', 'sections': 'Cameo <em>White</em>', 'description': 'A soft, antiqued <em>white</em> with a touch of cream.', 'color_name': 'Cameo <em>White</em>', 'page_path': '&#x2F;en-us&#x2F;paint-colors&#x2F;color&#x2F;oc-147&#x2F;cameo-<em>white</em>', 'Color Collection': 'Off <em>White</em> Collection', 'Family': '<em>White</em>'}",62431568e7b9d2af600f4881,OC-147,,,F2E7CF,Cameo White,,,,Pale,"['Bathroom', 'Kitchen', 'Living Room', 'Trim']",White,Light,"['Interior', 'Exterior']",true,Off White Collection,Boho
https://media.benjaminmoore.com/WebServices/prod/cdp/836x1045/white-paint-251-cloud-white-967-rgb.jpg,https://www.benjaminmoore.com/en-us/paint-colors/color/967/cloud-white,"['Cloud White', 'Matching Colors', 'Different Shades', 'Similar Colors', 'Color By Family']",/en-us/paint-colors/color/967/cloud-white,2024-07-21T20:48:23Z,Cloud White 967 | Benjamin Moore,2024-07-21T20:48:22Z,Color,"Soft and balanced, this go-to white can effortlessly buoy a space.",6d1a16a9dd0f4af7a048f301349730b8cab19212,1,,"{'title': 'Cloud <em>White</em> 967 | Benjamin Moore', 'sections': 'Cloud <em>White</em>', 'description': 'Soft and balanced, this go-to <em>white</em> can effortlessly buoy a space.', 'color_name': 'Cloud <em>White</em>', 'page_path': '&#x2F;en-us&#x2F;paint-colors&#x2F;color&#x2F;967&#x2F;cloud-<em>white</em>', 'PrimaryColorFamily': '<em>White</em>'}",62424c62196a678401895cb1,967,Light,Warm,F2F1E6,Cloud White,Cream,White,,,,,,,,,
https://media.benjaminmoore.com/WebServices/prod/cdp/836x1045/white-paint-251-white-down-970-rgb.jpg,https://www.benjaminmoore.com/en-us/paint-colors/color/970/white-down,"['White Down', 'Matching Colors', 'Different Shades', 'Similar Colors', 'Color By Family']",/en-us/paint-colors/color/970/white-down,2024-07-22T00:20:18Z,White Down 970 | Benjamin Moore,2024-07-22T00:20:18Z,Color,The barest greige undertone gives this cozy white its feathery softness.,e6a1bca6b08e872b22729459acf3a4ad24bca8e0,1,,"{'title': '<em>White</em> Down 970 | Benjamin Moore', 'sections': '<em>White</em> Down', 'description': 'The barest greige undertone gives this cozy <em>white</em> its feathery softness.', 'color_name': '<em>White</em> Down', 'page_path': '&#x2F;en-us&#x2F;paint-colors&#x2F;color&#x2F;970&#x2F;<em>white</em>-down', 'PrimaryColorFamily': '<em>White</em>'}",6242840c28ccbc310cddc1af,970,Light,Warm,EBE6D7,White Down,Cream,White,,,,,,,,,
https://media.benjaminmoore.com/WebServices/prod/cdp/836x1045/white-paint-085-white-river-1499-rgb.jpg,https://www.benjaminmoore.com/en-us/paint-colors/color/1499/white-river,"['White River', 'Matching Colors', 'Different Shades', 'Similar Colors', 'Color By Family']",/en-us/paint-colors/color/1499/white-river,2024-07-22T04:22:36Z,White River 1499 | Benjamin Moore,2024-07-22T04:22:36Z,Color,"Soft grayish-green undertones give this off-white a floaty, effortless appeal.",270c985dc6673df2c5f80fa7c1917dd74f20c47e,1,,"{'title': '<em>White</em> River 1499 | Benjamin Moore', 'sections': '<em>White</em> River', 'description': 'Soft grayish-green undertones give this off-<em>white</em> a floaty, effortless appeal.', 'color_name': '<em>White</em> River', 'page_path': '&#x2F;en-us&#x2F;paint-colors&#x2F;color&#x2F;1499&#x2F;<em>white</em>-river', 'PrimaryColorFamily': '<em>White</em>'}",6242b996196a67b91d8952d9,1499,Light,Warm,E3E2D5,White River,,White,,,,,,,,,
https://media.benjaminmoore.com/WebServices/prod/cdp/836x1045/white-paint-254-marble-white-942-rgb.jpg,https://www.benjaminmoore.com/en-us/paint-colors/color/942/marble-white,"['Marble White', 'Matching Colors', 'Different Shades', 'Similar Colors', 'Color By Family']",/en-us/paint-colors/color/942/marble-white,2024-07-22T04:15:35Z,Marble White 942 | Benjamin Moore,2024-07-22T04:15:34Z,Color,"Muted cream tones give this off-white an elegant, antique feel.",30068eed1f976cc8928411e376afdacb22b80ae3,1,,"{'title': 'Marble <em>White</em> 942 | Benjamin Moore', 'sections': 'Marble <em>White</em>', 'description': 'Muted cream tones give this off-<em>white</em> an elegant, antique feel.', 'color_name': 'Marble <em>White</em>', 'page_path': '&#x2F;en-us&#x2F;paint-colors&#x2F;color&#x2F;942&#x2F;marble-<em>white</em>', 'PrimaryColorFamily': '<em>White</em>'}",624292c8e7b9d23c590f48b8,942,Light,Warm,F0EBD7,Marble White,Cream,White,,,,,,,,,
https://media.benjaminmoore.com/WebServices/prod/cdp/836x1045/white-paint-250-evening-white-907-rgb.jpg,https://www.benjaminmoore.com/en-us/paint-colors/color/907/evening-white,"['Evening White', 'Matching Colors', 'Different Shades', 'Similar Colors', 'Color By Family']",/en-us/paint-colors/color/907/evening-white,2024-07-22T03:43:43Z,Evening White 907 | Benjamin Moore,2024-07-22T03:43:42Z,Color,"Delicate notes of peach give this off-white a cozy, welcoming feeling.",085b2a3c50e7c5ba4e50abe45f406887f1067379,1,,"{'title': 'Evening <em>White</em> 907 | Benjamin Moore', 'sections': 'Evening <em>White</em>', 'description': 'Delicate notes of peach give this off-<em>white</em> a cozy, welcoming feeling.', 'color_name': 'Evening <em>White</em>', 'page_path': '&#x2F;en-us&#x2F;paint-colors&#x2F;color&#x2F;907&#x2F;evening-<em>white</em>', 'PrimaryColorFamily': '<em>White</em>'}",6242f2a7196a6792188965e5,907,Light,Warm,F3E6D3,Evening White,Peach,White,,,,,,,,,
https://media.benjaminmoore.com/WebServices/prod/cdp/836x1045/white-paint-256-navajo-white-947-rgb.jpg,https://www.benjaminmoore.com/en-us/paint-colors/color/947/navajo-white,"['Navajo White', 'Matching Colors', 'Different Shades', 'Similar Colors', 'Color By Family']",/en-us/paint-colors/color/947/navajo-white,2024-07-22T02:52:15Z,Navajo White 947 | Benjamin Moore,2024-07-22T02:52:15Z,Color,"Slightly warm and delicately shaded, this off-white has timeless, widespread appeal.",9aed636ec293957ab24e289cc0241d6dfda6a9c5,1,,"{'title': 'Navajo <em>White</em> 947 | Benjamin Moore', 'sections': 'Navajo <em>White</em>', 'description': 'Slightly warm and delicately shaded, this off-<em>white</em> has timeless, widespread appeal.', 'color_name': 'Navajo <em>White</em>', 'page_path': '&#x2F;en-us&#x2F;paint-colors&#x2F;color&#x2F;947&#x2F;navajo-<em>white</em>', 'PrimaryColorFamily': '<em>White</em>'}",624292b764441fab24004c95,947,Light,Warm,EEE7D5,Navajo White,Cream,White,,,,,,,,,
https://media.benjaminmoore.com/WebServices/prod/cdp/836x1045/white-paint-250-antique-white-909-rgb.jpg,https://www.benjaminmoore.com/en-us/paint-colors/color/909/antique-white,"['Antique White', 'Matching Colors', 'Different Shades', 'Similar Colors', 'Color By Family']",/en-us/paint-colors/color/909/antique-white,2024-07-30T18:48:30Z,Antique White 909 | Benjamin Moore,2024-07-30T18:48:29Z,Color,A dose of peach gives this flattering off-white a vintage appeal.,240cb8c9445cfb4e952cf70ed7406ca45fa82161,1,,"{'title': 'Antique <em>White</em> 909 | Benjamin Moore', 'sections': 'Antique <em>White</em>', 'description': 'A dose of peach gives this flattering off-<em>white</em> a vintage appeal.', 'color_name': 'Antique <em>White</em>', 'page_path': '&#x2F;en-us&#x2F;paint-colors&#x2F;color&#x2F;909&#x2F;antique-<em>white</em>', 'Family': '<em>White</em>'}",63a6c517196a671ed479b46d,909,,,F2E5D3,Antique White,,,,,,White,Light,"['Interior', 'Exterior']",true,Benjamin Moore Classics&reg;,
https://media.benjaminmoore.com/WebServices/prod/cdp/836x1045/white-paint-254-spanish-white-943-rgb.jpg,https://www.benjaminmoore.com/en-us/paint-colors/color/943/spanish-white,"['Spanish White', 'Matching Colors', 'Different Shades', 'Similar Colors', 'Color By Family']",/en-us/paint-colors/color/943/spanish-white,2024-07-30T13:28:04Z,Spanish White 943 | Benjamin Moore,2024-07-30T13:28:03Z,Color,The barest touch of cream brings Old World elegance to this soft shade of white.,156e1a506c9702338244d173faea4033553d3041,1,,"{'title': 'Spanish <em>White</em> 943 | Benjamin Moore', 'sections': 'Spanish <em>White</em>', 'description': 'The barest touch of cream brings Old World elegance to this soft shade of <em>white</em>.', 'color_name': 'Spanish <em>White</em>', 'page_path': '&#x2F;en-us&#x2F;paint-colors&#x2F;color&#x2F;943&#x2F;spanish-<em>white</em>', 'Family': '<em>White</em>'}",6242dbdf64441f5c79006251,943,,,EBE6D2,Spanish White,,,,,,White,Light,"['Interior', 'Exterior']",true,Benjamin Moore Classics&reg;,
https://media.benjaminmoore.com/WebServices/prod/cdp/836x1045/white-paint-104-white-ice-2139-70-rgb.jpg,https://www.benjaminmoore.com/en-us/paint-colors/color/2139-70/white-ice,"['White Ice', 'Matching Colors', 'Different Shades', 'Similar Colors', 'Color By Family']",/en-us/paint-colors/color/2139-70/white-ice,2024-07-21T23:22:35Z,White Ice 2139-70 | Benjamin Moore,2024-07-21T23:22:34Z,Color,A splash of blue brightens this refreshing white.,fae127d2018c47f6f4923407da54435b626542aa,1,,"{'title': '<em>White</em> Ice 2139-70 | Benjamin Moore', 'sections': '<em>White</em> Ice', 'description': 'A splash of blue brightens this refreshing <em>white</em>.', 'color_name': '<em>White</em> Ice', 'page_path': '&#x2F;en-us&#x2F;paint-colors&#x2F;color&#x2F;2139-70&#x2F;<em>white</em>-ice', 'PrimaryColorFamily': '<em>White</em>'}",6242891364441f16be00635a,2139-70,Light,Cool,EAEEE9,White Ice,,White,,,,,,,,,
https://media.benjaminmoore.com/WebServices/prod/cdp/836x1045/white-paint-221-winter-white-2140-70-rgb.jpg,https://www.benjaminmoore.com/en-us/paint-colors/color/2140-70/winter-white,"['Winter White', 'Matching Colors', 'Different Shades', 'Similar Colors', 'Color By Family']",/en-us/paint-colors/color/2140-70/winter-white,2024-07-22T02:14:13Z,Winter White 2140-70 | Benjamin Moore,2024-07-22T02:14:12Z,Color,A crisp white with a subtle blue cast.,45096a738ccdb773d660d85fa53cd3a9088de72d,1,,"{'title': 'Winter <em>White</em> 2140-70 | Benjamin Moore', 'sections': 'Winter <em>White</em>', 'description': 'A crisp <em>white</em> with a subtle blue cast.', 'color_name': 'Winter <em>White</em>', 'page_path': '&#x2F;en-us&#x2F;paint-colors&#x2F;color&#x2F;2140-70&#x2F;winter-<em>white</em>', 'PrimaryColorFamily': '<em>White</em>'}",62428842196a671dc089552b,2140-70,Light,Cool,E7E9E2,Winter White,,White,,,,,,,,,
https://media.benjaminmoore.com/WebServices/prod/cdp/836x1045/white-paint-218-patriotic-white-2135-70-rgb.jpg,https://www.benjaminmoore.com/en-us/paint-colors/color/2135-70/patriotic-white,"['Patriotic White', 'Matching Colors', 'Different Shades', 'Similar Colors', 'Color By Family']",/en-us/paint-colors/color/2135-70/patriotic-white,2024-07-21T22:11:22Z,Patriotic White 2135-70 | Benjamin Moore,2024-07-21T22:11:22Z,Color,Crisp blue undertones punctuate this bright shade of white.,dd9fd7d41acd59a5de9876ab82366f46dcf3c7b7,1,,"{'title': 'Patriotic <em>White</em> 2135-70 | Benjamin Moore', 'sections': 'Patriotic <em>White</em>', 'description': 'Crisp blue undertones punctuate this bright shade of <em>white</em>.', 'color_name': 'Patriotic <em>White</em>', 'page_path': '&#x2F;en-us&#x2F;paint-colors&#x2F;color&#x2F;2135-70&#x2F;patriotic-<em>white</em>', 'PrimaryColorFamily': '<em>White</em>'}",624293ea196a675681896984,2135-70,Light,Cool,E4EDEB,Patriotic White,,White,,,,,,,,,
https://media.benjaminmoore.com/WebServices/prod/cdp/836x1045/white-paint-217-white-wisp-2137-70-rgb.jpg,https://www.benjaminmoore.com/en-us/paint-colors/color/2137-70/white-wisp,"['White Wisp', 'Matching Colors', 'Different Shades', 'Similar Colors', 'Color By Family']",/en-us/paint-colors/color/2137-70/white-wisp,2024-07-21T22:03:03Z,White Wisp 2137-70 | Benjamin Moore,2024-07-21T22:03:03Z,Color,A gently cool white that instantly freshens up a space.,6a9b3e1441bdf54e920fbd9a4b1a343186376aad,1,,"{'title': '<em>White</em> Wisp 2137-70 | Benjamin Moore', 'sections': '<em>White</em> Wisp', 'description': 'A gently cool <em>white</em> that instantly freshens up a space.', 'color_name': '<em>White</em> Wisp', 'page_path': '&#x2F;en-us&#x2F;paint-colors&#x2F;color&#x2F;2137-70&#x2F;<em>white</em>-wisp', 'PrimaryColorFamily': '<em>White</em>'}",62428835e7b9d2d01d0f39df,2137-70,Light,Cool,E6E8E1,White Wisp,,White,,,,,,,,,
https://media.benjaminmoore.com/WebServices/prod/cdp/836x1045/white-paint-229-cascade-white-2127-70-rgb.jpg,https://www.benjaminmoore.com/en-us/paint-colors/color/2127-70/cascade-white,"['Cascade White', 'Matching Colors', 'Different Shades', 'Similar Colors', 'Color By Family']",/en-us/paint-colors/color/2127-70/cascade-white,2024-07-21T22:47:21Z,Cascade White 2127-70 | Benjamin Moore,2024-07-21T22:47:20Z,Color,A soothing white with icy blue and gray undertones.,5047f0fd07106be9cd873014839e07e98d852edb,1,,"{'title': 'Cascade <em>White</em> 2127-70 | Benjamin Moore', 'sections': 'Cascade <em>White</em>', 'description': 'A soothing <em>white</em> with icy blue and gray undertones.', 'color_name': 'Cascade <em>White</em>', 'page_path': '&#x2F;en-us&#x2F;paint-colors&#x2F;color&#x2F;2127-70&#x2F;cascade-<em>white</em>', 'PrimaryColorFamily': '<em>White</em>'}",62427d59196a675e5889652a,2127-70,Light,Cool,DDE2E3,Cascade White,,White,,,,,,,,,
https://media.benjaminmoore.com/WebServices/prod/cdp/836x1045/white-paint-106-alpine-white-2147-70-rgb.jpg,https://www.benjaminmoore.com/en-us/paint-colors/color/2147-70/alpine-white,"['Alpine White', 'Matching Colors', 'Different Shades', 'Similar Colors', 'Color By Family']",/en-us/paint-colors/color/2147-70/alpine-white,2024-07-22T04:09:05Z,Alpine White 2147-70 | Benjamin Moore,2024-07-22T04:09:04Z,Color,A frothy white that glows with a lemony cast.,44c69071d9507ef9c89119f26b6d88647f9e9f10,1,,"{'title': 'Alpine <em>White</em> 2147-70 | Benjamin Moore', 'sections': 'Alpine <em>White</em>', 'description': 'A frothy <em>white</em> that glows with a lemony cast.', 'color_name': 'Alpine <em>White</em>', 'page_path': '&#x2F;en-us&#x2F;paint-colors&#x2F;color&#x2F;2147-70&#x2F;alpine-<em>white</em>', 'PrimaryColorFamily': '<em>White</em>'}",6242813828ccbcf409ddb2cb,2147-70,Light,Warm,F4F4E3,Alpine White,Yellow,White,,,,,,,,,
https://media.benjaminmoore.com/WebServices/prod/cdp/836x1045/white-paint-231-white-diamond-2121-60-rgb.jpg,https://www.benjaminmoore.com/en-us/paint-colors/color/2121-60/white-diamond,"['White Diamond', 'Matching Colors', 'Different Shades', 'Similar Colors', 'Color By Family']",/en-us/paint-colors/color/2121-60/white-diamond,2024-07-21T22:52:22Z,White Diamond 2121-60 | Benjamin Moore,2024-07-21T22:52:22Z,Color,A sparkling white brightened with a hint of blue.,948a2ae23748d09ac419e28235dc3738bf30c359,1,,"{'title': '<em>White</em> Diamond 2121-60 | Benjamin Moore', 'sections': '<em>White</em> Diamond', 'description': 'A sparkling <em>white</em> brightened with a hint of blue.', 'color_name': '<em>White</em> Diamond', 'page_path': '&#x2F;en-us&#x2F;paint-colors&#x2F;color&#x2F;2121-60&#x2F;<em>white</em>-diamond', 'PrimaryColorFamily': '<em>White</em>'}",62424f1de7b9d2f20d0f4edd,2121-60,Light,Cool,ECEFEC,White Diamond,,White,,,,,,,,,
https://media.benjaminmoore.com/WebServices/prod/cdp/836x1045/white-paint-153-mirage-white-2116-70-rgb.jpg,https://www.benjaminmoore.com/en-us/paint-colors/color/2116-70/mirage-white,"['Mirage White', 'Matching Colors', 'Different Shades', 'Similar Colors', 'Color By Family']",/en-us/paint-colors/color/2116-70/mirage-white,2024-07-22T01:27:42Z,Mirage White 2116-70 | Benjamin Moore,2024-07-22T01:27:41Z,Color,An off-white distinguished by hints of gray and violet.,52ffd2a341a968c8bba1eac6b3297d73bcc5ddea,1,,"{'title': 'Mirage <em>White</em> 2116-70 | Benjamin Moore', 'sections': 'Mirage <em>White</em>', 'description': 'An off-<em>white</em> distinguished by hints of gray and violet.', 'color_name': 'Mirage <em>White</em>', 'page_path': '&#x2F;en-us&#x2F;paint-colors&#x2F;color&#x2F;2116-70&#x2F;mirage-<em>white</em>', 'PrimaryColorFamily': '<em>White</em>'}",6242ed0928ccbcc5e7ddbb7a,2116-70,Light,Cool,EBE9EA,Mirage White,,White,,,,,,,,,
https://media.benjaminmoore.com/WebServices/prod/cdp/836x1045/purple-paint-158-polar-white-2069-70-rgb.jpg,https://www.benjaminmoore.com/en-us/paint-colors/color/2069-70/polar-white,"['Polar White', 'Matching Colors', 'Different Shades', 'Similar Colors', 'Color By Family']",/en-us/paint-colors/color/2069-70/polar-white,2024-07-22T03:18:15Z,Polar White 2069-70 | Benjamin Moore,2024-07-22T03:18:14Z,Color,An off-white delicately shaded with cool lavender tones.,814a3350e64418be1f728371b5da3b33d21ea026,1,,"{'title': 'Polar <em>White</em> 2069-70 | Benjamin Moore', 'sections': 'Polar <em>White</em>', 'description': 'An off-<em>white</em> delicately shaded with cool lavender tones.', 'color_name': 'Polar <em>White</em>', 'page_path': '&#x2F;en-us&#x2F;paint-colors&#x2F;color&#x2F;2069-70&#x2F;polar-<em>white</em>'}",6242fc3c196a67716789629c,2069-70,Light,Cool,E8E8EF,Polar White,,,,,,,,,,,
https://media.benjaminmoore.com/WebServices/prod/cdp/836x1045/white-paint-026-white-vanilla-2017-70-rgb.jpg,https://www.benjaminmoore.com/en-us/paint-colors/color/2017-70/white-vanilla,"['White Vanilla', 'Matching Colors', 'Different Shades', 'Similar Colors', 'Color By Family']",/en-us/paint-colors/color/2017-70/white-vanilla,2024-07-22T03:34:32Z,White Vanilla 2017-70 | Benjamin Moore,2024-07-22T03:34:31Z,Color,"A sweet, creamy off-white with crisp yellow-orange undertones.",92749a14e1b432c71f16618393f9ba85117d31aa,1,,"{'title': '<em>White</em> Vanilla 2017-70 | Benjamin Moore', 'sections': '<em>White</em> Vanilla', 'description': 'A sweet, creamy off-<em>white</em> with crisp yellow-orange undertones.', 'color_name': '<em>White</em> Vanilla', 'page_path': '&#x2F;en-us&#x2F;paint-colors&#x2F;color&#x2F;2017-70&#x2F;<em>white</em>-vanilla', 'PrimaryColorFamily': '<em>White</em>'}",6242c360196a67d15c895cf0,2017-70,Light,Warm,FCF4DE,White Vanilla,Yellow,White,,,,,,,,,
https://media.benjaminmoore.com/WebServices/prod/cdp/836x1045/neutral-paint-107-white-marigold-2149-60-rgb.jpg,https://www.benjaminmoore.com/en-us/paint-colors/color/2149-60/white-marigold,"['White Marigold', 'Matching Colors', 'Different Shades', 'Similar Colors', 'Color By Family']",/en-us/paint-colors/color/2149-60/white-marigold,2024-07-22T03:04:07Z,White Marigold 2149-60 | Benjamin Moore,2024-07-22T03:04:07Z,Color,Hints of yellow and gray distinguish this off-white hue.,011696683a7a5e9db7a78783d5b1dc0658aecaeb,1,,"{'title': '<em>White</em> Marigold 2149-60 | Benjamin Moore', 'sections': '<em>White</em> Marigold', 'description': 'Hints of yellow and gray distinguish this off-<em>white</em> hue.', 'color_name': '<em>White</em> Marigold', 'page_path': '&#x2F;en-us&#x2F;paint-colors&#x2F;color&#x2F;2149-60&#x2F;<em>white</em>-marigold'}",638b148828ccbc1c5d4569c0,2149-60,Light,Warm,EDE8CF,White Marigold,Yellow,Neutral,,,,,,,,,
https://media.benjaminmoore.com/WebServices/prod/cdp/836x1045/white-paint-252-lime-white-CW-95-rgb.jpg,https://www.benjaminmoore.com/en-us/paint-colors/color/cw-95/lime-white,"['Lime White', 'Matching Colors', 'Color By Family']",/en-us/paint-colors/color/cw-95/lime-white,2024-07-22T01:00:01Z,Lime White CW-95 | Benjamin Moore,2024-07-22T01:00:00Z,Color,"Capturing the shade of aged lime putty, this soft reflective white sets a warm tone.",d679899312d859c322638323526eda3656bfcbe1,1,,"{'title': 'Lime <em>White</em> CW-95 | Benjamin Moore', 'sections': 'Lime <em>White</em>', 'description': 'Capturing the shade of aged lime putty, this soft reflective <em>white</em> sets a warm tone.', 'color_name': 'Lime <em>White</em>', 'page_path': '&#x2F;en-us&#x2F;paint-colors&#x2F;color&#x2F;cw-95&#x2F;lime-<em>white</em>', 'PrimaryColorFamily': '<em>White</em>'}",6243104264441f5d47004d00,CW-95,Light,Warm,EAE3D2,Lime White,Cream,White,,,,,,,,,
https://media.benjaminmoore.com/WebServices/prod/cdp/836x1045/white-paint-252-lancaster-white-OC-144-rgb.jpg,https://www.benjaminmoore.com/en-us/paint-colors/color/oc-144/lancaster-white,"['Lancaster White', 'Matching Colors', 'Color By Family']",/en-us/paint-colors/color/oc-144/lancaster-white,2024-07-21T22:16:38Z,Lancaster White OC-144 | Benjamin Moore,2024-07-03T13:27:35Z,Color,"With its pleasing flaxen undertone, this off-white has a timeless quality.",8b7d7012b28ef2d377ab35599fa16663f9e551b8,1,,"{'title': 'Lancaster <em>White</em> OC-144 | Benjamin Moore', 'sections': 'Lancaster <em>White</em>', 'description': 'With its pleasing flaxen undertone, this off-<em>white</em> has a timeless quality.', 'color_name': 'Lancaster <em>White</em>', 'page_path': '&#x2F;en-us&#x2F;paint-colors&#x2F;color&#x2F;oc-144&#x2F;lancaster-<em>white</em>', 'PrimaryColorFamily': '<em>White</em>'}",6242fac5e7b9d25ec40f5087,OC-144,Light,Warm,E6E1CC,Lancaster White,,White,,,,,,,,,
https://media.benjaminmoore.com/WebServices/prod/cdp/836x1045/white-paint-245-super-white-OC-152-rgb.jpg,https://www.benjaminmoore.com/en-us/paint-colors/color/oc-152/super-white,"['Super White', 'Matching Colors', 'Color By Family']",/en-us/paint-colors/color/oc-152/super-white,2024-07-21T20:57:21Z,Super White OC-152 | Benjamin Moore,2024-07-21T20:57:21Z,Color,"A radiant, slightly cool shade of white that suggests clarity and simplicity.",bffc40d44de8a1018fc01b2e8f916f7a6c7deabc,1,,"{'title': 'Super <em>White</em> OC-152 | Benjamin Moore', 'sections': 'Super <em>White</em>', 'description': 'A radiant, slightly cool shade of <em>white</em> that suggests clarity and simplicity.', 'color_name': 'Super <em>White</em>', 'page_path': '&#x2F;en-us&#x2F;paint-colors&#x2F;color&#x2F;oc-152&#x2F;super-<em>white</em>', 'PrimaryColorFamily': '<em>White</em>'}",624276d8e7b9d2c8680f4bbd,OC-152,Light,Cool,F1F2EE,Super White,,White,,,,,,,,,
https://media.benjaminmoore.com/WebServices/prod/cdp/836x1045/white-paint-205-timid-white-OC-39-rgb.jpg,https://www.benjaminmoore.com/en-us/paint-colors/color/oc-39/timid-white,"['Timid White', 'Matching Colors', 'Similar Colors', 'Color By Family']",/en-us/paint-colors/color/oc-39/timid-white,2024-07-21T20:25:15Z,Timid White OC-39 | Benjamin Moore,2024-07-21T20:25:15Z,Color,Delicate cream tones make this white a pleasing presence in any room.,afabc6534f60d0980c1444ab555713e4ace131a4,1,,"{'title': 'Timid <em>White</em> OC-39 | Benjamin Moore', 'sections': 'Timid <em>White</em>', 'description': 'Delicate cream tones make this <em>white</em> a pleasing presence in any room.', 'color_name': 'Timid <em>White</em>', 'page_path': '&#x2F;en-us&#x2F;paint-colors&#x2F;color&#x2F;oc-39&#x2F;timid-<em>white</em>', 'PrimaryColorFamily': '<em>White</em>'}",6242701c28ccbc5c03ddb8b0,OC-39,Light,Warm,F2EEDD,Timid White,Cream,White,,,,,,,,,
https://media.benjaminmoore.com/WebServices/prod/cdp/836x1045/white-paint-256-navajo-white-OC-95-rgb.jpg,https://www.benjaminmoore.com/en-us/paint-colors/color/oc-95/navajo-white,"['Navajo White', 'Matching Colors', 'Similar Colors', 'Color By Family']",/en-us/paint-colors/color/oc-95/navajo-white,2024-07-21T19:47:48Z,Navajo White OC-95 | Benjamin Moore,2024-07-21T19:47:48Z,Color,"Slightly warm and delicately shaded, this off-white has timeless, widespread appeal.",aebcd8a6181b7450d70f1d5798d7d4210b74d1b1,1,,"{'title': 'Navajo <em>White</em> OC-95 | Benjamin Moore', 'sections': 'Navajo <em>White</em>', 'description': 'Slightly warm and delicately shaded, this off-<em>white</em> has timeless, widespread appeal.', 'color_name': 'Navajo <em>White</em>', 'page_path': '&#x2F;en-us&#x2F;paint-colors&#x2F;color&#x2F;oc-95&#x2F;navajo-<em>white</em>', 'PrimaryColorFamily': '<em>White</em>'}",624272a364441ff5ad003fc1,OC-95,Light,Warm,EEE7D5,Navajo White,Beige,White,,,,,,,,,
https://media.benjaminmoore.com/WebServices/prod/cdp/836x1045/white-paint-250-antique-white-OC-83-rgb.jpg,https://www.benjaminmoore.com/en-us/paint-colors/color/oc-83/antique-white,"['Antique White', 'Matching Colors', 'Similar Colors', 'Color By Family']",/en-us/paint-colors/color/oc-83/antique-white,2024-07-21T20:26:36Z,Antique White OC-83 | Benjamin Moore,2024-07-21T20:26:36Z,Color,A dose of peach gives this flattering off-white a vintage appeal.,d37f0b087a3ea2f463ad12afc9fe07ef3dad7b9e,1,,"{'title': 'Antique <em>White</em> OC-83 | Benjamin Moore', 'sections': 'Antique <em>White</em>', 'description': 'A dose of peach gives this flattering off-<em>white</em> a vintage appeal.', 'color_name': 'Antique <em>White</em>', 'page_path': '&#x2F;en-us&#x2F;paint-colors&#x2F;color&#x2F;oc-83&#x2F;antique-<em>white</em>', 'PrimaryColorFamily': '<em>White</em>'}",6242f15e28ccbc0eebddbe2e,OC-83,Light,Warm,F2E5D3,Antique White,Peach,White,,,,,,,,,
https://media.benjaminmoore.com/WebServices/prod/cdp/836x1045/white-paint-250-evening-white-OC-81-rgb.jpg,https://www.benjaminmoore.com/en-us/paint-colors/color/oc-81/evening-white,"['Evening White', 'Matching Colors', 'Similar Colors', 'Color By Family']",/en-us/paint-colors/color/oc-81/evening-white,2024-07-21T20:26:36Z,Evening White OC-81 | Benjamin Moore,2024-07-21T20:26:36Z,Color,"Delicate notes of peach give this off-white a cozy, welcoming feeling.",dc9e60010b65362b70030281fc72ba09d4b3d959,1,,"{'title': 'Evening <em>White</em> OC-81 | Benjamin Moore', 'sections': 'Evening <em>White</em>', 'description': 'Delicate notes of peach give this off-<em>white</em> a cozy, welcoming feeling.', 'color_name': 'Evening <em>White</em>', 'page_path': '&#x2F;en-us&#x2F;paint-colors&#x2F;color&#x2F;oc-81&#x2F;evening-<em>white</em>', 'PrimaryColorFamily': '<em>White</em>'}",62431944196a6727688971cf,OC-81,Light,Warm,F3E6D3,Evening White,Peach,White,,,,,,,,,
https://media.benjaminmoore.com/WebServices/prod/cdp/836x1045/white-paint-251-white-down-OC-131-rgb.jpg,https://www.benjaminmoore.com/en-us/paint-colors/color/oc-131/white-down,"['White Down', 'Matching Colors', 'Similar Colors', 'Color By Family']",/en-us/paint-colors/color/oc-131/white-down,2024-07-21T23:02:13Z,White Down OC-131 | Benjamin Moore,2024-07-21T23:02:13Z,Color,The barest greige undertone gives this cozy white its feathery softness.,6cbadd5b1505c20f85e4430b300f60458b421696,1,,"{'title': '<em>White</em> Down OC-131 | Benjamin Moore', 'sections': '<em>White</em> Down', 'description': 'The barest greige undertone gives this cozy <em>white</em> its feathery softness.', 'color_name': '<em>White</em> Down', 'page_path': '&#x2F;en-us&#x2F;paint-colors&#x2F;color&#x2F;oc-131&#x2F;<em>white</em>-down', 'PrimaryColorFamily': '<em>White</em>'}",62427b16e7b9d207e30f62be,OC-131,Light,Warm,EBE6D7,White Down,Beige,White,,,,,,,,,
https://media.benjaminmoore.com/WebServices/prod/cdp/836x1045/white-paint-085-snowfall-white-OC-118-rgb.jpg,https://www.benjaminmoore.com/en-us/paint-colors/color/oc-118/snowfall-white,"['Snowfall White', 'Matching Colors', 'Similar Colors', 'Color By Family']",/en-us/paint-colors/color/oc-118/snowfall-white,2024-07-22T00:31:54Z,Snowfall White OC-118 | Benjamin Moore,2024-07-22T00:31:54Z,Color,"As crisp and pristine as winter's first snow, this bright white has a cleansing presence.",43248a423b67f2e45e47a38ff51aa8c23117f4ef,1,,"{'title': 'Snowfall <em>White</em> OC-118 | Benjamin Moore', 'sections': 'Snowfall <em>White</em>', 'description': 'As crisp and pristine as winter&#x27;s first snow, this bright <em>white</em> has a cleansing presence.', 'color_name': 'Snowfall <em>White</em>', 'page_path': '&#x2F;en-us&#x2F;paint-colors&#x2F;color&#x2F;oc-118&#x2F;snowfall-<em>white</em>', 'PrimaryColorFamily': '<em>White</em>'}",6242646d64441f832f005e31,OC-118,Light,Warm,F6F7EE,Snowfall White,Cream,White,,,,,,,,,
https://media.benjaminmoore.com/WebServices/prod/cdp/836x1045/white-paint-251-white-down-CC-50-rgb.jpg,https://www.benjaminmoore.com/en-us/paint-colors/color/cc-50/white-down,"['White Down', 'Matching Colors', 'Similar Colors', 'Color By Family']",/en-us/paint-colors/color/cc-50/white-down,2024-07-22T00:50:14Z,White Down CC-50 | Benjamin Moore,2024-07-22T00:50:14Z,Color,The barest greige undertone gives this cozy white its feathery softness.,a2addf668055000d93c2bbd3c0bc6ee548e82d2c,1,,"{'title': '<em>White</em> Down CC-50 | Benjamin Moore', 'sections': '<em>White</em> Down', 'description': 'The barest greige undertone gives this cozy <em>white</em> its feathery softness.', 'color_name': '<em>White</em> Down', 'page_path': '&#x2F;en-us&#x2F;paint-colors&#x2F;color&#x2F;cc-50&#x2F;<em>white</em>-down', 'PrimaryColorFamily': '<em>White</em>'}",6242ede764441fbf7a0059d4,CC-50,Light,Warm,EBE6D7,White Down,Beige,White,,,,,,,,,
https://media.benjaminmoore.com/WebServices/prod/cdp/836x1045/white-paint-254-spanish-white-OC-35-rgb.jpg,https://www.benjaminmoore.com/en-us/paint-colors/color/oc-35/spanish-white,"['Spanish White', 'Matching Colors', 'Similar Colors', 'Color By Family']",/en-us/paint-colors/color/oc-35/spanish-white,2024-07-21T15:01:57Z,Spanish White OC-35 | Benjamin Moore,2024-07-21T15:01:57Z,Color,The barest touch of cream brings Old World elegance to this soft shade of white.,a6c16b07a50fda959e55e2fc9abceae041631a81,1,,"{'title': 'Spanish <em>White</em> OC-35 | Benjamin Moore', 'sections': 'Spanish <em>White</em>', 'description': 'The barest touch of cream brings Old World elegance to this soft shade of <em>white</em>.', 'color_name': 'Spanish <em>White</em>', 'page_path': '&#x2F;en-us&#x2F;paint-colors&#x2F;color&#x2F;oc-35&#x2F;spanish-<em>white</em>', 'PrimaryColorFamily': '<em>White</em>'}",6242f05728ccbc77eadd9d42,OC-35,Light,Warm,EBE6D2,Spanish White,Cream,White,,,,,,,,,
https://media.benjaminmoore.com/WebServices/prod/cdp/836x1045/white-paint-251-cloud-white-CC-40-rgb.jpg,https://www.benjaminmoore.com/en-us/paint-colors/color/cc-40/cloud-white,"['Cloud White', 'Matching Colors', 'Similar Colors', 'Color By Family']",/en-us/paint-colors/color/cc-40/cloud-white,2024-07-21T21:12:40Z,Cloud White CC-40 | Benjamin Moore,2024-07-21T21:12:39Z,Color,"Soft and balanced, this go-to white can effortlessly buoy a space.",6d87a13f5f8dcfa6f5f32a14b65e12e282f10d88,1,,"{'title': 'Cloud <em>White</em> CC-40 | Benjamin Moore', 'sections': 'Cloud <em>White</em>', 'description': 'Soft and balanced, this go-to <em>white</em> can effortlessly buoy a space.', 'color_name': 'Cloud <em>White</em>', 'page_path': '&#x2F;en-us&#x2F;paint-colors&#x2F;color&#x2F;cc-40&#x2F;cloud-<em>white</em>', 'PrimaryColorFamily': '<em>White</em>'}",6242794c64441f8dfe0054af,CC-40,Light,Warm,F2F1E6,Cloud White,Cream,White,,,,,,,,,
https://media.benjaminmoore.com/WebServices/prod/cdp/836x1045/white-paint-085-white-drifts-OC-138-rgb.jpg,https://www.benjaminmoore.com/en-us/paint-colors/color/oc-138/white-drifts,"['White Drifts', 'Matching Colors', 'Similar Colors', 'Color By Family']",/en-us/paint-colors/color/oc-138/white-drifts,2024-07-21T08:50:04Z,White Drifts OC-138 | Benjamin Moore,2024-07-21T08:50:04Z,Color,"Soft grayish-green undertones give this off-white a floaty, effortless appeal.",f043b6276ad7e2cd856dacc0a885d017b9baa705,1,,"{'title': '<em>White</em> Drifts OC-138 | Benjamin Moore', 'sections': '<em>White</em> Drifts', 'description': 'Soft grayish-green undertones give this off-<em>white</em> a floaty, effortless appeal.', 'color_name': '<em>White</em> Drifts', 'page_path': '&#x2F;en-us&#x2F;paint-colors&#x2F;color&#x2F;oc-138&#x2F;<em>white</em>-drifts', 'PrimaryColorFamily': '<em>White</em>'}",62428fdbe7b9d22cd30f62ec,OC-138,Light,Cool,E3E2D5,White Drifts,Gray,White,,,,,,,,,
https://media.benjaminmoore.com/WebServices/prod/cdp/836x1045/white-paint-254-marble-white-OC-34-rgb.jpg,https://www.benjaminmoore.com/en-us/paint-colors/color/oc-34/marble-white,"['Marble White', 'Matching Colors', 'Similar Colors', 'Color By Family']",/en-us/paint-colors/color/oc-34/marble-white,2024-07-22T00:05:14Z,Marble White OC-34 | Benjamin Moore,2024-07-22T00:05:14Z,Color,"Muted cream tones give this off-white an elegant, antique feel.",005213995ee4f1dfc9e8b035daea2dc9420415ba,1,,"{'title': 'Marble <em>White</em> OC-34 | Benjamin Moore', 'sections': 'Marble <em>White</em>', 'description': 'Muted cream tones give this off-<em>white</em> an elegant, antique feel.', 'color_name': 'Marble <em>White</em>', 'page_path': '&#x2F;en-us&#x2F;paint-colors&#x2F;color&#x2F;oc-34&#x2F;marble-<em>white</em>', 'PrimaryColorFamily': '<em>White</em>'}",62426c33e7b9d27c700f42d0,OC-34,Light,Warm,F0EBD7,Marble White,Cream,White,,,,,,,,,
https://media.benjaminmoore.com/WebServices/prod/cdp/836x1045/white-paint-107-white-chocolate-OC-127-rgb.jpg,https://www.benjaminmoore.com/en-us/paint-colors/color/oc-127/white-chocolate,"['White Chocolate', 'Matching Colors', 'Similar Colors', 'Color By Family']",/en-us/paint-colors/color/oc-127/white-chocolate,2024-07-22T00:14:14Z,White Chocolate OC-127 | Benjamin Moore,2024-07-22T00:14:13Z,Color,Soft cream notes give this eye-pleasing white a quietly luxurious look.,f93e82c10d98ace764b2c6d0da9177483b2af4af,1,,"{'title': '<em>White</em> Chocolate OC-127 | Benjamin Moore', 'sections': '<em>White</em> Chocolate', 'description': 'Soft cream notes give this eye-pleasing <em>white</em> a quietly luxurious look.', 'color_name': '<em>White</em> Chocolate', 'page_path': '&#x2F;en-us&#x2F;paint-colors&#x2F;color&#x2F;oc-127&#x2F;<em>white</em>-chocolate', 'PrimaryColorFamily': '<em>White</em>'}",6242d78f196a674d9a89507a,OC-127,Light,Warm,F5F3E3,White Chocolate,Yellow,White,,,,,,,,,
https://media.benjaminmoore.com/WebServices/prod/cdp/836x1045/white-paint-243-pure-white-OC-64-rgb.jpg,https://www.benjaminmoore.com/en-us/paint-colors/color/oc-64/pure-white,"['Pure White', 'Matching Colors', 'Similar Colors', 'Color By Family']",/en-us/paint-colors/color/oc-64/pure-white,2024-07-22T00:15:07Z,Pure White OC-64 | Benjamin Moore,2024-07-22T00:15:06Z,Color,"Gray tones soften to this white, while a touch of blue lends a crisp edge.",d3640ea65c9b3d535f17f10f0badefe342e19fd2,1,,"{'title': 'Pure <em>White</em> OC-64 | Benjamin Moore', 'sections': 'Pure <em>White</em>', 'description': 'Gray tones soften to this <em>white</em>, while a touch of blue lends a crisp edge.', 'color_name': 'Pure <em>White</em>', 'page_path': '&#x2F;en-us&#x2F;paint-colors&#x2F;color&#x2F;oc-64&#x2F;pure-<em>white</em>', 'PrimaryColorFamily': '<em>White</em>'}",62423b0228ccbc1485ddbc64,OC-64,Light,Cool,E5E7E4,Pure White,Gray,White,,,,,,,,,
https://media.benjaminmoore.com/WebServices/prod/cdp/836x1045/white-paint-091-moonlight-white-OC-125-rgb.jpg,https://www.benjaminmoore.com/en-us/paint-colors/color/oc-125/moonlight-white,"['Moonlight White', 'Matching Colors', 'Similar Colors', 'Color By Family']",/en-us/paint-colors/color/oc-125/moonlight-white,2024-07-21T06:35:45Z,Moonlight White OC-125 | Benjamin Moore,2024-07-21T06:35:45Z,Color,"Silvery green undertones lend a soothing, relaxed quality to this versatile white.",cac2f12fce3c73884e65dd5d5f390bc6c7e01f53,1,,"{'title': 'Moonlight <em>White</em> OC-125 | Benjamin Moore', 'sections': 'Moonlight <em>White</em>', 'description': 'Silvery green undertones lend a soothing, relaxed quality to this versatile <em>white</em>.', 'color_name': 'Moonlight <em>White</em>', 'page_path': '&#x2F;en-us&#x2F;paint-colors&#x2F;color&#x2F;oc-125&#x2F;moonlight-<em>white</em>', 'PrimaryColorFamily': '<em>White</em>'}",62429c1fe7b9d230520f5f28,OC-125,Light,Warm,EFEEE3,Moonlight White,,White,,,,,,,,,
https://media.benjaminmoore.com/WebServices/prod/cdp/836x1045/white-paint-250-white-blush-904-rgb.jpg,https://www.benjaminmoore.com/en-us/paint-colors/color/904/white-blush,"['White Blush', 'Matching Colors', 'Different Shades', 'Similar Colors', 'Color By Family']",/en-us/paint-colors/color/904/white-blush,2024-07-21T21:22:58Z,White Blush 904 | Benjamin Moore,2024-07-21T21:22:57Z,Color,"A quiet beauty, this off-white has a slight pink undertone that gives it a soft glow.",c5700a3519687c0eb27e707f83c650c7e0380641,1,,"{'title': '<em>White</em> Blush 904 | Benjamin Moore', 'sections': '<em>White</em> Blush', 'description': 'A quiet beauty, this off-<em>white</em> has a slight pink undertone that gives it a soft glow.', 'color_name': '<em>White</em> Blush', 'page_path': '&#x2F;en-us&#x2F;paint-colors&#x2F;color&#x2F;904&#x2F;<em>white</em>-blush', 'PrimaryColorFamily': '<em>White</em>'}",624261ab28ccbca5badda3ad,904,Light,Warm,F6F0E1,White Blush,Yellow,White,,,,,,,,,
https://media.benjaminmoore.com/WebServices/prod/cdp/836x1045/white-paint-215-paper-white-1590-rgb.jpg,https://www.benjaminmoore.com/en-us/paint-colors/color/1590/paper-white,"['Paper White', 'Matching Colors', 'Different Shades', 'Similar Colors', 'Color By Family']",/en-us/paint-colors/color/1590/paper-white,2024-07-22T01:59:10Z,Paper White 1590 | Benjamin Moore,2024-07-22T01:59:09Z,Color,"Like a fresh sheet of paper, a touch of blue-gray lends a clean, crisp feel to this appealing white.",36a69ac25dbd86dfaae9165f830695525869fa92,1,,"{'title': 'Paper <em>White</em> 1590 | Benjamin Moore', 'sections': 'Paper <em>White</em>', 'description': 'Like a fresh sheet of paper, a touch of blue-gray lends a clean, crisp feel to this appealing <em>white</em>.', 'color_name': 'Paper <em>White</em>', 'page_path': '&#x2F;en-us&#x2F;paint-colors&#x2F;color&#x2F;1590&#x2F;paper-<em>white</em>', 'PrimaryColorFamily': '<em>White</em>'}",624250f9e7b9d251960f6149,1590,Light,Cool,E0E2DC,Paper White,Gray,White,,,,,,,,,
https://media.benjaminmoore.com/WebServices/prod/cdp/836x1045/white-paint-250-white-mountains-906-rgb.jpg,https://www.benjaminmoore.com/en-us/paint-colors/color/906/white-mountains,"['White Mountains', 'Matching Colors', 'Different Shades', 'Similar Colors', 'Color By Family']",/en-us/paint-colors/color/906/white-mountains,2024-07-30T16:28:48Z,White Mountains 906 | Benjamin Moore,2024-07-30T16:28:48Z,Color,"With its faint peach undertones, this white paint color evokes snow-capped mountains bathed in the sunset.",741eb937d8b3ac1843ad57429a1c59e1708c0631,1,,"{'title': '<em>White</em> Mountains 906 | Benjamin Moore', 'sections': '<em>White</em> Mountains', 'description': 'With its faint peach undertones, this <em>white</em> paint color evokes snow-capped mountains bathed in the sunset.', 'color_name': '<em>White</em> Mountains', 'page_path': '&#x2F;en-us&#x2F;paint-colors&#x2F;color&#x2F;906&#x2F;<em>white</em>-mountains', 'Family': '<em>White</em>'}",6242df8264441f2bd100603a,906,,,F4EAD5,White Mountains,,,,,,White,Light,"['Interior', 'Exterior']",true,Benjamin Moore Classics&reg;,
https://media.benjaminmoore.com/WebServices/prod/cdp/836x1045/orange-paint-043-soft-white-2170-70-rgb.jpg,https://www.benjaminmoore.com/en-us/paint-colors/color/2170-70/soft-white,"['Soft White', 'Matching Colors', 'Different Shades', 'Similar Colors', 'Color By Family']",/en-us/paint-colors/color/2170-70/soft-white,2024-07-21T19:52:50Z,Soft White 2170-70 | Benjamin Moore,2024-07-21T19:52:49Z,Color,An off-white delicately colored with the faintest hints of peach and pink.,310bc61bcbbcdcd726f4dc330610926f2b6b6fd5,1,,"{'title': 'Soft <em>White</em> 2170-70 | Benjamin Moore', 'sections': 'Soft <em>White</em>', 'description': 'An off-<em>white</em> delicately colored with the faintest hints of peach and pink.', 'color_name': 'Soft <em>White</em>', 'page_path': '&#x2F;en-us&#x2F;paint-colors&#x2F;color&#x2F;2170-70&#x2F;soft-<em>white</em>'}",6242f1fbe7b9d25ff80f4e57,2170-70,Light,Warm,FAEDE3,Soft White,Peach,Orange,,,,,,,,,
https://media.benjaminmoore.com/WebServices/prod/cdp/836x1045/white-paint-245-decorator's-white-CC-20-rgb.jpg,https://www.benjaminmoore.com/en-us/paint-colors/color/cc-20/decorators-white,"[""Decorator's White"", 'Matching Colors', 'Different Shades', 'Similar Colors', 'Color By Family']",/en-us/paint-colors/color/cc-20/decorators-white,2024-07-22T00:50:12Z,Decorator's White CC-20 | Benjamin Moore,2024-07-22T00:50:12Z,Color,"A touch of cool gray gives this go-to white sleek, stylish appeal.",ac2a609c3e0478c00a694330328ab054fd6ebe7c,1,,"{'title': 'Decorator&#x27;s <em>White</em> CC-20 | Benjamin Moore', 'sections': 'Decorator&#x27;s <em>White</em>', 'description': 'A touch of cool gray gives this go-to <em>white</em> sleek, stylish appeal.', 'color_name': 'Decorator&#x27;s <em>White</em>', 'page_path': '&#x2F;en-us&#x2F;paint-colors&#x2F;color&#x2F;cc-20&#x2F;decorators-<em>white</em>', 'PrimaryColorFamily': '<em>White</em>'}",6242ffcd64441f6bee00633e,CC-20,Light,Cool,EBEDEA,Decorator's White,Gray,White,,,,,,,,,
https://media.benjaminmoore.com/WebServices/prod/cdp/836x1045/white-paint-085-snowfall-white-2144-70-rgb.jpg,https://www.benjaminmoore.com/en-us/paint-colors/color/2144-70/snowfall-white,"['Snowfall White', 'Matching Colors', 'Different Shades', 'Similar Colors', 'Color By Family']",/en-us/paint-colors/color/2144-70/snowfall-white,2024-07-21T22:24:59Z,Snowfall White 2144-70 | Benjamin Moore,2024-07-21T22:24:59Z,Color,"As crisp and pristine as winter's first snow, this bright white has a cleansing presence.",57c92fc29d2f0eed87f9b8274a326636e4797dd8,1,,"{'title': 'Snowfall <em>White</em> 2144-70 | Benjamin Moore', 'sections': 'Snowfall <em>White</em>', 'description': 'As crisp and pristine as winter&#x27;s first snow, this bright <em>white</em> has a cleansing presence.', 'color_name': 'Snowfall <em>White</em>', 'page_path': '&#x2F;en-us&#x2F;paint-colors&#x2F;color&#x2F;2144-70&#x2F;snowfall-<em>white</em>', 'PrimaryColorFamily': '<em>White</em>'}",62427c6ae7b9d207480f5fc5,2144-70,Light,Warm,F6F7EE,Snowfall White,Yellow,White,,,,,,,,,
https://media.benjaminmoore.com/WebServices/prod/cdp/836x1045/White-paint-234-stone-white-2120-70-rgb.jpg,https://www.benjaminmoore.com/en-us/paint-colors/color/2120-70/stone-white,"['Stone White', 'Matching Colors', 'Different Shades', 'Similar Colors', 'Color By Family']",/en-us/paint-colors/color/2120-70/stone-white,2024-07-21T21:22:03Z,Stone White 2120-70 | Benjamin Moore,2024-07-21T21:22:02Z,Color,A calming shade of white delicately shaded with cool gray tones.,d4425f13d75c0c880e1833b64d2c65aa816b6278,1,,"{'title': 'Stone <em>White</em> 2120-70 | Benjamin Moore', 'sections': 'Stone <em>White</em>', 'description': 'A calming shade of <em>white</em> delicately shaded with cool gray tones.', 'color_name': 'Stone <em>White</em>', 'page_path': '&#x2F;en-us&#x2F;paint-colors&#x2F;color&#x2F;2120-70&#x2F;stone-<em>white</em>', 'PrimaryColorFamily': '<em>White</em>'}",62427d8664441f4215006158,2120-70,Light,Cool,DFE3E3,Stone White,,White,,,,,,,,,
https://media.benjaminmoore.com/WebServices/prod/cdp/836x1045/white-paint-228-chalk-white-2126-70-rgb.jpg,https://www.benjaminmoore.com/en-us/paint-colors/color/2126-70/chalk-white,"['Chalk White', 'Matching Colors', 'Different Shades', 'Similar Colors', 'Color By Family']",/en-us/paint-colors/color/2126-70/chalk-white,2024-07-21T21:05:51Z,Chalk White 2126-70 | Benjamin Moore,2024-07-21T21:05:51Z,Color,"A clean, sleek white softened with just the right touch of blue-gray.",f65682e4edbc0ad296c24c33b66850dc95b6373b,1,,"{'title': 'Chalk <em>White</em> 2126-70 | Benjamin Moore', 'sections': 'Chalk <em>White</em>', 'description': 'A clean, sleek <em>white</em> softened with just the right touch of blue-gray.', 'color_name': 'Chalk <em>White</em>', 'page_path': '&#x2F;en-us&#x2F;paint-colors&#x2F;color&#x2F;2126-70&#x2F;chalk-<em>white</em>', 'PrimaryColorFamily': '<em>White</em>'}",624262bd64441f65eb0048c5,2126-70,Light,Cool,EAEDEB,Chalk White,Gray,White,,,,,,,,,
https://media.benjaminmoore.com/WebServices/prod/cdp/836x1045/white-paint-197-candle-white-2164-70-rgb.jpg,https://www.benjaminmoore.com/en-us/paint-colors/color/2164-70/candle-white,"['Candle White', 'Matching Colors', 'Different Shades', 'Similar Colors', 'Color By Family']",/en-us/paint-colors/color/2164-70/candle-white,2024-07-21T22:55:02Z,Candle White 2164-70 | Benjamin Moore,2024-07-21T22:55:01Z,Color,"Softened by a hint of pink, this creamy white is as luminous as candlelight.",f759bf6eac26239488230489ca98d9c4d046ed84,1,,"{'title': 'Candle <em>White</em> 2164-70 | Benjamin Moore', 'sections': 'Candle <em>White</em>', 'description': 'Softened by a hint of pink, this creamy <em>white</em> is as luminous as candlelight.', 'color_name': 'Candle <em>White</em>', 'page_path': '&#x2F;en-us&#x2F;paint-colors&#x2F;color&#x2F;2164-70&#x2F;candle-<em>white</em>', 'PrimaryColorFamily': '<em>White</em>'}",6242b52864441f149d004c0d,2164-70,Light,Warm,F2E8DD,Candle White,Peach,White,,,,,,,,,
https://media.benjaminmoore.com/WebServices/prod/cdp/836x1045/white-paint-240-lily-white-2128-70-rgb.jpg,https://www.benjaminmoore.com/en-us/paint-colors/color/2128-70/lily-white,"['Lily White', 'Matching Colors', 'Different Shades', 'Similar Colors', 'Color By Family']",/en-us/paint-colors/color/2128-70/lily-white,2024-07-22T03:32:33Z,Lily White 2128-70 | Benjamin Moore,2024-07-22T03:32:33Z,Color,"A crisp, optic white lightly shaded with blue and gray undertones.",3f02d9d68a4e85a3d4c8c63b5eb777e39b5cc459,1,,"{'title': 'Lily <em>White</em> 2128-70 | Benjamin Moore', 'sections': 'Lily <em>White</em>', 'description': 'A crisp, optic <em>white</em> lightly shaded with blue and gray undertones.', 'color_name': 'Lily <em>White</em>', 'page_path': '&#x2F;en-us&#x2F;paint-colors&#x2F;color&#x2F;2128-70&#x2F;lily-<em>white</em>', 'PrimaryColorFamily': '<em>White</em>'}",6242804564441f9c83003dab,2128-70,Light,Cool,E3E9EB,Lily White,,White,,,,,,,,,
https://media.benjaminmoore.com/WebServices/prod/cdp/836x1045/white-paint-107-white-chocolate-2149-70-rgb.jpg,https://www.benjaminmoore.com/en-us/paint-colors/color/2149-70/white-chocolate,"['White Chocolate', 'Matching Colors', 'Different Shades', 'Similar Colors', 'Color By Family']",/en-us/paint-colors/color/2149-70/white-chocolate,2024-07-22T03:02:10Z,White Chocolate 2149-70 | Benjamin Moore,2024-07-22T03:02:10Z,Color,Soft cream notes give this eye-pleasing white a quietly luxurious look.,fe0704da1cc1373350a7971b000400f6f3e6a205,1,,"{'title': '<em>White</em> Chocolate 2149-70 | Benjamin Moore', 'sections': '<em>White</em> Chocolate', 'description': 'Soft cream notes give this eye-pleasing <em>white</em> a quietly luxurious look.', 'color_name': '<em>White</em> Chocolate', 'page_path': '&#x2F;en-us&#x2F;paint-colors&#x2F;color&#x2F;2149-70&#x2F;<em>white</em>-chocolate', 'PrimaryColorFamily': '<em>White</em>'}",624297fe28ccbc2709ddb2d4,2149-70,Light,Warm,F5F3E3,White Chocolate,Yellow,White,,,,,,,,,
