image,url,sections,page_path,published_at,title,updated_at,type,description,external_id,popularity,info,highlight,id,color_number,ColorValue,WarmCool,color_hex,color_name,Undertone,PrimaryColorFamily,Mood,Project,Family,Shade,Interior/Exterior,cdp,Color Collection,Style,language
https://www.benjaminmoore.com/-/media/sites/benjaminmoore/images/color/color-families/color-families-yellow/colorbyfamilyyellow_hero_mobile_640x640.jpg,https://www.benjaminmoore.com/en-us/paint-colors/yellow,['Yellow Paint Colors'],/en-us/paint-colors/yellow,2024-08-05T18:38:07Z,Yellow Paint Colors | Benjamin Moore,2024-07-05T18:44:00Z,Color,"Explore our Benjamin Moore Yellow paint color family with a variety of options to create an environment that creates a warm, sunny space that always feels bright and inviting.",bfa741207b644c3550bbf5fe6ece15579a0bcf92,1,,"{'title': '<em>Yellow</em> Paint Colors | Benjamin Moore', 'sections': '<em>Yellow</em> Paint Colors', 'description': 'Explore our Benjamin Moore <em>Yellow</em> paint color family with a variety of options to create an environment that creates a warm, sunny space that always feels bright and inviting.', 'page_path': '&#x2F;en-us&#x2F;paint-colors&#x2F;<em>yellow</em>'}",62f699ec64441fea08f1a053,,,,,,,,,,,,,,,,
https://media.benjaminmoore.com/WebServices/prod/cdp/836x1045/yellow-paint-063-hawthorne-yellow-HC-4-rgb.jpg,https://www.benjaminmoore.com/en-us/paint-colors/color/hc-4/hawthorne-yellow,"['Hawthorne Yellow', 'Matching Colors', 'Different Shades', 'Similar Colors', 'Color By Family']",/en-us/paint-colors/color/hc-4/hawthorne-yellow,2024-07-21T23:41:42Z,Hawthorne Yellow HC-4 | Benjamin Moore,2024-07-21T23:41:41Z,Color,A bold yet balanced yellow that is a popular accent choice for interiors and exteriors.,9d05c4929b34c6a1c4c346d12fbb7618f1a32d30,1,,"{'title': 'Hawthorne <em>Yellow</em> HC-4 | Benjamin Moore', 'sections': 'Hawthorne <em>Yellow</em>', 'description': 'A bold yet balanced <em>yellow</em> that is a popular accent choice for interiors and exteriors.', 'color_name': 'Hawthorne <em>Yellow</em>', 'page_path': '&#x2F;en-us&#x2F;paint-colors&#x2F;color&#x2F;hc-4&#x2F;hawthorne-<em>yellow</em>', 'PrimaryColorFamily': '<em>Yellow</em>', 'Undertone': '<em>Yellow</em>'}",6242740b196a674ce6896e39,HC-4,Light,Warm,F5E1A4,Hawthorne Yellow,Yellow,Yellow,,,,,,,,,
https://media.benjaminmoore.com/WebServices/prod/cdp/836x1045/white-paint-257-man-on-the-moon-OC-106-rgb.jpg,https://www.benjaminmoore.com/en-us/paint-colors/color/oc-106/man-on-the-moon,"['Man on the Moon', 'Matching Colors', 'Similar Colors', 'Color By Family']",/en-us/paint-colors/color/oc-106/man-on-the-moon,2024-07-22T04:04:04Z,Man on the Moon OC-106 | Benjamin Moore,2024-07-22T04:04:03Z,Color,"With its ultra-soft, muted cast, this pale yellow has a calming, eye-pleasing quality.",8ba428f7bebdbc922ca547b4f15aac5b965478b9,1,,"{'description': 'With its ultra-soft, muted cast, this pale <em>yellow</em> has a calming, eye-pleasing quality.', 'Undertone': '<em>Yellow</em>'}",62423df9e7b9d2ac960f5344,OC-106,Light,Warm,F5EDCD,Man on the Moon,Yellow,White,,,,,,,,,
https://media.benjaminmoore.com/WebServices/prod/cdp/836x1045/white-paint-057-mannequin-cream-2152-60-rgb.jpg,https://www.benjaminmoore.com/en-us/paint-colors/color/2152-60/mannequin-cream,"['Mannequin Cream', 'Matching Colors', 'Different Shades', 'Similar Colors', 'Color By Family']",/en-us/paint-colors/color/2152-60/mannequin-cream,2024-07-22T01:53:26Z,Mannequin Cream 2152-60 | Benjamin Moore,2024-07-22T01:53:26Z,Color,A pretty pale with muted cream undertones.,604f53f51ab0e1686487b68420e84311e6a74096,1,,{},62423df064441f4b99004742,2152-60,Light,Warm,F7ECD2,Mannequin Cream,Cream,White,,,,,,,,,
https://media.benjaminmoore.com/WebServices/prod/cdp/836x1045/yellow-paint-054-york-harbor-yellow-2154-40-rgb.jpg,https://www.benjaminmoore.com/en-us/paint-colors/color/2154-40/york-harbor-yellow,"['York Harbor Yellow', 'Matching Colors', 'Different Shades', 'Similar Colors', 'Color By Family']",/en-us/paint-colors/color/2154-40/york-harbor-yellow,2024-07-21T20:17:11Z,York Harbor Yellow 2154-40 | Benjamin Moore,2024-07-21T20:17:11Z,Color,"A mellow yellow rounded out by a hint of orange, this mid-tone is a reliable option anytime a pop of color is needed.",b9e6691464709897d03abf0007b3b823eb79f142,1,,"{'title': 'York Harbor <em>Yellow</em> 2154-40 | Benjamin Moore', 'sections': 'York Harbor <em>Yellow</em>', 'description': 'A mellow <em>yellow</em> rounded out by a hint of orange, this mid-tone is a reliable option anytime a pop of color is needed.', 'color_name': 'York Harbor <em>Yellow</em>', 'page_path': '&#x2F;en-us&#x2F;paint-colors&#x2F;color&#x2F;2154-40&#x2F;york-harbor-<em>yellow</em>', 'PrimaryColorFamily': '<em>Yellow</em>'}",62423de964441f03cc004827,2154-40,Medium,Warm,EAC17C,York Harbor Yellow,,Yellow,,,,,,,,,
https://media.benjaminmoore.com/WebServices/prod/cdp/836x1045/yellow-paint-057-golden-straw-2152-50-rgb.jpg,https://www.benjaminmoore.com/en-us/paint-colors/color/2152-50/golden-straw,"['Golden Straw', 'Matching Colors', 'Different Shades', 'Similar Colors', 'Color By Family']",/en-us/paint-colors/color/2152-50/golden-straw,2024-07-21T20:11:01Z,Golden Straw 2152-50 | Benjamin Moore,2024-07-21T20:11:01Z,Color,"With its subtle notes of cream and peach, this easygoing yellow brings an effortless glow to a space.",192597d150418ddc2e5683c6e58f97aa9f27c756,1,,"{'description': 'With its subtle notes of cream and peach, this easygoing <em>yellow</em> brings an effortless glow to a space.', 'PrimaryColorFamily': '<em>Yellow</em>'}",62423e05196a67c884896928,2152-50,Light,Warm,EFDDB5,Golden Straw,Peach,Yellow,,,,,,,,,
https://media.benjaminmoore.com/WebServices/prod/cdp/836x1045/yellow-paint-053-soleil-AF-330-rgb.jpg,https://www.benjaminmoore.com/en-us/paint-colors/color/af-330/soleil,"['Soleil', 'Matching Colors', 'Different Shades', 'Similar Colors', 'Color By Family']",/en-us/paint-colors/color/af-330/soleil,2024-07-21T20:28:18Z,Soleil AF-330 | Benjamin Moore,2024-07-21T20:28:17Z,Color,"A yellow that paints the picture of bright, golden rays peeking through fluffy clouds.",0d68eb8541ac4235c41c891ec649d8cf9f15b8ee,1,,"{'description': 'A <em>yellow</em> that paints the picture of bright, golden rays peeking through fluffy clouds.', 'PrimaryColorFamily': '<em>Yellow</em>', 'Undertone': '<em>Yellow</em>'}",6241feec64441f7ea70042fe,AF-330,Light,Warm,FCE9BD,Soleil,Yellow,Yellow,,,,,,,,,
https://media.benjaminmoore.com/WebServices/prod/cdp/836x1045/yellow-paint-054-buttercup-2154-30-rgb.jpg,https://www.benjaminmoore.com/en-us/paint-colors/color/2154-30/buttercup,"['Buttercup', 'Matching Colors', 'Different Shades', 'Similar Colors', 'Color By Family']",/en-us/paint-colors/color/2154-30/buttercup,2024-07-21T20:17:56Z,Buttercup 2154-30 | Benjamin Moore,2024-07-21T20:17:56Z,Color,"Like its namesake flower, this yellow-gold can make a big statement even in small amounts.",44818fb3a1551d72b2988c68d6fb98542cc2e9a2,1,,"{'description': 'Like its namesake flower, this <em>yellow</em>-gold can make a big statement even in small amounts.', 'PrimaryColorFamily': '<em>Yellow</em>'}",62423dec28ccbc1164ddb52c,2154-30,Medium,Warm,D5A14B,Buttercup,,Yellow,,,,,,,,,
https://media.benjaminmoore.com/WebServices/prod/cdp/836x1045/neutral-paint-188-golden-retriever-2165-30-rgb.jpg,https://www.benjaminmoore.com/en-us/paint-colors/color/2165-30/golden-retriever,"['Golden Retriever', 'Matching Colors', 'Different Shades', 'Similar Colors', 'Color By Family']",/en-us/paint-colors/color/2165-30/golden-retriever,2024-07-21T23:41:41Z,Golden Retriever 2165-30 | Benjamin Moore,2024-07-21T23:41:41Z,Color,"Just like its namesake, this medium golden brown can be relied on for comfort and cheer.",e0bc6c43275dfa99f9517cec32e5721bdb2fa51e,1,,{},62423e0de7b9d2b7d20f589e,2165-30,Medium,Warm,BA8B52,Golden Retriever,,Neutral,,,,,,,,,
https://media.benjaminmoore.com/WebServices/prod/cdp/836x1045/yellow-paint-059-ochre-2151-30-rgb.jpg,https://www.benjaminmoore.com/en-us/paint-colors/color/2151-30/ochre,"['Ochre', 'Matching Colors', 'Different Shades', 'Similar Colors', 'Color By Family']",/en-us/paint-colors/color/2151-30/ochre,2024-07-30T13:27:04Z,Ochre 2151-30 | Benjamin Moore,2024-07-30T13:27:03Z,Color,"A rich, charismatic gold bathed in earthy olive undertones.",2ebfd53d29a3c521bddce413d51d90b57fd4e7f8,1,,{'Family': '<em>Yellow</em>'},62423df9e7b9d22c9e0f468b,2151-30,,,BB9951,Ochre,,,Moody,"['Cabinet', 'Living Room']",Yellow,Medium,"['Interior', 'Exterior']",true,Color Preview&reg;,Farmhouse,
https://media.benjaminmoore.com/WebServices/prod/cdp/836x1045/neutral-paint-183-mystic-gold-HC-37-rgb.jpg,https://www.benjaminmoore.com/en-us/paint-colors/color/hc-37/mystic-gold,"['Mystic Gold', 'Matching Colors', 'Similar Colors', 'Color By Family', 'Discover This Color in Woodluxe Exterior Stains', 'Explore the Woodluxe Collection']",/en-us/paint-colors/color/hc-37/mystic-gold,2024-07-21T23:51:30Z,Mystic Gold HC-37 | Benjamin Moore,2024-07-21T23:51:30Z,Color,Deep honey tones define this earthy bronze.,bf2674f6ca8bfc594083e4535c62c9f2ef425824,1,,{'Undertone': '<em>Yellow</em>'},62461b9028ccbc01e3dd99c9,HC-37,Medium,Warm,A7885B,Mystic Gold,Yellow,Neutral,,,,,,,,,
https://media.benjaminmoore.com/WebServices/prod/cdp/836x1045/yellow-paint-061-banana-yellow-2022-40-rgb.jpg,https://www.benjaminmoore.com/en-us/paint-colors/color/2022-40/banana-yellow,"['Banana Yellow', 'Matching Colors', 'Different Shades', 'Similar Colors', 'Color By Family']",/en-us/paint-colors/color/2022-40/banana-yellow,2024-07-22T01:39:51Z,Banana Yellow 2022-40 | Benjamin Moore,2024-07-22T01:39:51Z,Color,A vibrant wash of yellow with surprising versatility.,8d1b509d4e71e34f9a5e4f6bfc20f33da9f7e4e6,1,,"{'title': 'Banana <em>Yellow</em> 2022-40 | Benjamin Moore', 'sections': 'Banana <em>Yellow</em>', 'description': 'A vibrant wash of <em>yellow</em> with surprising versatility.', 'color_name': 'Banana <em>Yellow</em>', 'page_path': '&#x2F;en-us&#x2F;paint-colors&#x2F;color&#x2F;2022-40&#x2F;banana-<em>yellow</em>', 'PrimaryColorFamily': '<em>Yellow</em>', 'Undertone': '<em>Yellow</em>'}",62426000e7b9d24dc20f3eee,2022-40,Light,Warm,FFE765,Banana Yellow,Yellow,Yellow,,,,,,,,,
https://media.benjaminmoore.com/WebServices/prod/cdp/836x1045/yellow-paint-051-yellow-highlighter-2021-40-rgb.jpg,https://www.benjaminmoore.com/en-us/paint-colors/color/2021-40/yellow-highlighter,"['Yellow Highlighter', 'Matching Colors', 'Different Shades', 'Similar Colors', 'Color By Family']",/en-us/paint-colors/color/2021-40/yellow-highlighter,2024-07-22T04:28:47Z,Yellow Highlighter 2021-40 | Benjamin Moore,2024-07-22T04:28:46Z,Color,A light yet bright yellow that commands attention.,494f39f422e760ea6189fcdd76e133e963a5d1a3,1,,"{'title': '<em>Yellow</em> Highlighter 2021-40 | Benjamin Moore', 'sections': '<em>Yellow</em> Highlighter', 'description': 'A light yet bright <em>yellow</em> that commands attention.', 'color_name': '<em>Yellow</em> Highlighter', 'page_path': '&#x2F;en-us&#x2F;paint-colors&#x2F;color&#x2F;2021-40&#x2F;<em>yellow</em>-highlighter', 'PrimaryColorFamily': '<em>Yellow</em>'}",62423e0de7b9d2d44c0f6013,2021-40,Light,Warm,FFDE64,Yellow Highlighter,,Yellow,,,,,,,,,
https://www.benjaminmoore.com/-/media/sites/benjaminmoore/images/color/color-families/color-families-yellow/colorbyfamilyyellow_hero_mobile_640x640.jpg,https://www.benjaminmoore.com/en-us/color-overview/color-palettes/color-families/yellow-paint-colors,"['Yellow Paint Color by Family', 'From rich and decadent gold tones, to pale, buttercream hues, yellow paint colors lift spirits while providing warmth and comfort.', 'Most Popular Yellow Paint Colors', 'Go for the Gold (Paint)', 'A Sunny Yellow Kitchen', 'The Subtle Effect of the Pale Yellow Wall', 'Yellow Exteriors: A Natural Hue', 'Buy a Paint Sample', 'Ideas & Inspiration', 'Ready to Explore?', 'Benjamin Moore', 'For Professionals', 'Customer Service', 'Buy Paints and Stain']",/en-us/color-overview/color-palettes/color-families/yellow-paint-colors,2024-08-03T18:51:52Z,Yellow Paint Ideas | Benjamin Moore,2024-07-18T18:44:49Z,Color,Get inspiration on finding the perfect yellow paint color for your home.,883e0b68cd0dd75aa08958287bdb4bd975aab27d,1,,"{'title': '<em>Yellow</em> Paint Ideas | Benjamin Moore', 'sections': '<em>Yellow</em> Paint Color by Family', 'description': 'Get inspiration on finding the perfect <em>yellow</em> paint color for your home.', 'page_path': '&#x2F;en-us&#x2F;color-overview&#x2F;color-palettes&#x2F;color-families&#x2F;<em>yellow</em>-paint-colors'}",5e9b46a9e7b9d28dc2a7b8ee,,,,,,,,,,,,,,,,en-us
https://media.benjaminmoore.com/WebServices/prod/cdp/836x1045/yellow-paint-061-yellow-2022-10-rgb.jpg,https://www.benjaminmoore.com/en-us/paint-colors/color/2022-10/yellow,"['Yellow', 'Matching Colors', 'Different Shades', 'Similar Colors', 'Color By Family']",/en-us/paint-colors/color/2022-10/yellow,2024-07-30T12:17:23Z,Yellow 2022-10 | Benjamin Moore,2024-07-30T12:17:23Z,Color,"A bold, primary shade of yellow that conveys youth, cheer and imagination.",0fcf60e6a8bcc690be7b01b343996535e937d752,1,,"{'title': '<em>Yellow</em> 2022-10 | Benjamin Moore', 'sections': '<em>Yellow</em>', 'description': 'A bold, primary shade of <em>yellow</em> that conveys youth, cheer and imagination.', 'color_name': '<em>Yellow</em>', 'page_path': '&#x2F;en-us&#x2F;paint-colors&#x2F;color&#x2F;2022-10&#x2F;<em>yellow</em>', 'Family': '<em>Yellow</em>'}",62424b7328ccbc7d55dda8cf,2022-10,,,FFD400,Yellow,,,"['Bright', 'Chaming']","['Cabinet', 'Kitchen', 'Living Room']",Yellow,Light,Interior,true,Color Preview&reg;,"['Coastal', 'Cottage', 'Modern']",
https://media.benjaminmoore.com/WebServices/prod/cdp/836x1045/yellow-paint-066-yosemite-yellow-215-rgb.jpg,https://www.benjaminmoore.com/en-us/paint-colors/color/215/yosemite-yellow,"['Yosemite Yellow', 'Matching Colors', 'Different Shades', 'Similar Colors', 'Color By Family']",/en-us/paint-colors/color/215/yosemite-yellow,2024-07-22T01:53:26Z,Yosemite Yellow 215 | Benjamin Moore,2024-07-22T01:53:25Z,Color,An earthy shade of yellow reminiscent of the many yellow wildflowers that dot Yosemite National Park.,603dac77da4132bee35c178b30bd23ba450719ab,1,,"{'title': 'Yosemite <em>Yellow</em> 215 | Benjamin Moore', 'sections': 'Yosemite <em>Yellow</em>', 'description': 'An earthy shade of <em>yellow</em> reminiscent of the many <em>yellow</em> wildflowers that dot Yosemite National Park.', 'color_name': 'Yosemite <em>Yellow</em>', 'page_path': '&#x2F;en-us&#x2F;paint-colors&#x2F;color&#x2F;215&#x2F;yosemite-<em>yellow</em>', 'PrimaryColorFamily': '<em>Yellow</em>'}",62428387e7b9d2ad200f3f0c,215,Light,Warm,E1CA84,Yosemite Yellow,,Yellow,,,,,,,,,
https://media.benjaminmoore.com/WebServices/prod/cdp/836x1045/yellow-paint-069-yellow-roses-353-rgb.jpg,https://www.benjaminmoore.com/en-us/paint-colors/color/353/yellow-roses,"['Yellow Roses', 'Matching Colors', 'Different Shades', 'Similar Colors', 'Color By Family']",/en-us/paint-colors/color/353/yellow-roses,2024-07-22T04:09:54Z,Yellow Roses 353 | Benjamin Moore,2024-07-22T04:09:54Z,Color,An intoxicating yellow that recalls the understated drama of a single yellow rose.,f3bed9f5c8b1fc1074ba7ea32a81960a64336570,1,,"{'title': '<em>Yellow</em> Roses 353 | Benjamin Moore', 'sections': '<em>Yellow</em> Roses', 'description': 'An intoxicating <em>yellow</em> that recalls the understated drama of a single <em>yellow</em> rose.', 'color_name': '<em>Yellow</em> Roses', 'page_path': '&#x2F;en-us&#x2F;paint-colors&#x2F;color&#x2F;353&#x2F;<em>yellow</em>-roses', 'PrimaryColorFamily': '<em>Yellow</em>', 'Undertone': '<em>Yellow</em>'}",6242ff6728ccbc218bdda502,353,Light,Warm,F6E485,Yellow Roses,Yellow,Yellow,,,,,,,,,
https://media.benjaminmoore.com/WebServices/prod/cdp/836x1045/yellow-paint-063-chamber-yellow-CW-410-rgb.jpg,https://www.benjaminmoore.com/en-us/paint-colors/color/cw-410/chamber-yellow,"['Chamber Yellow', 'Matching Colors', 'Color By Family']",/en-us/paint-colors/color/cw-410/chamber-yellow,2024-06-28T19:53:15Z,Chamber Yellow CW-410 | Benjamin Moore,2024-06-28T19:53:15Z,Color,"Based on 18th century white paints tinged with a touch of yellow ochre pigment, this pale, lemony yellow is youthful and fresh.",f35f470b63a2a5f000030e6e9f4491d471af3523,1,,"{'title': 'Chamber <em>Yellow</em> CW-410 | Benjamin Moore', 'sections': 'Chamber <em>Yellow</em>', 'description': 'Based on 18th century white paints tinged with a touch of <em>yellow</em> ochre pigment, this pale, lemony <em>yellow</em> is youthful and fresh.', 'color_name': 'Chamber <em>Yellow</em>', 'page_path': '&#x2F;en-us&#x2F;paint-colors&#x2F;color&#x2F;cw-410&#x2F;chamber-<em>yellow</em>', 'PrimaryColorFamily': '<em>Yellow</em>'}",624801a3e7b9d276e60f427c,CW-410,Light,Warm,EFE5BA,Chamber Yellow,,Yellow,,,,,,,,,
https://media.benjaminmoore.com/WebServices/prod/cdp/836x1045/yellow-paint-054-sweeney-yellow-CW-370-rgb.jpg,https://www.benjaminmoore.com/en-us/paint-colors/color/cw-370/sweeney-yellow,"['Sweeney Yellow', 'Matching Colors', 'Color By Family']",/en-us/paint-colors/color/cw-370/sweeney-yellow,2024-07-20T20:39:38Z,Sweeney Yellow CW-370 | Benjamin Moore,2024-07-20T20:39:38Z,Color,"A buttery, warm shade of yellow, this rich hue is based on 18th century paint using white and yellow ochre pigments. It will add a visible glow to any space.",5bcd9a30ffeed590205a20a0f6f856a178cc2057,1,,"{'title': 'Sweeney <em>Yellow</em> CW-370 | Benjamin Moore', 'sections': 'Sweeney <em>Yellow</em>', 'description': 'A buttery, warm shade of <em>yellow</em>, this rich hue is based on 18th century paint using white and <em>yellow</em> ochre pigments. It will add a visible glow to any space.', 'color_name': 'Sweeney <em>Yellow</em>', 'page_path': '&#x2F;en-us&#x2F;paint-colors&#x2F;color&#x2F;cw-370&#x2F;sweeney-<em>yellow</em>', 'PrimaryColorFamily': '<em>Yellow</em>', 'Undertone': '<em>Yellow</em>'}",6249651de7b9d2e3d30f5506,CW-370,Medium,Warm,E1C491,Sweeney Yellow,Yellow,Yellow,,,,,,,,,
https://media.benjaminmoore.com/WebServices/prod/cdp/836x1045/yellow-paint-050-imperial-yellow-314-rgb.jpg,https://www.benjaminmoore.com/en-us/paint-colors/color/314/imperial-yellow,"['Imperial Yellow', 'Matching Colors', 'Different Shades', 'Similar Colors', 'Color By Family']",/en-us/paint-colors/color/314/imperial-yellow,2024-07-22T03:05:37Z,Imperial Yellow 314 | Benjamin Moore,2024-07-03T16:51:46Z,Color,An intense yellow accented with a touch of orange.,4821c84a2d216ff02557326d666cc8511e074019,1,,"{'title': 'Imperial <em>Yellow</em> 314 | Benjamin Moore', 'sections': 'Imperial <em>Yellow</em>', 'description': 'An intense <em>yellow</em> accented with a touch of orange.', 'color_name': 'Imperial <em>Yellow</em>', 'page_path': '&#x2F;en-us&#x2F;paint-colors&#x2F;color&#x2F;314&#x2F;imperial-<em>yellow</em>', 'PrimaryColorFamily': '<em>Yellow</em>'}",6242ef0ce7b9d201e60f4b28,314,Light,Warm,FCC550,Imperial Yellow,,Yellow,,,,,,,,,
https://media.benjaminmoore.com/WebServices/prod/cdp/836x1045/yellow-paint-068-stanhope-yellow-380-rgb.jpg,https://www.benjaminmoore.com/en-us/paint-colors/color/380/stanhope-yellow,"['Stanhope Yellow', 'Matching Colors', 'Different Shades', 'Similar Colors', 'Color By Family']",/en-us/paint-colors/color/380/stanhope-yellow,2024-07-22T02:50:06Z,Stanhope Yellow 380 | Benjamin Moore,2024-07-22T02:50:05Z,Color,A shade of yellow-green that verges on a neutral.,c32e19e3e457a467442767cc21c82c6a23facc56,1,,"{'title': 'Stanhope <em>Yellow</em> 380 | Benjamin Moore', 'sections': 'Stanhope <em>Yellow</em>', 'description': 'A shade of <em>yellow</em>-green that verges on a neutral.', 'color_name': 'Stanhope <em>Yellow</em>', 'page_path': '&#x2F;en-us&#x2F;paint-colors&#x2F;color&#x2F;380&#x2F;stanhope-<em>yellow</em>', 'PrimaryColorFamily': '<em>Yellow</em>'}",6242e0f928ccbc3e84ddb199,380,Light,Warm,E6E0B9,Stanhope Yellow,,Yellow,,,,,,,,,
https://media.benjaminmoore.com/WebServices/prod/cdp/836x1045/yellow-paint-203-yellow-bisque-220-rgb.jpg,https://www.benjaminmoore.com/en-us/paint-colors/color/220/yellow-bisque,"['Yellow Bisque', 'Matching Colors', 'Different Shades', 'Similar Colors', 'Color By Family']",/en-us/paint-colors/color/220/yellow-bisque,2024-07-22T03:29:52Z,Yellow Bisque 220 | Benjamin Moore,2024-07-22T03:29:51Z,Color,A touch of creamy beige tones down this light yellow.,c79b63b998a71947478777eb7ecf93d30193e280,1,,"{'title': '<em>Yellow</em> Bisque 220 | Benjamin Moore', 'sections': '<em>Yellow</em> Bisque', 'description': 'A touch of creamy beige tones down this light <em>yellow</em>.', 'color_name': '<em>Yellow</em> Bisque', 'page_path': '&#x2F;en-us&#x2F;paint-colors&#x2F;color&#x2F;220&#x2F;<em>yellow</em>-bisque', 'PrimaryColorFamily': '<em>Yellow</em>'}",6242f19f64441f0ba5003b64,220,Light,Warm,E8D6AB,Yellow Bisque,Cream,Yellow,,,,,,,,,
https://media.benjaminmoore.com/WebServices/prod/cdp/836x1045/yellow-paint-064-yellow-lilies-346-rgb.jpg,https://www.benjaminmoore.com/en-us/paint-colors/color/346/yellow-lilies,"['Yellow Lilies', 'Matching Colors', 'Different Shades', 'Similar Colors', 'Color By Family']",/en-us/paint-colors/color/346/yellow-lilies,2024-07-21T22:12:06Z,Yellow Lilies 346 | Benjamin Moore,2024-07-21T22:12:06Z,Color,"A muted, creamy yellow that can subtly accent a room.",814cdcb6861dd0c684f47b8f95888c2d62646ad4,1,,"{'title': '<em>Yellow</em> Lilies 346 | Benjamin Moore', 'sections': '<em>Yellow</em> Lilies', 'description': 'A muted, creamy <em>yellow</em> that can subtly accent a room.', 'color_name': '<em>Yellow</em> Lilies', 'page_path': '&#x2F;en-us&#x2F;paint-colors&#x2F;color&#x2F;346&#x2F;<em>yellow</em>-lilies', 'PrimaryColorFamily': '<em>Yellow</em>', 'Undertone': '<em>Yellow</em>'}",6242d270e7b9d203e20f5787,346,Light,Warm,F4E8AE,Yellow Lilies,Yellow,Yellow,,,,,,,,,
https://media.benjaminmoore.com/WebServices/prod/cdp/836x1045/yellow-paint-069-mulholland-yellow-369-rgb.jpg,https://www.benjaminmoore.com/en-us/paint-colors/color/369/mulholland-yellow,"['Mulholland Yellow', 'Matching Colors', 'Different Shades', 'Similar Colors', 'Color By Family']",/en-us/paint-colors/color/369/mulholland-yellow,2024-07-21T20:36:30Z,Mulholland Yellow 369 | Benjamin Moore,2024-07-21T20:36:30Z,Color,A squeeze of lime invigorates this mellow yellow.,4ff05e9274e93849b0eee487dccb2c0ace6dbbae,1,,"{'title': 'Mulholland <em>Yellow</em> 369 | Benjamin Moore', 'sections': 'Mulholland <em>Yellow</em>', 'description': 'A squeeze of lime invigorates this mellow <em>yellow</em>.', 'color_name': 'Mulholland <em>Yellow</em>', 'page_path': '&#x2F;en-us&#x2F;paint-colors&#x2F;color&#x2F;369&#x2F;mulholland-<em>yellow</em>', 'PrimaryColorFamily': '<em>Yellow</em>'}",6242e9d9e7b9d2020b0f5acc,369,Light,Warm,E7D887,Mulholland Yellow,,Yellow,,,,,,,,,
https://media.benjaminmoore.com/WebServices/prod/cdp/836x1045/yellow-paint-069-yellow-hibiscus-357-rgb.jpg,https://www.benjaminmoore.com/en-us/paint-colors/color/357/yellow-hibiscus,"['Yellow Hibiscus', 'Matching Colors', 'Different Shades', 'Similar Colors', 'Color By Family']",/en-us/paint-colors/color/357/yellow-hibiscus,2024-07-22T03:47:47Z,Yellow Hibiscus 357 | Benjamin Moore,2024-07-22T03:47:47Z,Color,A dash of chartreuse gives this deep yellow stylish character.,27e012fb89c2ae049e005b3c917f4bce08131fb9,1,,"{'title': '<em>Yellow</em> Hibiscus 357 | Benjamin Moore', 'sections': '<em>Yellow</em> Hibiscus', 'description': 'A dash of chartreuse gives this deep <em>yellow</em> stylish character.', 'color_name': '<em>Yellow</em> Hibiscus', 'page_path': '&#x2F;en-us&#x2F;paint-colors&#x2F;color&#x2F;357&#x2F;<em>yellow</em>-hibiscus', 'PrimaryColorFamily': '<em>Yellow</em>'}",6242d29be7b9d24fc70f4e2c,357,Medium,Warm,E2C839,Yellow Hibiscus,,Yellow,,,,,,,,,
https://media.benjaminmoore.com/WebServices/prod/cdp/836x1045/yellow-paint-070-yellow-finch-2024-40-rgb.jpg,https://www.benjaminmoore.com/en-us/paint-colors/color/2024-40/yellow-finch,"['Yellow Finch', 'Matching Colors', 'Different Shades', 'Similar Colors', 'Color By Family']",/en-us/paint-colors/color/2024-40/yellow-finch,2024-07-22T03:49:10Z,Yellow Finch 2024-40 | Benjamin Moore,2024-07-22T03:49:10Z,Color,A charming yellow with unique green undertones.,93be99cae31dafee16d4bfe032caf20fa2f1affd,1,,"{'title': '<em>Yellow</em> Finch 2024-40 | Benjamin Moore', 'sections': '<em>Yellow</em> Finch', 'description': 'A charming <em>yellow</em> with unique green undertones.', 'color_name': '<em>Yellow</em> Finch', 'page_path': '&#x2F;en-us&#x2F;paint-colors&#x2F;color&#x2F;2024-40&#x2F;<em>yellow</em>-finch', 'PrimaryColorFamily': '<em>Yellow</em>'}",6242ea28196a674fa2896573,2024-40,Light,Warm,ECDC71,Yellow Finch,,Yellow,,,,,,,,,
https://media.benjaminmoore.com/WebServices/prod/cdp/836x1045/yellow-paint-051-yellow-lotus-2021-50-rgb.jpg,https://www.benjaminmoore.com/en-us/paint-colors/color/2021-50/yellow-lotus,"['Yellow Lotus', 'Matching Colors', 'Different Shades', 'Similar Colors', 'Color By Family']",/en-us/paint-colors/color/2021-50/yellow-lotus,2024-07-22T01:40:50Z,Yellow Lotus 2021-50 | Benjamin Moore,2024-07-22T01:40:49Z,Color,A balanced yellow with understated vibrancy.,cec3e992971dec3f5e1dfb113c166cf71aacd549,1,,"{'title': '<em>Yellow</em> Lotus 2021-50 | Benjamin Moore', 'sections': '<em>Yellow</em> Lotus', 'description': 'A balanced <em>yellow</em> with understated vibrancy.', 'color_name': '<em>Yellow</em> Lotus', 'page_path': '&#x2F;en-us&#x2F;paint-colors&#x2F;color&#x2F;2021-50&#x2F;<em>yellow</em>-lotus', 'PrimaryColorFamily': '<em>Yellow</em>'}",6242c50e28ccbce086dda9d0,2021-50,Light,Warm,FFEC9E,Yellow Lotus,,Yellow,,,,,,,,,
https://media.benjaminmoore.com/WebServices/prod/cdp/836x1045/yellow-paint-061-bright-yellow-2022-30-rgb.jpg,https://www.benjaminmoore.com/en-us/paint-colors/color/2022-30/bright-yellow,"['Bright Yellow', 'Matching Colors', 'Different Shades', 'Similar Colors', 'Color By Family']",/en-us/paint-colors/color/2022-30/bright-yellow,2024-07-22T04:08:57Z,Bright Yellow 2022-30 | Benjamin Moore,2024-07-22T04:08:57Z,Color,A straightforward shade of medium yellow.,a5e54ce5f89b18c6b36779ed93adac0481225966,1,,"{'title': 'Bright <em>Yellow</em> 2022-30 | Benjamin Moore', 'sections': 'Bright <em>Yellow</em>', 'description': 'A straightforward shade of medium <em>yellow</em>.', 'color_name': 'Bright <em>Yellow</em>', 'page_path': '&#x2F;en-us&#x2F;paint-colors&#x2F;color&#x2F;2022-30&#x2F;bright-<em>yellow</em>', 'PrimaryColorFamily': '<em>Yellow</em>', 'Undertone': '<em>Yellow</em>'}",6242602528ccbc4535ddb4a8,2022-30,Light,Warm,FFDB00,Bright Yellow,Yellow,Yellow,,,,,,,,,
https://media.benjaminmoore.com/WebServices/prod/cdp/836x1045/yellow-paint-055-traditional-yellow-170-rgb.jpg,https://www.benjaminmoore.com/en-us/paint-colors/color/170/traditional-yellow,"['Traditional Yellow', 'Matching Colors', 'Different Shades', 'Similar Colors', 'Color By Family']",/en-us/paint-colors/color/170/traditional-yellow,2024-07-22T02:59:15Z,Traditional Yellow 170 | Benjamin Moore,2024-07-22T02:59:15Z,Color,"Softly faded, this buttery yellow offers just the right amount of bright color.",9091daa15fe0578f497a3e73af9833e54bc5e815,1,,"{'title': 'Traditional <em>Yellow</em> 170 | Benjamin Moore', 'sections': 'Traditional <em>Yellow</em>', 'description': 'Softly faded, this buttery <em>yellow</em> offers just the right amount of bright color.', 'color_name': 'Traditional <em>Yellow</em>', 'page_path': '&#x2F;en-us&#x2F;paint-colors&#x2F;color&#x2F;170&#x2F;traditional-<em>yellow</em>', 'PrimaryColorFamily': '<em>Yellow</em>'}",6242ea5a196a6793898960ca,170,Light,Warm,F6E1AA,Traditional Yellow,,Yellow,,,,,,,,,
https://media.benjaminmoore.com/WebServices/prod/cdp/836x1045/yellow-paint-065-viking-yellow-321-rgb.jpg,https://www.benjaminmoore.com/en-us/paint-colors/color/321/viking-yellow,"['Viking Yellow', 'Matching Colors', 'Different Shades', 'Similar Colors', 'Color By Family']",/en-us/paint-colors/color/321/viking-yellow,2024-07-22T04:27:56Z,Viking Yellow 321 | Benjamin Moore,2024-07-03T20:20:35Z,Color,An intensely bright and saturated shade of yellow that instantly energizes.,5d0643e487ffccaec750d5ce056ea8345a5af055,1,,"{'title': 'Viking <em>Yellow</em> 321 | Benjamin Moore', 'sections': 'Viking <em>Yellow</em>', 'description': 'An intensely bright and saturated shade of <em>yellow</em> that instantly energizes.', 'color_name': 'Viking <em>Yellow</em>', 'page_path': '&#x2F;en-us&#x2F;paint-colors&#x2F;color&#x2F;321&#x2F;viking-<em>yellow</em>', 'PrimaryColorFamily': '<em>Yellow</em>', 'Undertone': '<em>Yellow</em>'}",6242666b64441f5a36003eef,321,Light,Warm,FFCF30,Viking Yellow,Yellow,Yellow,,,,,,,,,
https://media.benjaminmoore.com/WebServices/prod/cdp/836x1045/yellow-paint-069-majestic-yellow-355-rgb.jpg,https://www.benjaminmoore.com/en-us/paint-colors/color/355/majestic-yellow,"['Majestic Yellow', 'Matching Colors', 'Different Shades', 'Similar Colors', 'Color By Family']",/en-us/paint-colors/color/355/majestic-yellow,2024-07-22T04:15:36Z,Majestic Yellow 355 | Benjamin Moore,2024-07-22T04:15:36Z,Color,Mellow green undertones lend a sophisticated edge to this medium yellow.,7c69c0863beba7fe3cbee52ad4ed7909180b42b0,1,,"{'title': 'Majestic <em>Yellow</em> 355 | Benjamin Moore', 'sections': 'Majestic <em>Yellow</em>', 'description': 'Mellow green undertones lend a sophisticated edge to this medium <em>yellow</em>.', 'color_name': 'Majestic <em>Yellow</em>', 'page_path': '&#x2F;en-us&#x2F;paint-colors&#x2F;color&#x2F;355&#x2F;majestic-<em>yellow</em>', 'PrimaryColorFamily': '<em>Yellow</em>'}",6242ff67196a673467896fa5,355,Light,Warm,ECD559,Majestic Yellow,,Yellow,,,,,,,,,
https://media.benjaminmoore.com/WebServices/prod/cdp/836x1045/yellow-paint-072-yellow-clover-375-rgb.jpg,https://www.benjaminmoore.com/en-us/paint-colors/color/375/yellow-clover,"['Yellow Clover', 'Matching Colors', 'Different Shades', 'Similar Colors', 'Color By Family']",/en-us/paint-colors/color/375/yellow-clover,2024-07-22T03:49:59Z,Yellow Clover 375 | Benjamin Moore,2024-07-22T03:49:58Z,Color,A muted yellow that offers just a touch more color than tan.,19411933b36113142f7ffd6546e4954e575dfbe8,1,,"{'title': '<em>Yellow</em> Clover 375 | Benjamin Moore', 'sections': '<em>Yellow</em> Clover', 'description': 'A muted <em>yellow</em> that offers just a touch more color than tan.', 'color_name': '<em>Yellow</em> Clover', 'page_path': '&#x2F;en-us&#x2F;paint-colors&#x2F;color&#x2F;375&#x2F;<em>yellow</em>-clover', 'PrimaryColorFamily': '<em>Yellow</em>'}",6242e14028ccbcb723dd9dcf,375,Light,Warm,E6D89E,Yellow Clover,,Yellow,,,,,,,,,
https://media.benjaminmoore.com/WebServices/prod/cdp/836x1045/yellow-paint-062-laguna-yellow-291-rgb.jpg,https://www.benjaminmoore.com/en-us/paint-colors/color/291/laguna-yellow,"['Laguna Yellow', 'Matching Colors', 'Different Shades', 'Similar Colors', 'Color By Family']",/en-us/paint-colors/color/291/laguna-yellow,2024-07-21T22:56:32Z,Laguna Yellow 291 | Benjamin Moore,2024-07-21T22:56:32Z,Color,A balanced medium yellow that delivers a subtle jolt of energy to a space.,c7c993ba5297d15b1054dfa40781b669c90ff76e,1,,"{'title': 'Laguna <em>Yellow</em> 291 | Benjamin Moore', 'sections': 'Laguna <em>Yellow</em>', 'description': 'A balanced medium <em>yellow</em> that delivers a subtle jolt of energy to a space.', 'color_name': 'Laguna <em>Yellow</em>', 'page_path': '&#x2F;en-us&#x2F;paint-colors&#x2F;color&#x2F;291&#x2F;laguna-<em>yellow</em>', 'PrimaryColorFamily': '<em>Yellow</em>', 'Undertone': '<em>Yellow</em>'}",6242e979196a67b984895e2c,291,Light,Warm,EBD689,Laguna Yellow,Yellow,Yellow,,,,,,,,,
https://media.benjaminmoore.com/WebServices/prod/cdp/836x1045/yellow-paint-064-fiesta-yellow-341-rgb.jpg,https://www.benjaminmoore.com/en-us/paint-colors/color/341/fiesta-yellow,"['Fiesta Yellow', 'Matching Colors', 'Different Shades', 'Similar Colors', 'Color By Family']",/en-us/paint-colors/color/341/fiesta-yellow,2024-07-21T21:06:32Z,Fiesta Yellow 341 | Benjamin Moore,2024-07-21T21:06:31Z,Color,An eye-catching yellow that brings a fun hint of color to a space.,108e4906eb2e3cea7ad13e35eb25cf3221c91454,1,,"{'title': 'Fiesta <em>Yellow</em> 341 | Benjamin Moore', 'sections': 'Fiesta <em>Yellow</em>', 'description': 'An eye-catching <em>yellow</em> that brings a fun hint of color to a space.', 'color_name': 'Fiesta <em>Yellow</em>', 'page_path': '&#x2F;en-us&#x2F;paint-colors&#x2F;color&#x2F;341&#x2F;fiesta-<em>yellow</em>', 'PrimaryColorFamily': '<em>Yellow</em>', 'Undertone': '<em>Yellow</em>'}",6242c4bd28ccbcd0a3ddabd6,341,Light,Warm,FADE60,Fiesta Yellow,Yellow,Yellow,,,,,,,,,
https://media.benjaminmoore.com/WebServices/prod/cdp/836x1045/yellow-paint-061-delightful-yellow-335-rgb.jpg,https://www.benjaminmoore.com/en-us/paint-colors/color/335/delightful-yellow,"['Delightful Yellow', 'Matching Colors', 'Different Shades', 'Similar Colors', 'Color By Family']",/en-us/paint-colors/color/335/delightful-yellow,2024-07-21T20:50:34Z,Delightful Yellow 335 | Benjamin Moore,2024-07-21T20:50:34Z,Color,A gleaming yellow that immediately brings a sunny presence to any room.,336d9a7851278699e4064d44b14b95447f3a2a72,1,,"{'title': 'Delightful <em>Yellow</em> 335 | Benjamin Moore', 'sections': 'Delightful <em>Yellow</em>', 'description': 'A gleaming <em>yellow</em> that immediately brings a sunny presence to any room.', 'color_name': 'Delightful <em>Yellow</em>', 'page_path': '&#x2F;en-us&#x2F;paint-colors&#x2F;color&#x2F;335&#x2F;delightful-<em>yellow</em>', 'PrimaryColorFamily': '<em>Yellow</em>', 'Undertone': '<em>Yellow</em>'}",6242c4b5196a67b8e689509c,335,Light,Warm,F8E165,Delightful Yellow,Yellow,Yellow,,,,,,,,,
https://media.benjaminmoore.com/WebServices/prod/cdp/836x1045/yellow-paint-061-bold-yellow-336-rgb.jpg,https://www.benjaminmoore.com/en-us/paint-colors/color/336/bold-yellow,"['Bold Yellow', 'Matching Colors', 'Different Shades', 'Similar Colors', 'Color By Family']",/en-us/paint-colors/color/336/bold-yellow,2024-07-21T20:49:51Z,Bold Yellow 336 | Benjamin Moore,2024-07-21T20:49:51Z,Color,"True to its name, this yellow delivers head-turning color to a room.",98dc6d0705163595d1f57b64630bb0f196a2fc1f,1,,"{'title': 'Bold <em>Yellow</em> 336 | Benjamin Moore', 'sections': 'Bold <em>Yellow</em>', 'description': 'True to its name, this <em>yellow</em> delivers head-turning color to a room.', 'color_name': 'Bold <em>Yellow</em>', 'page_path': '&#x2F;en-us&#x2F;paint-colors&#x2F;color&#x2F;336&#x2F;bold-<em>yellow</em>', 'PrimaryColorFamily': '<em>Yellow</em>', 'Undertone': '<em>Yellow</em>'}",6242c545196a67c954896cd8,336,Light,Warm,FFDD39,Bold Yellow,Yellow,Yellow,,,,,,,,,
https://media.benjaminmoore.com/WebServices/prod/cdp/836x1045/yellow-paint-069-yellow-tone-370-rgb.jpg,https://www.benjaminmoore.com/en-us/paint-colors/color/370/yellow-tone,"['Yellow Tone', 'Matching Colors', 'Different Shades', 'Similar Colors', 'Color By Family']",/en-us/paint-colors/color/370/yellow-tone,2024-07-21T20:36:29Z,Yellow Tone 370 | Benjamin Moore,2024-07-21T20:36:28Z,Color,"Possessing a controlled vibrancy, this yellow-green can convey both whimsy and sophistication.",0e975b80a9b8bbe43e76db600e4d21345e198e4d,1,,"{'title': '<em>Yellow</em> Tone 370 | Benjamin Moore', 'sections': '<em>Yellow</em> Tone', 'description': 'Possessing a controlled vibrancy, this <em>yellow</em>-green can convey both whimsy and sophistication.', 'color_name': '<em>Yellow</em> Tone', 'page_path': '&#x2F;en-us&#x2F;paint-colors&#x2F;color&#x2F;370&#x2F;<em>yellow</em>-tone', 'PrimaryColorFamily': '<em>Yellow</em>'}",6242740b28ccbcada6ddb093,370,Light,Warm,E2D06D,Yellow Tone,,Yellow,,,,,,,,,
https://media.benjaminmoore.com/WebServices/prod/cdp/836x1045/yellow-paint-066-vernazza-yellow-325-rgb.jpg,https://www.benjaminmoore.com/en-us/paint-colors/color/325/vernazza-yellow,"['Vernazza Yellow', 'Matching Colors', 'Different Shades', 'Similar Colors', 'Color By Family']",/en-us/paint-colors/color/325/vernazza-yellow,2024-07-22T04:11:04Z,Vernazza Yellow 325 | Benjamin Moore,2024-07-22T04:11:03Z,Color,"A light, refreshing yellow that brings to mind a field of windblown buttercups.",9984c53179e26f041cc9afc1d72f297e9eaf7e20,1,,"{'title': 'Vernazza <em>Yellow</em> 325 | Benjamin Moore', 'sections': 'Vernazza <em>Yellow</em>', 'description': 'A light, refreshing <em>yellow</em> that brings to mind a field of windblown buttercups.', 'color_name': 'Vernazza <em>Yellow</em>', 'page_path': '&#x2F;en-us&#x2F;paint-colors&#x2F;color&#x2F;325&#x2F;vernazza-<em>yellow</em>', 'PrimaryColorFamily': '<em>Yellow</em>', 'Undertone': '<em>Yellow</em>'}",65c1d9f7196a67a7e3c85fdf,325,Light,Warm,FCEBA2,Vernazza Yellow,Yellow,Yellow,,,,,,,,,
https://media.benjaminmoore.com/WebServices/prod/cdp/836x1045/yellow-paint-072-yellow-iris-373-rgb.jpg,https://www.benjaminmoore.com/en-us/paint-colors/color/373/yellow-iris,"['Yellow Iris', 'Matching Colors', 'Different Shades', 'Similar Colors', 'Color By Family']",/en-us/paint-colors/color/373/yellow-iris,2024-07-30T16:28:44Z,Yellow Iris 373 | Benjamin Moore,2024-07-30T16:28:44Z,Color,A light yellow that echoes the delicate beauty of a spring blossom.,f68236fa0b9fda12d565d6a124b7d305fb113fa1,1,,"{'title': '<em>Yellow</em> Iris 373 | Benjamin Moore', 'sections': '<em>Yellow</em> Iris', 'description': 'A light <em>yellow</em> that echoes the delicate beauty of a spring blossom.', 'color_name': '<em>Yellow</em> Iris', 'page_path': '&#x2F;en-us&#x2F;paint-colors&#x2F;color&#x2F;373&#x2F;<em>yellow</em>-iris', 'Family': '<em>Yellow</em>'}",6242e14064441f88e400467c,373,,,F2E9C1,Yellow Iris,,,,,Yellow,Light,Interior,true,Benjamin Moore Classics&reg;,,
https://media.benjaminmoore.com/WebServices/prod/cdp/836x1045/yellow-paint-061-light-yellow-2022-60-rgb.jpg,https://www.benjaminmoore.com/en-us/paint-colors/color/2022-60/light-yellow,"['Light Yellow', 'Matching Colors', 'Different Shades', 'Similar Colors', 'Color By Family']",/en-us/paint-colors/color/2022-60/light-yellow,2024-07-22T04:16:11Z,Light Yellow 2022-60 | Benjamin Moore,2024-07-22T04:16:10Z,Color,A pale hue that glows with bright yellow tones.,86416e73da961e2981eb1396f138ff5425c7785b,1,,"{'title': 'Light <em>Yellow</em> 2022-60 | Benjamin Moore', 'sections': 'Light <em>Yellow</em>', 'description': 'A pale hue that glows with bright <em>yellow</em> tones.', 'color_name': 'Light <em>Yellow</em>', 'page_path': '&#x2F;en-us&#x2F;paint-colors&#x2F;color&#x2F;2022-60&#x2F;light-<em>yellow</em>', 'PrimaryColorFamily': '<em>Yellow</em>', 'Undertone': '<em>Yellow</em>'}",624260ba196a6766fe894f1e,2022-60,Light,Warm,FDF5C4,Light Yellow,Yellow,Yellow,,,,,,,,,
https://media.benjaminmoore.com/WebServices/prod/cdp/836x1045/yellow-paint-048-cream-yellow-2155-60-rgb.jpg,https://www.benjaminmoore.com/en-us/paint-colors/color/2155-60/cream-yellow,"['Cream Yellow', 'Matching Colors', 'Different Shades', 'Similar Colors', 'Color By Family']",/en-us/paint-colors/color/2155-60/cream-yellow,2024-07-22T02:15:14Z,Cream Yellow 2155-60 | Benjamin Moore,2024-07-22T02:15:14Z,Color,A hint of orange invigorates this pale yellow.,6730d5ea4120cf03da0bb99ee97df6f4d8caab56,1,,"{'title': 'Cream <em>Yellow</em> 2155-60 | Benjamin Moore', 'sections': 'Cream <em>Yellow</em>', 'description': 'A hint of orange invigorates this pale <em>yellow</em>.', 'color_name': 'Cream <em>Yellow</em>', 'page_path': '&#x2F;en-us&#x2F;paint-colors&#x2F;color&#x2F;2155-60&#x2F;cream-<em>yellow</em>', 'PrimaryColorFamily': '<em>Yellow</em>'}",6242e33428ccbc5439dd9bc6,2155-60,Light,Warm,FCEBC3,Cream Yellow,,Yellow,,,,,,,,,
https://media.benjaminmoore.com/WebServices/prod/cdp/836x1045/orange-paint-048-yellow-marigold-2155-30-rgb.jpg,https://www.benjaminmoore.com/en-us/paint-colors/color/2155-30/yellow-marigold,"['Yellow Marigold', 'Matching Colors', 'Different Shades', 'Similar Colors', 'Color By Family']",/en-us/paint-colors/color/2155-30/yellow-marigold,2024-07-21T23:54:18Z,Yellow Marigold 2155-30 | Benjamin Moore,2024-07-21T23:54:17Z,Color,A bouncy yellow-orange that instantly uplifts any space.,b790d8ca25edc3c093557bd05109fc7a364b8682,1,,"{'title': '<em>Yellow</em> Marigold 2155-30 | Benjamin Moore', 'sections': '<em>Yellow</em> Marigold', 'description': 'A bouncy <em>yellow</em>-orange that instantly uplifts any space.', 'color_name': '<em>Yellow</em> Marigold', 'page_path': '&#x2F;en-us&#x2F;paint-colors&#x2F;color&#x2F;2155-30&#x2F;<em>yellow</em>-marigold', 'Undertone': '<em>Yellow</em>'}",624270f728ccbc5072dd95a7,2155-30,Medium,Warm,EAA731,Yellow Marigold,Yellow,Orange,,,,,,,,,
https://media.benjaminmoore.com/WebServices/prod/cdp/836x1045/yellow-paint-050-yellow-freeze-2020-70-rgb.jpg,https://www.benjaminmoore.com/en-us/paint-colors/color/2020-70/yellow-freeze,"['Yellow Freeze', 'Matching Colors', 'Different Shades', 'Similar Colors', 'Color By Family']",/en-us/paint-colors/color/2020-70/yellow-freeze,2024-07-22T02:07:15Z,Yellow Freeze 2020-70 | Benjamin Moore,2024-07-22T02:07:15Z,Color,A light and crisp yellow with a refreshing presence.,6371675ecfb8c388e54fa39d16d1cd4f169f1a14,1,,"{'title': '<em>Yellow</em> Freeze 2020-70 | Benjamin Moore', 'sections': '<em>Yellow</em> Freeze', 'description': 'A light and crisp <em>yellow</em> with a refreshing presence.', 'color_name': '<em>Yellow</em> Freeze', 'page_path': '&#x2F;en-us&#x2F;paint-colors&#x2F;color&#x2F;2020-70&#x2F;<em>yellow</em>-freeze', 'PrimaryColorFamily': '<em>Yellow</em>'}",6242c43328ccbc988fdda346,2020-70,Light,Warm,FBF7DD,Yellow Freeze,Peach,Yellow,,,,,,,,,
https://media.benjaminmoore.com/WebServices/prod/cdp/836x1045/green-paint-099-yellow-green-2033-10-rgb.jpg,https://www.benjaminmoore.com/en-us/paint-colors/color/2033-10/yellow-green,"['Yellow Green', 'Matching Colors', 'Different Shades', 'Similar Colors', 'Color By Family']",/en-us/paint-colors/color/2033-10/yellow-green,2024-07-30T23:01:43Z,Yellow Green 2033-10 | Benjamin Moore,2024-07-30T23:01:43Z,Color,A grassy green hue with the subtlest yellow undertone.,061b98db411b9c355a6bbaf808d41348284f08f2,1,,"{'title': '<em>Yellow</em> Green 2033-10 | Benjamin Moore', 'sections': '<em>Yellow</em> Green', 'description': 'A grassy green hue with the subtlest <em>yellow</em> undertone.', 'color_name': '<em>Yellow</em> Green', 'page_path': '&#x2F;en-us&#x2F;paint-colors&#x2F;color&#x2F;2033-10&#x2F;<em>yellow</em>-green'}",624263a928ccbc2f95dda5f0,2033-10,,,008A31,Yellow Green,,,,,Green,Dark,"['Interior', 'Exterior']",true,Color Preview&reg;,,
https://media.benjaminmoore.com/WebServices/prod/cdp/836x1045/yellow-paint-048-suntan-yellow-2155-50-rgb.jpg,https://www.benjaminmoore.com/en-us/paint-colors/color/2155-50/suntan-yellow,"['Suntan Yellow', 'Matching Colors', 'Different Shades', 'Similar Colors', 'Color By Family']",/en-us/paint-colors/color/2155-50/suntan-yellow,2024-07-22T02:15:24Z,Suntan Yellow 2155-50 | Benjamin Moore,2024-07-22T02:15:24Z,Color,"Radiant yet soft, this orange-tinged yellow can subtly illuminate a room.",c7cc1ff7796db0066f1dfcbff2eb5355187a1dd9,1,,"{'title': 'Suntan <em>Yellow</em> 2155-50 | Benjamin Moore', 'sections': 'Suntan <em>Yellow</em>', 'description': 'Radiant yet soft, this orange-tinged <em>yellow</em> can subtly illuminate a room.', 'color_name': 'Suntan <em>Yellow</em>', 'page_path': '&#x2F;en-us&#x2F;paint-colors&#x2F;color&#x2F;2155-50&#x2F;suntan-<em>yellow</em>', 'PrimaryColorFamily': '<em>Yellow</em>'}",6242c3b728ccbc5cc8dd9a95,2155-50,Light,Warm,FBDC9F,Suntan Yellow,,Yellow,,,,,,,,,
https://media.benjaminmoore.com/WebServices/prod/cdp/836x1045/yellow-paint-059-sulfur-yellow-2151-40-rgb.jpg,https://www.benjaminmoore.com/en-us/paint-colors/color/2151-40/sulfur-yellow,"['Sulfur Yellow', 'Matching Colors', 'Different Shades', 'Similar Colors', 'Color By Family']",/en-us/paint-colors/color/2151-40/sulfur-yellow,2024-07-22T03:30:34Z,Sulfur Yellow 2151-40 | Benjamin Moore,2024-07-22T03:30:34Z,Color,A muted medium yellow that infuses a room with earthy warmth.,09e1d19629569799d55b20fd811dc8d12ec4d8d7,1,,"{'title': 'Sulfur <em>Yellow</em> 2151-40 | Benjamin Moore', 'sections': 'Sulfur <em>Yellow</em>', 'description': 'A muted medium <em>yellow</em> that infuses a room with earthy warmth.', 'color_name': 'Sulfur <em>Yellow</em>', 'page_path': '&#x2F;en-us&#x2F;paint-colors&#x2F;color&#x2F;2151-40&#x2F;sulfur-<em>yellow</em>', 'PrimaryColorFamily': '<em>Yellow</em>'}",6242b82fe7b9d24aba0f46ec,2151-40,Medium,Warm,D2BA7F,Sulfur Yellow,,Yellow,,,,,,,,,
https://media.benjaminmoore.com/WebServices/prod/cdp/836x1045/yellow-paint-063-yellow-topaz-CSP-945-rgb.jpg,https://www.benjaminmoore.com/en-us/paint-colors/color/csp-945/yellow-topaz,"['Yellow Topaz', 'Matching Colors', 'Different Shades', 'Similar Colors', 'Color By Family']",/en-us/paint-colors/color/csp-945/yellow-topaz,2024-07-21T20:17:14Z,Yellow Topaz CSP-945 | Benjamin Moore,2024-07-20T15:36:23Z,Color,"In the bright sunlight, the canary yellow gemstone danced and sparkled on her hand.",602f152bc233b51a9610001573750d9a52aa8820,1,,"{'title': '<em>Yellow</em> Topaz CSP-945 | Benjamin Moore', 'sections': '<em>Yellow</em> Topaz', 'description': 'In the bright sunlight, the canary <em>yellow</em> gemstone danced and sparkled on her hand.', 'color_name': '<em>Yellow</em> Topaz', 'page_path': '&#x2F;en-us&#x2F;paint-colors&#x2F;color&#x2F;csp-945&#x2F;<em>yellow</em>-topaz', 'PrimaryColorFamily': '<em>Yellow</em>'}",62473e1b196a6761c5896040,CSP-945,Light,Warm,ECD093,Yellow Topaz,Peach,Yellow,,,,,,,,,
https://media.benjaminmoore.com/WebServices/prod/cdp/836x1045/yellow-paint-054-yellow-oxide-2154-10-rgb.jpg,https://www.benjaminmoore.com/en-us/paint-colors/color/2154-10/yellow-oxide,"['Yellow Oxide', 'Matching Colors', 'Different Shades', 'Similar Colors', 'Color By Family']",/en-us/paint-colors/color/2154-10/yellow-oxide,2024-07-21T20:31:59Z,Yellow Oxide 2154-10 | Benjamin Moore,2024-07-21T20:31:59Z,Color,"Like its namesake pigment, this dark yellow hue balances earthiness with an otherworldly richness.",860aa69d0a880c38a7a3704f18553656b2465950,1,,"{'title': '<em>Yellow</em> Oxide 2154-10 | Benjamin Moore', 'sections': '<em>Yellow</em> Oxide', 'description': 'Like its namesake pigment, this dark <em>yellow</em> hue balances earthiness with an otherworldly richness.', 'color_name': '<em>Yellow</em> Oxide', 'page_path': '&#x2F;en-us&#x2F;paint-colors&#x2F;color&#x2F;2154-10&#x2F;<em>yellow</em>-oxide', 'PrimaryColorFamily': '<em>Yellow</em>'}",624270fc196a67ef68896012,2154-10,Medium,Warm,C58E38,Yellow Oxide,Brown,Yellow,,,,,,,,,
https://media.benjaminmoore.com/WebServices/prod/cdp/836x1045/yellow-paint-050-mellow-yellow-2020-50-rgb.jpg,https://www.benjaminmoore.com/en-us/paint-colors/color/2020-50/mellow-yellow,"['Mellow Yellow', 'Matching Colors', 'Different Shades', 'Similar Colors', 'Color By Family']",/en-us/paint-colors/color/2020-50/mellow-yellow,2024-07-21T19:30:41Z,Mellow Yellow 2020-50 | Benjamin Moore,2024-07-21T19:30:41Z,Color,A pale yet eye-catching yellow that radiates warmth and cheer.,4c300ad732f9a507c99dd59af2f525fbd5183ec9,1,,"{'title': 'Mellow <em>Yellow</em> 2020-50 | Benjamin Moore', 'sections': 'Mellow <em>Yellow</em>', 'description': 'A pale yet eye-catching <em>yellow</em> that radiates warmth and cheer.', 'color_name': 'Mellow <em>Yellow</em>', 'page_path': '&#x2F;en-us&#x2F;paint-colors&#x2F;color&#x2F;2020-50&#x2F;mellow-<em>yellow</em>', 'PrimaryColorFamily': '<em>Yellow</em>'}",6242ff2028ccbc5bbddda17f,2020-50,Light,Warm,FFE99F,Mellow Yellow,,Yellow,,,,,,,,,
https://media.benjaminmoore.com/WebServices/prod/cdp/836x1045/yellow-paint-051-yellow-flash-2021-10-rgb.jpg,https://www.benjaminmoore.com/en-us/paint-colors/color/2021-10/yellow-flash,"['Yellow Flash', 'Matching Colors', 'Different Shades', 'Similar Colors', 'Color By Family']",/en-us/paint-colors/color/2021-10/yellow-flash,2024-07-22T01:30:22Z,Yellow Flash 2021-10 | Benjamin Moore,2024-07-22T01:30:22Z,Color,"An eye-catching blend of yellow and orange, this marigold hue leaves a lasting impression.",0f5abbfcf502bf96b1f41658fa62dbf7f55b383c,1,,"{'title': '<em>Yellow</em> Flash 2021-10 | Benjamin Moore', 'sections': '<em>Yellow</em> Flash', 'description': 'An eye-catching blend of <em>yellow</em> and orange, this marigold hue leaves a lasting impression.', 'color_name': '<em>Yellow</em> Flash', 'page_path': '&#x2F;en-us&#x2F;paint-colors&#x2F;color&#x2F;2021-10&#x2F;<em>yellow</em>-flash', 'PrimaryColorFamily': '<em>Yellow</em>'}",6242d17b64441fd11900451a,2021-10,Medium,Warm,FFBD00,Yellow Flash,,Yellow,,,,,,,,,
https://media.benjaminmoore.com/WebServices/prod/cdp/836x1045/yellow-paint-073-barely-yellow-2025-70-rgb.jpg,https://www.benjaminmoore.com/en-us/paint-colors/color/2025-70/barely-yellow,"['Barely Yellow', 'Matching Colors', 'Different Shades', 'Similar Colors', 'Color By Family']",/en-us/paint-colors/color/2025-70/barely-yellow,2024-07-22T03:10:34Z,Barely Yellow 2025-70 | Benjamin Moore,2024-07-22T03:10:33Z,Color,"With radiant notes of yellow and green, this barely there hue delivers high impact.",d2804bcf416e45631fa3d1b8d659d8261be35675,1,,"{'title': 'Barely <em>Yellow</em> 2025-70 | Benjamin Moore', 'sections': 'Barely <em>Yellow</em>', 'description': 'With radiant notes of <em>yellow</em> and green, this barely there hue delivers high impact.', 'color_name': 'Barely <em>Yellow</em>', 'page_path': '&#x2F;en-us&#x2F;paint-colors&#x2F;color&#x2F;2025-70&#x2F;barely-<em>yellow</em>', 'PrimaryColorFamily': '<em>Yellow</em>'}",6243120a196a670e85896614,2025-70,Light,Warm,F7F8DB,Barely Yellow,,Yellow,,,,,,,,,
https://media.benjaminmoore.com/WebServices/prod/cdp/836x1045/yellow-paint-070-jasper-yellow-2024-50-rgb.jpg,https://www.benjaminmoore.com/en-us/paint-colors/color/2024-50/jasper-yellow,"['Jasper Yellow', 'Matching Colors', 'Different Shades', 'Similar Colors', 'Color By Family']",/en-us/paint-colors/color/2024-50/jasper-yellow,2024-07-22T03:10:31Z,Jasper Yellow 2024-50 | Benjamin Moore,2024-07-22T03:10:31Z,Color,"A mellow yellow with greenish depths, this intriguing hue has a healing quality.",763b71201ace94847f0d1baaa35a9dbf3e23aa12,1,,"{'title': 'Jasper <em>Yellow</em> 2024-50 | Benjamin Moore', 'sections': 'Jasper <em>Yellow</em>', 'description': 'A mellow <em>yellow</em> with greenish depths, this intriguing hue has a healing quality.', 'color_name': 'Jasper <em>Yellow</em>', 'page_path': '&#x2F;en-us&#x2F;paint-colors&#x2F;color&#x2F;2024-50&#x2F;jasper-<em>yellow</em>', 'PrimaryColorFamily': '<em>Yellow</em>'}",6242ea1d28ccbc3309dd9dd7,2024-50,Light,Warm,F6ECA9,Jasper Yellow,,Yellow,,,,,,,,,
https://media.benjaminmoore.com/WebServices/prod/cdp/836x1045/yellow-paint-056-damask-yellow-CW-400-rgb.jpg,https://www.benjaminmoore.com/en-us/paint-colors/color/cw-400/damask-yellow,"['Damask Yellow', 'Matching Colors', 'Color By Family']",/en-us/paint-colors/color/cw-400/damask-yellow,2024-07-30T21:47:41Z,Damask Yellow CW-400 | Benjamin Moore,2024-07-03T11:20:45Z,Color,"Echoing the richness of a pattern favored by Virginia's gentry, this vibrant shade is based on 1760s block-printed wallpaper with an Indian-inspired design of Palmate leaves and flowers found in the Thomas Everard House.",1dfd45a72673b50aa36dc6ffe418ecf4246585d0,1,,"{'title': 'Damask <em>Yellow</em> CW-400 | Benjamin Moore', 'sections': 'Damask <em>Yellow</em>', 'color_name': 'Damask <em>Yellow</em>', 'page_path': '&#x2F;en-us&#x2F;paint-colors&#x2F;color&#x2F;cw-400&#x2F;damask-<em>yellow</em>', 'Family': '<em>Yellow</em>'}",62424ec6196a67e36c896077,CW-400,,,E8CD83,Damask Yellow,,,,,Yellow,Light,"['Interior', 'Exterior']",true,Williamsburg&reg; Paint Color Collection,,
https://media.benjaminmoore.com/WebServices/prod/cdp/836x1045/white-paint-253-antique-yellow-OC-103-rgb.jpg,https://www.benjaminmoore.com/en-us/paint-colors/color/oc-103/antique-yellow,"['Antique Yellow', 'Matching Colors', 'Similar Colors', 'Color By Family']",/en-us/paint-colors/color/oc-103/antique-yellow,2024-07-30T20:37:52Z,Antique Yellow OC-103 | Benjamin Moore,2024-07-30T20:37:51Z,Color,Faded hints of cream lend character to this comforting off-white.,71614e3fbbcef0ad7638e4a05c8cf4d70ea77b97,1,,"{'title': 'Antique <em>Yellow</em> OC-103 | Benjamin Moore', 'sections': 'Antique <em>Yellow</em>', 'color_name': 'Antique <em>Yellow</em>', 'page_path': '&#x2F;en-us&#x2F;paint-colors&#x2F;color&#x2F;oc-103&#x2F;antique-<em>yellow</em>'}",6242dd8464441fc90d0047f0,OC-103,,,F7ECD3,Antique Yellow,,,,,White,Light,"['Interior', 'Exterior']",true,Off White Collection,,
https://media.benjaminmoore.com/WebServices/prod/cdp/836x1045/yellow-paint-057-aztec-yellow-2152-20-rgb.jpg,https://www.benjaminmoore.com/en-us/paint-colors/color/2152-20/aztec-yellow,"['Aztec Yellow', 'Matching Colors', 'Different Shades', 'Similar Colors', 'Color By Family']",/en-us/paint-colors/color/2152-20/aztec-yellow,2024-07-22T03:26:22Z,Aztec Yellow 2152-20 | Benjamin Moore,2024-07-22T03:26:21Z,Color,"Exhibiting shades of amber, honey and bronze, this unique hue is full of mystique.",80df3c11933f73463184d919a55279a28daae469,1,,"{'title': 'Aztec <em>Yellow</em> 2152-20 | Benjamin Moore', 'sections': 'Aztec <em>Yellow</em>', 'color_name': 'Aztec <em>Yellow</em>', 'page_path': '&#x2F;en-us&#x2F;paint-colors&#x2F;color&#x2F;2152-20&#x2F;aztec-<em>yellow</em>', 'PrimaryColorFamily': '<em>Yellow</em>'}",62428610e7b9d2d7b10f5146,2152-20,Medium,Warm,B89045,Aztec Yellow,Brown,Yellow,,,,,,,,,
https://media.benjaminmoore.com/WebServices/prod/cdp/836x1045/orange-paint-049-lion-yellow-2158-60-rgb.jpg,https://www.benjaminmoore.com/en-us/paint-colors/color/2158-60/lion-yellow,"['Lion Yellow', 'Matching Colors', 'Different Shades', 'Similar Colors', 'Color By Family']",/en-us/paint-colors/color/2158-60/lion-yellow,2024-07-21T21:37:45Z,Lion Yellow 2158-60 | Benjamin Moore,2024-07-21T21:37:45Z,Color,"A light, crisp peach that can brighten a space with playful energy.",cfad904796c9eea47bc8cc6bd9478dcfa9bc4d38,1,,"{'title': 'Lion <em>Yellow</em> 2158-60 | Benjamin Moore', 'sections': 'Lion <em>Yellow</em>', 'color_name': 'Lion <em>Yellow</em>', 'page_path': '&#x2F;en-us&#x2F;paint-colors&#x2F;color&#x2F;2158-60&#x2F;lion-<em>yellow</em>'}",6242c79828ccbc4cd5ddbe2c,2158-60,Light,Warm,FAE8CE,Lion Yellow,Peach,Orange,,,,,,,,,
https://media.benjaminmoore.com/WebServices/prod/cdp/836x1045/orange-paint-186-acorn-yellow-2161-40-rgb.jpg,https://www.benjaminmoore.com/en-us/paint-colors/color/2161-40/acorn-yellow,"['Acorn Yellow', 'Matching Colors', 'Different Shades', 'Similar Colors', 'Color By Family']",/en-us/paint-colors/color/2161-40/acorn-yellow,2024-07-22T04:29:34Z,Acorn Yellow 2161-40 | Benjamin Moore,2024-07-22T04:29:34Z,Color,"With its delicate russet tones, this dark tan hue recalls perfectly browned autumn vegetables.",7041afcaef2e534919b180b0cac82e2f46f67c87,1,,"{'title': 'Acorn <em>Yellow</em> 2161-40 | Benjamin Moore', 'sections': 'Acorn <em>Yellow</em>', 'color_name': 'Acorn <em>Yellow</em>', 'page_path': '&#x2F;en-us&#x2F;paint-colors&#x2F;color&#x2F;2161-40&#x2F;acorn-<em>yellow</em>'}",6242867228ccbccfb6dd9986,2161-40,Medium,Warm,CDA87F,Acorn Yellow,Brown,Orange,,,,,,,,,
https://media.benjaminmoore.com/WebServices/prod/cdp/836x1045/orange-paint-186-yellow-squash-2161-50-rgb.jpg,https://www.benjaminmoore.com/en-us/paint-colors/color/2161-50/yellow-squash,"['Yellow Squash', 'Matching Colors', 'Different Shades', 'Similar Colors', 'Color By Family']",/en-us/paint-colors/color/2161-50/yellow-squash,2024-07-30T19:10:04Z,Yellow Squash 2161-50 | Benjamin Moore,2024-07-30T19:10:04Z,Color,"Infused with hints of pink and orange, this soft tan hue resembles the delicate skin of butternut squash.",b653ecd603881b6214b3c4f47cfea6438fa0181a,1,,"{'title': '<em>Yellow</em> Squash 2161-50 | Benjamin Moore', 'sections': '<em>Yellow</em> Squash', 'color_name': '<em>Yellow</em> Squash', 'page_path': '&#x2F;en-us&#x2F;paint-colors&#x2F;color&#x2F;2161-50&#x2F;<em>yellow</em>-squash'}",62428637196a67f515895f67,2161-50,,,E3C9AA,Yellow Squash,,,,,Orange,Light,"['Interior', 'Exterior']",true,Color Preview&reg;,,
https://media.benjaminmoore.com/WebServices/prod/cdp/836x1045/orange-paint-026-yellow-haze-2017-50-rgb.jpg,https://www.benjaminmoore.com/en-us/paint-colors/color/2017-50/yellow-haze,"['Yellow Haze', 'Matching Colors', 'Different Shades', 'Similar Colors', 'Color By Family']",/en-us/paint-colors/color/2017-50/yellow-haze,2024-07-30T15:17:02Z,Yellow Haze 2017-50 | Benjamin Moore,2024-07-03T17:08:48Z,Color,A creamy orange that conveys luminous energy and optimism.,a490610a60402bf45235f27f0d6ea90788ccef14,1,,"{'title': '<em>Yellow</em> Haze 2017-50 | Benjamin Moore', 'sections': '<em>Yellow</em> Haze', 'color_name': '<em>Yellow</em> Haze', 'page_path': '&#x2F;en-us&#x2F;paint-colors&#x2F;color&#x2F;2017-50&#x2F;<em>yellow</em>-haze'}",6242fef464441f127f003ad1,2017-50,,,FFDDA6,Yellow Haze,,,,,Orange,Light,Interior,true,Color Preview&reg;,,
https://media.benjaminmoore.com/WebServices/prod/cdp/836x1045/yellow-paint-050-crowne-hill-yellow-312-rgb.jpg,https://www.benjaminmoore.com/en-us/paint-colors/color/312/crowne-hill-yellow,"['Crowne Hill Yellow', 'Matching Colors', 'Different Shades', 'Similar Colors', 'Color By Family']",/en-us/paint-colors/color/312/crowne-hill-yellow,2024-07-22T02:51:26Z,Crowne Hill Yellow 312 | Benjamin Moore,2024-07-03T16:46:58Z,Color,A touch of bright melon punctuates this medium yellow.,6205cc5fd08ecae3a3453f66270cb929df23f0dd,1,,"{'title': 'Crowne Hill <em>Yellow</em> 312 | Benjamin Moore', 'sections': 'Crowne Hill <em>Yellow</em>', 'description': 'A touch of bright melon punctuates this medium <em>yellow</em>.', 'color_name': 'Crowne Hill <em>Yellow</em>', 'page_path': '&#x2F;en-us&#x2F;paint-colors&#x2F;color&#x2F;312&#x2F;crowne-hill-<em>yellow</em>', 'PrimaryColorFamily': '<em>Yellow</em>'}",6242eed828ccbc124bdd9e91,312,Light,Warm,FBDB90,Crowne Hill Yellow,Peach,Yellow,,,,,,,,,
https://media.benjaminmoore.com/WebServices/prod/cdp/836x1045/yellow-paint-050-yellow-rain-coat-2020-40-rgb.jpg,https://www.benjaminmoore.com/en-us/paint-colors/color/2020-40/yellow-rain-coat,"['Yellow Rain Coat', 'Matching Colors', 'Different Shades', 'Similar Colors', 'Color By Family']",/en-us/paint-colors/color/2020-40/yellow-rain-coat,2024-07-22T02:07:18Z,Yellow Rain Coat 2020-40 | Benjamin Moore,2024-07-22T02:07:17Z,Color,A classic bright yellow to lighten up dark spaces.,10c0cda90495436edbfa66a06faed00b4b4a9fe5,1,,"{'title': '<em>Yellow</em> Rain Coat 2020-40 | Benjamin Moore', 'sections': '<em>Yellow</em> Rain Coat', 'description': 'A classic bright <em>yellow</em> to lighten up dark spaces.', 'color_name': '<em>Yellow</em> Rain Coat', 'page_path': '&#x2F;en-us&#x2F;paint-colors&#x2F;color&#x2F;2020-40&#x2F;<em>yellow</em>-rain-coat', 'PrimaryColorFamily': '<em>Yellow</em>'}",6242d351e7b9d269a70f6047,2020-40,Light,Warm,FFD867,Yellow Rain Coat,,Yellow,,,,,,,,,
https://media.benjaminmoore.com/WebServices/prod/cdp/836x1045/yellow-paint-064-yellow-brick-road-349-rgb.jpg,https://www.benjaminmoore.com/en-us/paint-colors/color/349/yellow-brick-road,"['Yellow Brick Road', 'Matching Colors', 'Different Shades', 'Similar Colors', 'Color By Family']",/en-us/paint-colors/color/349/yellow-brick-road,2024-07-21T22:12:49Z,Yellow Brick Road 349 | Benjamin Moore,2024-07-21T22:12:48Z,Color,An iconic shade of golden yellow that has a familiarinstantly comfortingpresence.,5533b7e2cee8680aa510d6344e864de3e47ff0aa,1,,"{'title': '<em>Yellow</em> Brick Road 349 | Benjamin Moore', 'sections': '<em>Yellow</em> Brick Road', 'description': 'An iconic shade of golden <em>yellow</em> that has a familiarinstantly comfortingpresence.', 'color_name': '<em>Yellow</em> Brick Road', 'page_path': '&#x2F;en-us&#x2F;paint-colors&#x2F;color&#x2F;349&#x2F;<em>yellow</em>-brick-road', 'PrimaryColorFamily': '<em>Yellow</em>', 'Undertone': '<em>Yellow</em>'}",6242d29364441f7c2d004bd1,349,Light,Warm,F1CC54,Yellow Brick Road,Yellow,Yellow,,,,,,,,,
https://media.benjaminmoore.com/WebServices/prod/cdp/836x1045/yellow-paint-050-bumble-bee-yellow-2020-10-rgb.jpg,https://www.benjaminmoore.com/en-us/paint-colors/color/2020-10/bumble-bee-yellow,"['Bumble Bee Yellow', 'Matching Colors', 'Different Shades', 'Similar Colors', 'Color By Family']",/en-us/paint-colors/color/2020-10/bumble-bee-yellow,2024-07-22T02:07:20Z,Bumble Bee Yellow 2020-10 | Benjamin Moore,2024-07-22T02:07:19Z,Color,"Spiked with a hint of orange, this playful yellow buzzes with optimism and exuberance.",6fbea7c75e5b56ad1854a82898ba175c5f297040,1,,"{'title': 'Bumble Bee <em>Yellow</em> 2020-10 | Benjamin Moore', 'sections': 'Bumble Bee <em>Yellow</em>', 'description': 'Spiked with a hint of orange, this playful <em>yellow</em> buzzes with optimism and exuberance.', 'color_name': 'Bumble Bee <em>Yellow</em>', 'page_path': '&#x2F;en-us&#x2F;paint-colors&#x2F;color&#x2F;2020-10&#x2F;bumble-bee-<em>yellow</em>', 'PrimaryColorFamily': '<em>Yellow</em>'}",6242ff29e7b9d27c9d0f3c2c,2020-10,Medium,Warm,FFB000,Bumble Bee Yellow,,Yellow,,,,,,,,,
https://media.benjaminmoore.com/WebServices/prod/cdp/836x1045/yellow-paint-061-sun-kissed-yellow-2022-20-rgb.jpg,https://www.benjaminmoore.com/en-us/paint-colors/color/2022-20/sun-kissed-yellow,"['Sun Kissed Yellow', 'Matching Colors', 'Different Shades', 'Similar Colors', 'Color By Family']",/en-us/paint-colors/color/2022-20/sun-kissed-yellow,2024-07-30T13:36:37Z,Sun Kissed Yellow 2022-20 | Benjamin Moore,2024-07-30T13:36:36Z,Color,A dramatic yellow that captures the wholesome exuberance of fun under the summer sun.,bc66157a1edde11be6a2491fd62dda4ec23eae4a,1,,"{'title': 'Sun Kissed <em>Yellow</em> 2022-20 | Benjamin Moore', 'sections': 'Sun Kissed <em>Yellow</em>', 'description': 'A dramatic <em>yellow</em> that captures the wholesome exuberance of fun under the summer sun.', 'color_name': 'Sun Kissed <em>Yellow</em>', 'page_path': '&#x2F;en-us&#x2F;paint-colors&#x2F;color&#x2F;2022-20&#x2F;sun-kissed-<em>yellow</em>', 'Family': '<em>Yellow</em>'}",62425fe964441f4515004300,2022-20,,,FFD600,Sun Kissed Yellow,,,,,Yellow,Light,Interior,true,Color Preview&reg;,,
