image,url,sections,page_path,published_at,title,updated_at,type,description,external_id,popularity,info,highlight,id,color_number,ColorValue,WarmCool,color_hex,color_name,PrimaryColorFamily,language,Undertone,Family,Shade,Interior/Exterior,cdp,Color Collection,Mood,Project,Style,Opacity
https://www.benjaminmoore.com/-/media/sites/benjaminmoore/images/color/color-families/color-families-red/red_hero_mobile_640x640.jpg,https://www.benjaminmoore.com/en-us/paint-colors/red,['Red Paint Colors'],/en-us/paint-colors/red,2024-08-05T18:38:08Z,Red Paint Colors  | Benjamin Moore,2024-07-04T18:33:54Z,Color,"Our Benjamin Moore Red Colors offer a sophisticated look that is classic, rich and regal. Explore our red paint colors today, and breathe energizing  life and energy into your space.",29d21f83e9a86ac1e2eb901d878e9f3d2507a935,1,,"{'title': '<em>Red</em> Paint Colors  | Benjamin Moore', 'sections': '<em>Red</em> Paint Colors', 'description': 'Our Benjamin Moore <em>Red</em> Colors offer a sophisticated look that is classic, rich and regal. Explore our <em>red</em> paint colors today, and breathe energizing  life and energy into your space.', 'page_path': '&#x2F;en-us&#x2F;paint-colors&#x2F;<em>red</em>'}",62f69a9028ccbc3d13909d34,,,,,,,,,,,,,,,,,
https://media.benjaminmoore.com/WebServices/prod/cdp/836x1045/red-paint-019-caliente-AF-290-rgb.jpg,https://www.benjaminmoore.com/en-us/paint-colors/color/af-290/caliente,"['Caliente', 'Matching Colors', 'Different Shades', 'Similar Colors', 'Color By Family']",/en-us/paint-colors/color/af-290/caliente,2024-07-21T23:34:03Z,Caliente AF-290 | Benjamin Moore,2024-07-21T23:34:03Z,Color,"A charismatic, classic shade of red that is radiant and full of energy.",87eb01f88fbf7d68caee640bdfc86a86167c6976,1,,"{'description': 'A charismatic, classic shade of <em>red</em> that is radiant and full of energy.', 'PrimaryColorFamily': '<em>Red</em>'}",6241fee764441f243d003c83,AF-290,Dark,Warm,8A2728,Caliente,Red,,,,,,,,,,,
https://media.benjaminmoore.com/WebServices/prod/cdp/836x1045/red-paint-003-dinner-party-AF-300-rgb.jpg,https://www.benjaminmoore.com/en-us/paint-colors/color/af-300/dinner-party,"['Dinner Party', 'Matching Colors', 'Different Shades', 'Similar Colors', 'Color By Family']",/en-us/paint-colors/color/af-300/dinner-party,2024-07-21T23:39:52Z,Dinner Party AF-300 | Benjamin Moore,2024-07-21T23:39:52Z,Color,"A deep, understated red that can be used in everyday spaces, as well as those reserved for special occasions.",5dba8a688cdd0bd12c6b2c7791ee934a5a63c97d,1,,"{'description': 'A deep, understated <em>red</em> that can be used in everyday spaces, as well as those reserved for special occasions.', 'PrimaryColorFamily': '<em>Red</em>'}",62427c20196a67e8a9895a10,AF-300,Dark,Warm,763637,Dinner Party,Red,,,,,,,,,,,
https://media.benjaminmoore.com/WebServices/prod/cdp/836x1045/red-paint-003-new-london-burgundy-HC-61-rgb.jpg,https://www.benjaminmoore.com/en-us/paint-colors/color/hc-61/new-london-burgundy,"['New London Burgundy', 'Matching Colors', 'Different Shades', 'Similar Colors', 'Color By Family']",/en-us/paint-colors/color/hc-61/new-london-burgundy,2024-07-21T23:58:04Z,New London Burgundy HC-61 | Benjamin Moore,2024-07-21T23:58:03Z,Color,"A distinguished, deep red with violet undertones.",1ed55b97c8faa1b72b5d0a6b27e23c2d2d62dcd3,1,,"{'description': 'A distinguished, deep <em>red</em> with violet undertones.', 'PrimaryColorFamily': '<em>Red</em>'}",62423482196a67924b894a70,HC-61,Dark,Warm,754B4E,New London Burgundy,Red,,,,,,,,,,,
https://media.benjaminmoore.com/WebServices/prod/cdp/836x1045/red-paint-009-million-dollar-red-2003-10-rgb.jpg,https://www.benjaminmoore.com/en-us/paint-colors/color/2003-10/million-dollar-red,"['Million Dollar Red', 'Matching Colors', 'Different Shades', 'Similar Colors', 'Color By Family']",/en-us/paint-colors/color/2003-10/million-dollar-red,2024-07-21T23:48:53Z,Million Dollar Red 2003-10 | Benjamin Moore,2024-07-21T23:48:53Z,Color,A signature red for interiors that perfectly balances boldness and understatement.,6300df03dd4cecc0ff72ae7104d542d658a22607,1,,"{'title': 'Million Dollar <em>Red</em> 2003-10 | Benjamin Moore', 'sections': 'Million Dollar <em>Red</em>', 'description': 'A signature <em>red</em> for interiors that perfectly balances boldness and understatement.', 'color_name': 'Million Dollar <em>Red</em>', 'page_path': '&#x2F;en-us&#x2F;paint-colors&#x2F;color&#x2F;2003-10&#x2F;million-dollar-<em>red</em>', 'PrimaryColorFamily': '<em>Red</em>'}",62425f2b28ccbc664fdda802,2003-10,Dark,Warm,B5332C,Million Dollar Red,Red,,,,,,,,,,,
https://www.benjaminmoore.com/-/media/sites/benjaminmoore/images/color/color-families/color-families-red/red_hero_mobile_640x640.jpg,https://www.benjaminmoore.com/en-us/color-overview/color-palettes/color-families/red-paint-colors,"['Red Paint Color by Family', 'From deepest garnet to soft rose, the variety within the red color family always surprises. Whether you browse color online or get expert advice in-store, let us help you find the best red paint colors for any project.', 'Warm + Cool + Most Popular Paint Colors', 'Discover the Language of Red', 'The Breadth and Depth of Red Paint', 'Red Pairs Well', 'Perk Up Smaller Spaces with Red', 'Playing with the Power of Red', 'A Touch of Red on Exteriors', 'Buy a Paint Sample', 'Ideas & Inspiration', 'Ready to Explore?', 'Benjamin Moore', 'For Professionals', 'Customer Service', 'Buy Paints and Stain']",/en-us/color-overview/color-palettes/color-families/red-paint-colors,2024-08-05T18:50:15Z,Red Paint Ideas | Benjamin Moore,2024-05-22T22:22:30Z,Color,Get ideas on how to use red paint colors and give your home a dynamic feel from the experts at Benjamin Moore.,9c62bc98f52724b77a5cc7d5998b9dbf10e50dd9,1,,"{'title': '<em>Red</em> Paint Ideas | Benjamin Moore', 'sections': '<em>Red</em> Paint Color by Family', 'description': 'Get ideas on how to use <em>red</em> paint colors and give your home a dynamic feel from the experts at Benjamin Moore.', 'page_path': '&#x2F;en-us&#x2F;color-overview&#x2F;color-palettes&#x2F;color-families&#x2F;<em>red</em>-paint-colors'}",5d48ec94e7b9d2430a198729,,,,,,,en-us,,,,,,,,,,
https://media.benjaminmoore.com/WebServices/prod/cdp/836x1045/red-paint-014-garrison-red-HC-66-rgb.jpg,https://www.benjaminmoore.com/en-us/paint-colors/color/hc-66/garrison-red,"['Garrison Red', 'Matching Colors', 'Similar Colors', 'Color By Family', 'Discover This Color in Woodluxe Exterior Stains', 'Explore the Woodluxe Collection']",/en-us/paint-colors/color/hc-66/garrison-red,2024-07-21T21:26:13Z,Garrison Red HC-66 | Benjamin Moore,2024-07-21T21:26:13Z,Color,Muted yet balanced undertones that go from brick to violet make this an essential red.,12b374ca867d58775d24debdce036e52072670c2,1,,"{'title': 'Garrison <em>Red</em> HC-66 | Benjamin Moore', 'sections': 'Garrison <em>Red</em>', 'description': 'Muted yet balanced undertones that go from brick to violet make this an essential <em>red</em>.', 'color_name': 'Garrison <em>Red</em>', 'page_path': '&#x2F;en-us&#x2F;paint-colors&#x2F;color&#x2F;hc-66&#x2F;garrison-<em>red</em>', 'PrimaryColorFamily': '<em>Red</em>'}",62439f49e7b9d28da30f5f59,HC-66,Dark,Warm,8C5956,Garrison Red,Red,,Brown,,,,,,,,,
https://media.benjaminmoore.com/WebServices/prod/cdp/836x1045/red-paint-014-hodley-red-HC-65-rgb.jpg,https://www.benjaminmoore.com/en-us/paint-colors/color/hc-65/hodley-red,"['Hodley Red', 'Matching Colors', 'Similar Colors', 'Color By Family']",/en-us/paint-colors/color/hc-65/hodley-red,2024-07-22T01:15:32Z,Hodley Red HC-65 | Benjamin Moore,2024-07-22T01:15:32Z,Color,A deep red with versatile undertones that shift from an elegant purple to a comfortable brown.,69e61f2427d0f96fa81d1d7f3e9ba8fd5249988c,1,,"{'title': 'Hodley <em>Red</em> HC-65 | Benjamin Moore', 'sections': 'Hodley <em>Red</em>', 'description': 'A deep <em>red</em> with versatile undertones that shift from an elegant purple to a comfortable brown.', 'color_name': 'Hodley <em>Red</em>', 'page_path': '&#x2F;en-us&#x2F;paint-colors&#x2F;color&#x2F;hc-65&#x2F;hodley-<em>red</em>', 'PrimaryColorFamily': '<em>Red</em>'}",6242c71628ccbc98b2ddb27f,HC-65,Dark,Warm,774D4A,Hodley Red,Red,,Brown,,,,,,,,,
https://media.benjaminmoore.com/WebServices/prod/cdp/836x1045/red-paint-015-brick-red-2084-10-rgb.jpg,https://www.benjaminmoore.com/en-us/paint-colors/color/2084-10/brick-red,"['Brick Red', 'Matching Colors', 'Different Shades', 'Similar Colors', 'Color By Family']",/en-us/paint-colors/color/2084-10/brick-red,2024-07-21T22:39:01Z,Brick Red 2084-10 | Benjamin Moore,2024-07-21T22:39:00Z,Color,"Rich, saturated color gives this red decorative appeal, while brown and orange tones bring out its utilitarian side.",75e39addf35e664773427f9a98bc846d8f3472c3,1,,"{'title': 'Brick <em>Red</em> 2084-10 | Benjamin Moore', 'sections': 'Brick <em>Red</em>', 'description': 'Rich, saturated color gives this <em>red</em> decorative appeal, while brown and orange tones bring out its utilitarian side.', 'color_name': 'Brick <em>Red</em>', 'page_path': '&#x2F;en-us&#x2F;paint-colors&#x2F;color&#x2F;2084-10&#x2F;brick-<em>red</em>', 'PrimaryColorFamily': '<em>Red</em>'}",62426d6c64441fbb3c004eb7,2084-10,Dark,Warm,793B31,Brick Red,Red,,Brown,,,,,,,,,
https://media.benjaminmoore.com/WebServices/prod/cdp/836x1045/orange-paint-045-georgian-brick-HC-50-rgb.jpg,https://www.benjaminmoore.com/en-us/paint-colors/color/hc-50/georgian-brick,"['Georgian Brick', 'Matching Colors', 'Similar Colors', 'Color By Family', 'Discover This Color in Woodluxe Exterior Stains', 'Explore the Woodluxe Collection']",/en-us/paint-colors/color/hc-50/georgian-brick,2024-07-21T21:29:23Z,Georgian Brick HC-50 | Benjamin Moore,2024-07-21T21:29:23Z,Color,A foundational reddish brown that looks at home in rustic or sophisticated spaces.,93ece35b4e3a133959f0571babdc2cadd82238cb,1,,"{'description': 'A foundational <em>reddish</em> brown that looks at home in rustic or sophisticated spaces.', 'PrimaryColorFamily': '<em>Red</em>'}",6242f180e7b9d229530f6250,HC-50,Dark,Warm,985949,Georgian Brick,Red,,,,,,,,,,,
https://media.benjaminmoore.com/WebServices/prod/cdp/836x1045/red-paint-017-deep-rose-2004-10-rgb.jpg,https://www.benjaminmoore.com/en-us/paint-colors/color/2004-10/deep-rose,"['Deep Rose', 'Matching Colors', 'Different Shades', 'Similar Colors', 'Color By Family']",/en-us/paint-colors/color/2004-10/deep-rose,2024-07-21T22:13:36Z,Deep Rose 2004-10 | Benjamin Moore,2024-07-21T22:13:36Z,Color,Subtle russet notes bring out the sophisticated side of this rich shade of red.,58b2f45045f034b0a77eaf3d6aaba8e3ed646556,1,,"{'description': 'Subtle russet notes bring out the sophisticated side of this rich shade of <em>red</em>.', 'PrimaryColorFamily': '<em>Red</em>'}",6242d0e028ccbc3eacdda5aa,2004-10,Dark,Warm,A0372F,Deep Rose,Red,,Brown,,,,,,,,,
https://media.benjaminmoore.com/WebServices/prod/cdp/836x1045/orange-paint-005-raspberry-blush-2008-30-rgb.jpg,https://www.benjaminmoore.com/en-us/paint-colors/color/2008-30/raspberry-blush,"['Raspberry Blush', 'Matching Colors', 'Different Shades', 'Similar Colors', 'Color By Family']",/en-us/paint-colors/color/2008-30/raspberry-blush,2024-07-21T21:24:32Z,Raspberry Blush 2008-30 | Benjamin Moore,2024-07-21T21:24:32Z,Color,"A vivacious shade of coral tinged with pink, this electric hue is the definition of charismatic color.",25194233f62b54d5d691ef87213be1d958187109,1,,{},63437a36196a67d0d07dd45a,2008-30,Medium,Warm,D75F56,Raspberry Blush,Orange,,,,,,,,,,,
https://media.benjaminmoore.com/WebServices/prod/cdp/836x1045/red-paint-016-red-2000-10-rgb.jpg,https://www.benjaminmoore.com/en-us/paint-colors/color/2000-10/red,"['Red', 'Matching Colors', 'Different Shades', 'Similar Colors', 'Color By Family']",/en-us/paint-colors/color/2000-10/red,2024-07-21T22:50:57Z,Red 2000-10 | Benjamin Moore,2024-07-21T22:50:57Z,Color,"A classic, bold red that can add an extravagant touch to the space.",51b3c2346de2b2a558553d2f314dfcd9282607fe,1,,"{'title': '<em>Red</em> 2000-10 | Benjamin Moore', 'sections': '<em>Red</em>', 'description': 'A classic, bold <em>red</em> that can add an extravagant touch to the space.', 'color_name': '<em>Red</em>', 'page_path': '&#x2F;en-us&#x2F;paint-colors&#x2F;color&#x2F;2000-10&#x2F;<em>red</em>', 'PrimaryColorFamily': '<em>Red</em>'}",62424b5728ccbc5763dda38e,2000-10,Dark,Warm,C92E2E,Red,Red,,,,,,,,,,,
https://media.benjaminmoore.com/WebServices/prod/cdp/836x1045/red-paint-004-terra-cotta-tile-2090-30-rgb.jpg,https://www.benjaminmoore.com/en-us/paint-colors/color/2090-30/terra-cotta-tile,"['Terra Cotta Tile', 'Matching Colors', 'Different Shades', 'Similar Colors', 'Color By Family']",/en-us/paint-colors/color/2090-30/terra-cotta-tile,2024-07-21T23:39:50Z,Terra Cotta Tile 2090-30 | Benjamin Moore,2024-07-21T23:39:49Z,Color,"A widely appealing red perfectly calibrated between dramatic and welcoming, rustic and sophisticated.",7bc0d9658d540387e6cb84ddf473f821f49bd812,1,,"{'description': 'A widely appealing <em>red</em> perfectly calibrated between dramatic and welcoming, rustic and sophisticated.', 'PrimaryColorFamily': '<em>Red</em>'}",624256ed196a6717d2896bb4,2090-30,Dark,Warm,A14C3E,Terra Cotta Tile,Red,,Brown,,,,,,,,,
https://media.benjaminmoore.com/WebServices/prod/cdp/836x1045/orange-paint-018-brickyard-red-CW-325-rgb.jpg,https://www.benjaminmoore.com/en-us/paint-colors/color/cw-325/brickyard-red,"['Brickyard Red', 'Matching Colors', 'Similar Colors', 'Color By Family']",/en-us/paint-colors/color/cw-325/brickyard-red,2024-07-21T03:12:08Z,Brickyard Red CW-325 | Benjamin Moore,2024-07-21T03:12:08Z,Color,"A red made from naturally occurring iron oxide pigments, reddish-brown Brickyard red has a likable, well-worn quality.",dd9562182608fcd0cb6d3bf1164025a211910d24,1,,"{'title': 'Brickyard <em>Red</em> CW-325 | Benjamin Moore', 'sections': 'Brickyard <em>Red</em>', 'description': 'A <em>red</em> made from naturally occurring iron oxide pigments, <em>reddish</em>-brown Brickyard <em>red</em> has a likable, well-worn quality.', 'color_name': 'Brickyard <em>Red</em>', 'page_path': '&#x2F;en-us&#x2F;paint-colors&#x2F;color&#x2F;cw-325&#x2F;brickyard-<em>red</em>'}",62473d3c196a679ffb89542a,CW-325,Dark,Warm,985949,Brickyard Red,Orange,,Brown,,,,,,,,,
https://media.benjaminmoore.com/WebServices/prod/cdp/836x1045/red-paint-014-cochineal-red-CW-330-rgb.jpg,https://www.benjaminmoore.com/en-us/paint-colors/color/cw-330/cochineal-red,"['Cochineal Red', 'Matching Colors', 'Color By Family']",/en-us/paint-colors/color/cw-330/cochineal-red,2024-07-22T00:25:10Z,Cochineal Red CW-330 | Benjamin Moore,2024-07-22T00:25:10Z,Color,"Grown-up and glamorous, this aristocratic shade of deep red was created with red pigments available in the 18th century.",6d30dbee60a939f698e04af9e28ce825e0413ee3,1,,"{'title': 'Cochineal <em>Red</em> CW-330 | Benjamin Moore', 'sections': 'Cochineal <em>Red</em>', 'description': 'Grown-up and glamorous, this aristocratic shade of deep <em>red</em> was created with <em>red</em> pigments available in the 18th century.', 'color_name': 'Cochineal <em>Red</em>', 'page_path': '&#x2F;en-us&#x2F;paint-colors&#x2F;color&#x2F;cw-330&#x2F;cochineal-<em>red</em>', 'PrimaryColorFamily': '<em>Red</em>'}",62424ec6196a6777038963dc,CW-330,Dark,Warm,9E3F31,Cochineal Red,Red,,,,,,,,,,,
https://media.benjaminmoore.com/WebServices/prod/cdp/836x1045/orange-paint-005-cornwallis-red-CW-315-rgb.jpg,https://www.benjaminmoore.com/en-us/paint-colors/color/cw-315/cornwallis-red,"['Cornwallis Red', 'Matching Colors', 'Similar Colors', 'Color By Family']",/en-us/paint-colors/color/cw-315/cornwallis-red,2024-07-21T02:22:05Z,Cornwallis Red CW-315 | Benjamin Moore,2024-07-21T02:22:05Z,Color,Pure red pigment is the basis for this rich and regal deep red that radiates confidence and grace.,926d419c55212634cc21b7bcb7ce8ca3ce9b050a,1,,"{'title': 'Cornwallis <em>Red</em> CW-315 | Benjamin Moore', 'sections': 'Cornwallis <em>Red</em>', 'description': 'Pure <em>red</em> pigment is the basis for this rich and regal deep <em>red</em> that radiates confidence and grace.', 'color_name': 'Cornwallis <em>Red</em>', 'page_path': '&#x2F;en-us&#x2F;paint-colors&#x2F;color&#x2F;cw-315&#x2F;cornwallis-<em>red</em>'}",62473b5728ccbc8c66dd9dc5,CW-315,Dark,Warm,BD4638,Cornwallis Red,Orange,,,,,,,,,,,
https://media.benjaminmoore.com/WebServices/prod/cdp/836x1045/red-paint-013-ladybug-red-1322-rgb.jpg,https://www.benjaminmoore.com/en-us/paint-colors/color/1322/ladybug-red,"['Ladybug Red', 'Matching Colors', 'Different Shades', 'Similar Colors', 'Color By Family']",/en-us/paint-colors/color/1322/ladybug-red,2024-07-30T13:28:04Z,Ladybug Red 1322 | Benjamin Moore,2024-07-30T13:28:03Z,Color,A rich shade of true red.,f83b88e465e3bf836b6ccdb6758a9862a59dd886,1,,"{'title': 'Ladybug <em>Red</em> 1322 | Benjamin Moore', 'sections': 'Ladybug <em>Red</em>', 'description': 'A rich shade of true <em>red</em>.', 'color_name': 'Ladybug <em>Red</em>', 'page_path': '&#x2F;en-us&#x2F;paint-colors&#x2F;color&#x2F;1322&#x2F;ladybug-<em>red</em>', 'Family': '<em>Red</em>'}",62426595e7b9d244c80f5b76,1322,,,B03E43,Ladybug Red,,,,Red,Dark,Interior,true,Benjamin Moore Classics&reg;,,,,
https://media.benjaminmoore.com/WebServices/prod/cdp/836x1045/red-paint-019-segovia-red-1288-rgb.jpg,https://www.benjaminmoore.com/en-us/paint-colors/color/1288/segovia-red,"['Segovia Red', 'Matching Colors', 'Different Shades', 'Similar Colors', 'Color By Family']",/en-us/paint-colors/color/1288/segovia-red,2024-07-21T23:02:14Z,Segovia Red 1288 | Benjamin Moore,2024-07-21T23:02:13Z,Color,A hint of brown balances this indulgent shade of red.,a127def21e4ab7047ace86fbcfd1f5299696f124,1,,"{'title': 'Segovia <em>Red</em> 1288 | Benjamin Moore', 'sections': 'Segovia <em>Red</em>', 'description': 'A hint of brown balances this indulgent shade of <em>red</em>.', 'color_name': 'Segovia <em>Red</em>', 'page_path': '&#x2F;en-us&#x2F;paint-colors&#x2F;color&#x2F;1288&#x2F;segovia-<em>red</em>', 'PrimaryColorFamily': '<em>Red</em>'}",6242dd9f28ccbc5153ddbf87,1288,Dark,Warm,9B4B49,Segovia Red,Red,,Brown,,,,,,,,,
https://media.benjaminmoore.com/WebServices/prod/cdp/836x1045/red-paint-008-moroccan-red-1309-rgb.jpg,https://www.benjaminmoore.com/en-us/paint-colors/color/1309/moroccan-red,"['Moroccan Red', 'Matching Colors', 'Different Shades', 'Similar Colors', 'Color By Family']",/en-us/paint-colors/color/1309/moroccan-red,2024-07-22T01:12:06Z,Moroccan Red 1309 | Benjamin Moore,2024-07-22T01:12:05Z,Color,A glamourous jewel-toned red that commands attention.,e78707e57607c007d0220b0e867dbb8190d36a32,1,,"{'title': 'Moroccan <em>Red</em> 1309 | Benjamin Moore', 'sections': 'Moroccan <em>Red</em>', 'description': 'A glamourous jewel-toned <em>red</em> that commands attention.', 'color_name': 'Moroccan <em>Red</em>', 'page_path': '&#x2F;en-us&#x2F;paint-colors&#x2F;color&#x2F;1309&#x2F;moroccan-<em>red</em>', 'PrimaryColorFamily': '<em>Red</em>'}",62424c0428ccbc979cdda9ad,1309,Dark,Warm,A84342,Moroccan Red,Red,,,,,,,,,,,
https://media.benjaminmoore.com/WebServices/prod/cdp/836x1045/red-paint-170-aniline-red-1350-rgb.jpg,https://www.benjaminmoore.com/en-us/paint-colors/color/1350/aniline-red,"['Aniline Red', 'Matching Colors', 'Different Shades', 'Similar Colors', 'Color By Family']",/en-us/paint-colors/color/1350/aniline-red,2024-07-22T03:06:26Z,Aniline Red 1350 | Benjamin Moore,2024-07-22T03:06:26Z,Color,A statement-making red hue with hints of deep violet.,eb8ab9af2b4dcb66a5ce4c94b4b1018fc79a2251,1,,"{'title': 'Aniline <em>Red</em> 1350 | Benjamin Moore', 'sections': 'Aniline <em>Red</em>', 'description': 'A statement-making <em>red</em> hue with hints of deep violet.', 'color_name': 'Aniline <em>Red</em>', 'page_path': '&#x2F;en-us&#x2F;paint-colors&#x2F;color&#x2F;1350&#x2F;aniline-<em>red</em>', 'PrimaryColorFamily': '<em>Red</em>'}",624306ede7b9d2ddbb0f4166,1350,Dark,Cool,AF405B,Aniline Red,Red,,,,,,,,,,,
https://media.benjaminmoore.com/WebServices/prod/cdp/836x1045/red-paint-004-cottage-red-HC-184-rgb.jpg,https://www.benjaminmoore.com/en-us/paint-colors/color/hc-184/cottage-red,"['Cottage Red', 'Matching Colors', 'Color By Family']",/en-us/paint-colors/color/hc-184/cottage-red,2024-07-22T00:28:02Z,Cottage Red HC-184 | Benjamin Moore,2024-07-22T00:28:02Z,Color,Deep brownish tones make this a classic barn red color.,d914beeddb7a665af71721e78a2bf19c3babfc60,1,,"{'title': 'Cottage <em>Red</em> HC-184 | Benjamin Moore', 'sections': 'Cottage <em>Red</em>', 'description': 'Deep brownish tones make this a classic barn <em>red</em> color.', 'color_name': 'Cottage <em>Red</em>', 'page_path': '&#x2F;en-us&#x2F;paint-colors&#x2F;color&#x2F;hc-184&#x2F;cottage-<em>red</em>', 'PrimaryColorFamily': '<em>Red</em>'}",624310f6e7b9d28b230f4423,HC-184,Dark,Warm,662A25,Cottage Red,Red,,,,,,,,,,,
https://media.benjaminmoore.com/WebServices/prod/cdp/836x1045/orange-paint-033-mayflower-red-HC-49-rgb.jpg,https://www.benjaminmoore.com/en-us/paint-colors/color/hc-49/mayflower-red,"['Mayflower Red', 'Matching Colors', 'Similar Colors', 'Color By Family']",/en-us/paint-colors/color/hc-49/mayflower-red,2024-07-21T22:09:51Z,Mayflower Red HC-49 | Benjamin Moore,2024-07-21T22:09:51Z,Color,Orange undertones infuse this red with earthy sophistication.,1e71430c5d22359afc199d75c10d7fb8271518b6,1,,"{'title': 'Mayflower <em>Red</em> HC-49 | Benjamin Moore', 'sections': 'Mayflower <em>Red</em>', 'description': 'Orange undertones infuse this <em>red</em> with earthy sophistication.', 'color_name': 'Mayflower <em>Red</em>', 'page_path': '&#x2F;en-us&#x2F;paint-colors&#x2F;color&#x2F;hc-49&#x2F;mayflower-<em>red</em>', 'PrimaryColorFamily': '<em>Red</em>'}",6243113fe7b9d285850f5b1e,HC-49,Dark,Warm,9E624D,Mayflower Red,Red,,,,,,,,,,,
https://media.benjaminmoore.com/WebServices/prod/cdp/836x1045/red-paint-014-red-rock-2005-10-rgb.jpg,https://www.benjaminmoore.com/en-us/paint-colors/color/2005-10/red-rock,"['Red Rock', 'Matching Colors', 'Different Shades', 'Similar Colors', 'Color By Family']",/en-us/paint-colors/color/2005-10/red-rock,2024-07-21T23:03:21Z,Red Rock 2005-10 | Benjamin Moore,2024-07-21T23:03:21Z,Color,An earthen red with rich brown undertones.,e690089c62d1e1bdd90e5769f0c20f1416b28686,1,,"{'title': '<em>Red</em> Rock 2005-10 | Benjamin Moore', 'sections': '<em>Red</em> Rock', 'description': 'An earthen <em>red</em> with rich brown undertones.', 'color_name': '<em>Red</em> Rock', 'page_path': '&#x2F;en-us&#x2F;paint-colors&#x2F;color&#x2F;2005-10&#x2F;<em>red</em>-rock', 'PrimaryColorFamily': '<em>Red</em>'}",62426d9c28ccbcfadcddac94,2005-10,Dark,Warm,7C3E32,Red Rock,Red,,Brown,,,,,,,,,
https://media.benjaminmoore.com/WebServices/prod/cdp/836x1045/red-paint-012-smoldering-red-2007-10-rgb.jpg,https://www.benjaminmoore.com/en-us/paint-colors/color/2007-10/smoldering-red,"['Smoldering Red', 'Matching Colors', 'Different Shades', 'Similar Colors', 'Color By Family']",/en-us/paint-colors/color/2007-10/smoldering-red,2024-07-22T00:26:51Z,Smoldering Red 2007-10 | Benjamin Moore,2024-07-22T00:26:51Z,Color,A decadent lipstick red that commands attention.,f6ba2b02b0e0bf986e8d72fcc5cffd4a590ecb5e,1,,"{'title': 'Smoldering <em>Red</em> 2007-10 | Benjamin Moore', 'sections': 'Smoldering <em>Red</em>', 'description': 'A decadent lipstick <em>red</em> that commands attention.', 'color_name': 'Smoldering <em>Red</em>', 'page_path': '&#x2F;en-us&#x2F;paint-colors&#x2F;color&#x2F;2007-10&#x2F;smoldering-<em>red</em>', 'PrimaryColorFamily': '<em>Red</em>'}",6242c14464441f9157004f24,2007-10,Dark,Warm,A33A2D,Smoldering Red,Red,,,,,,,,,,,
https://media.benjaminmoore.com/WebServices/prod/cdp/836x1045/red-paint-016-tricycle-red-2000-20-rgb.jpg,https://www.benjaminmoore.com/en-us/paint-colors/color/2000-20/tricycle-red,"['Tricycle Red', 'Matching Colors', 'Different Shades', 'Similar Colors', 'Color By Family']",/en-us/paint-colors/color/2000-20/tricycle-red,2024-07-21T14:27:05Z,Tricycle Red 2000-20 | Benjamin Moore,2024-07-21T14:27:05Z,Color,A playful red with a pinkish pop.,b966eaf23fffb726ec5f9ff99b0c00be785193c5,1,,"{'title': 'Tricycle <em>Red</em> 2000-20 | Benjamin Moore', 'sections': 'Tricycle <em>Red</em>', 'description': 'A playful <em>red</em> with a pinkish pop.', 'color_name': 'Tricycle <em>Red</em>', 'page_path': '&#x2F;en-us&#x2F;paint-colors&#x2F;color&#x2F;2000-20&#x2F;tricycle-<em>red</em>', 'PrimaryColorFamily': '<em>Red</em>'}",62425f5528ccbc43c2ddb177,2000-20,Dark,Warm,D33A41,Tricycle Red,Red,,,,,,,,,,,
https://media.benjaminmoore.com/WebServices/prod/cdp/836x1045/red-paint-003-tucson-red-1300-rgb.jpg,https://www.benjaminmoore.com/en-us/paint-colors/color/1300/tucson-red,"['Tucson Red', 'Matching Colors', 'Different Shades', 'Similar Colors', 'Color By Family']",/en-us/paint-colors/color/1300/tucson-red,2024-07-22T04:32:15Z,Tucson Red 1300 | Benjamin Moore,2024-07-22T04:32:14Z,Color,"Warmed by a touch of orange, this earthy red is surprisingly versatile.",ae3ed92efe66e05f69bcac269cfca6af71542df9,1,,"{'title': 'Tucson <em>Red</em> 1300 | Benjamin Moore', 'sections': 'Tucson <em>Red</em>', 'description': 'Warmed by a touch of orange, this earthy <em>red</em> is surprisingly versatile.', 'color_name': 'Tucson <em>Red</em>', 'page_path': '&#x2F;en-us&#x2F;paint-colors&#x2F;color&#x2F;1300&#x2F;tucson-<em>red</em>', 'PrimaryColorFamily': '<em>Red</em>'}",6242659564441f82c70061ea,1300,Dark,Warm,A64C43,Tucson Red,Red,,,,,,,,,,,
https://media.benjaminmoore.com/WebServices/prod/cdp/836x1045/red-paint-008-red-parrot-1308-rgb.jpg,https://www.benjaminmoore.com/en-us/paint-colors/color/1308/red-parrot,"['Red Parrot', 'Matching Colors', 'Different Shades', 'Similar Colors', 'Color By Family']",/en-us/paint-colors/color/1308/red-parrot,2024-07-22T04:41:47Z,Red Parrot 1308 | Benjamin Moore,2024-07-22T04:41:47Z,Color,"Warm and rich, breathe energy into any space with this vivacious red.",1fd60c408cadfa541c2759d62d2799515e3368dd,1,,"{'title': '<em>Red</em> Parrot 1308 | Benjamin Moore', 'sections': '<em>Red</em> Parrot', 'description': 'Warm and rich, breathe energy into any space with this vivacious <em>red</em>.', 'color_name': '<em>Red</em> Parrot', 'page_path': '&#x2F;en-us&#x2F;paint-colors&#x2F;color&#x2F;1308&#x2F;<em>red</em>-parrot', 'PrimaryColorFamily': '<em>Red</em>'}",62426539e7b9d2e7c30f5503,1308,Dark,Warm,B84945,Red Parrot,Red,,,,,,,,,,,
https://media.benjaminmoore.com/WebServices/prod/cdp/836x1045/red-paint-007-hearth-red-1295-rgb.jpg,https://www.benjaminmoore.com/en-us/paint-colors/color/1295/hearth-red,"['Hearth Red', 'Matching Colors', 'Different Shades', 'Similar Colors', 'Color By Family']",/en-us/paint-colors/color/1295/hearth-red,2024-07-22T04:44:28Z,Hearth Red 1295 | Benjamin Moore,2024-07-22T04:44:28Z,Color,"A warm red with subtle hints of brown, this dark hue is warm and inviting.",a30f7aacc9f87d2b5d914d3031f248b37e274c65,1,,"{'title': 'Hearth <em>Red</em> 1295 | Benjamin Moore', 'sections': 'Hearth <em>Red</em>', 'description': 'A warm <em>red</em> with subtle hints of brown, this dark hue is warm and inviting.', 'color_name': 'Hearth <em>Red</em>', 'page_path': '&#x2F;en-us&#x2F;paint-colors&#x2F;color&#x2F;1295&#x2F;hearth-<em>red</em>', 'PrimaryColorFamily': '<em>Red</em>'}",6242331e64441f51db003d34,1295,Dark,Warm,89504E,Hearth Red,Red,,Brown,,,,,,,,,
https://media.benjaminmoore.com/WebServices/prod/cdp/836x1045/red-paint-012-ryan-red-1314-rgb.jpg,https://www.benjaminmoore.com/en-us/paint-colors/color/1314/ryan-red,"['Ryan Red', 'Matching Colors', 'Different Shades', 'Similar Colors', 'Color By Family']",/en-us/paint-colors/color/1314/ryan-red,2024-07-21T22:50:58Z,Ryan Red 1314 | Benjamin Moore,2024-07-21T22:50:58Z,Color,A touch of orange gives this saturated red a healthy glow.,70eeb758722b7b1515a53111a7eb782a10ec826e,1,,"{'title': 'Ryan <em>Red</em> 1314 | Benjamin Moore', 'sections': 'Ryan <em>Red</em>', 'description': 'A touch of orange gives this saturated <em>red</em> a healthy glow.', 'color_name': 'Ryan <em>Red</em>', 'page_path': '&#x2F;en-us&#x2F;paint-colors&#x2F;color&#x2F;1314&#x2F;ryan-<em>red</em>', 'PrimaryColorFamily': '<em>Red</em>'}",6242c1f328ccbc61e6ddafb4,1314,Dark,Warm,CB4746,Ryan Red,Red,,,,,,,,,,,
https://media.benjaminmoore.com/WebServices/prod/cdp/836x1045/red-paint-012-umbria-red-1316-rgb.jpg,https://www.benjaminmoore.com/en-us/paint-colors/color/1316/umbria-red,"['Umbria Red', 'Matching Colors', 'Different Shades', 'Similar Colors', 'Color By Family']",/en-us/paint-colors/color/1316/umbria-red,2024-07-30T21:54:07Z,Umbria Red 1316 | Benjamin Moore,2024-07-30T21:54:07Z,Color,This deep shade of red has a glamorous touch of sophistication.,db6da941733a40591b5069aa6b5ba97b34372b23,1,,"{'title': 'Umbria <em>Red</em> 1316 | Benjamin Moore', 'sections': 'Umbria <em>Red</em>', 'description': 'This deep shade of <em>red</em> has a glamorous touch of sophistication.', 'color_name': 'Umbria <em>Red</em>', 'page_path': '&#x2F;en-us&#x2F;paint-colors&#x2F;color&#x2F;1316&#x2F;umbria-<em>red</em>', 'Family': '<em>Red</em>'}",6242d0fe28ccbc1180ddc058,1316,,,A54048,Umbria Red,,,,Red,Dark,"['Interior', 'Exterior']",true,Benjamin Moore Classics&reg;,,,,
https://media.benjaminmoore.com/WebServices/prod/cdp/836x1045/red-paint-012-milano-red-1313-rgb.jpg,https://www.benjaminmoore.com/en-us/paint-colors/color/1313/milano-red,"['Milano Red', 'Matching Colors', 'Different Shades', 'Similar Colors', 'Color By Family']",/en-us/paint-colors/color/1313/milano-red,2024-07-30T15:24:43Z,Milano Red 1313 | Benjamin Moore,2024-07-30T15:24:43Z,Color,"Glamorous and versatile, this rich red features a slightly pink cast.",26785c184eede7f1e55d84289eaea68477a07626,1,,"{'title': 'Milano <em>Red</em> 1313 | Benjamin Moore', 'sections': 'Milano <em>Red</em>', 'description': 'Glamorous and versatile, this rich <em>red</em> features a slightly pink cast.', 'color_name': 'Milano <em>Red</em>', 'page_path': '&#x2F;en-us&#x2F;paint-colors&#x2F;color&#x2F;1313&#x2F;milano-<em>red</em>', 'Family': '<em>Red</em>'}",6242c0fb196a67278e895e84,1313,,,D85C66,Milano Red,,,,Red,Medium,Interior,true,Benjamin Moore Classics&reg;,"['Bright', 'Chaming']","['Cabinet', 'Living Room']",Modern,
https://media.benjaminmoore.com/WebServices/prod/cdp/836x1045/red-paint-013-currant-red-1323-rgb.jpg,https://www.benjaminmoore.com/en-us/paint-colors/color/1323/currant-red,"['Currant Red', 'Matching Colors', 'Different Shades', 'Similar Colors', 'Color By Family']",/en-us/paint-colors/color/1323/currant-red,2024-07-30T13:33:21Z,Currant Red 1323 | Benjamin Moore,2024-07-30T13:33:21Z,Color,"A rich,  ruddy-like quality defines this deep shade of red.",d2f17dcf84bf080c1d8fbb3fda20badc6ca0ccf8,1,,"{'title': 'Currant <em>Red</em> 1323 | Benjamin Moore', 'sections': 'Currant <em>Red</em>', 'description': 'A rich,  ruddy-like quality defines this deep shade of <em>red</em>.', 'color_name': 'Currant <em>Red</em>', 'page_path': '&#x2F;en-us&#x2F;paint-colors&#x2F;color&#x2F;1323&#x2F;currant-<em>red</em>', 'Family': '<em>Red</em>'}",6242653b196a6763f18970fe,1323,,,A03D41,Currant Red,,,,Red,Dark,Interior,true,Benjamin Moore Classics&reg;,,,,
https://media.benjaminmoore.com/WebServices/prod/cdp/836x1045/red-paint-005-heritage-red-HC-181-rgb.jpg,https://www.benjaminmoore.com/en-us/paint-colors/color/hc-181/heritage-red,"['Heritage Red', 'Matching Colors', 'Color By Family']",/en-us/paint-colors/color/hc-181/heritage-red,2024-07-22T00:36:38Z,Heritage Red HC-181 | Benjamin Moore,2024-07-22T00:36:37Z,Color,A very classic shade of red that infuses a space with energy and personality.,3a357573e7b39dcf0c0822b602d7bb1f9c315af1,1,,"{'title': 'Heritage <em>Red</em> HC-181 | Benjamin Moore', 'sections': 'Heritage <em>Red</em>', 'description': 'A very classic shade of <em>red</em> that infuses a space with energy and personality.', 'color_name': 'Heritage <em>Red</em>', 'page_path': '&#x2F;en-us&#x2F;paint-colors&#x2F;color&#x2F;hc-181&#x2F;heritage-<em>red</em>', 'PrimaryColorFamily': '<em>Red</em>'}",6241feb928ccbcfe2dddb575,HC-181,Dark,Warm,990A14,Heritage Red,Red,,,,,,,,,,,
https://media.benjaminmoore.com/WebServices/prod/cdp/836x1045/red-paint-001-tomato-red-2010-10-rgb.jpg,https://www.benjaminmoore.com/en-us/paint-colors/color/2010-10/tomato-red,"['Tomato Red', 'Matching Colors', 'Different Shades', 'Similar Colors', 'Color By Family']",/en-us/paint-colors/color/2010-10/tomato-red,2024-07-21T20:23:18Z,Tomato Red 2010-10 | Benjamin Moore,2024-07-21T20:23:18Z,Color,A radiant orange-red that beams with confidence.,5ad23a8a41b2c5156bdeb311a333fe2dc4d21069,1,,"{'title': 'Tomato <em>Red</em> 2010-10 | Benjamin Moore', 'sections': 'Tomato <em>Red</em>', 'description': 'A radiant orange-<em>red</em> that beams with confidence.', 'color_name': 'Tomato <em>Red</em>', 'page_path': '&#x2F;en-us&#x2F;paint-colors&#x2F;color&#x2F;2010-10&#x2F;tomato-<em>red</em>', 'PrimaryColorFamily': '<em>Red</em>'}",6242fe5d64441f5136005f3a,2010-10,Dark,Warm,D7402B,Tomato Red,Red,,,,,,,,,,,
https://media.benjaminmoore.com/WebServices/prod/cdp/836x1045/red-paint-015-patriot-red-2080-20-rgb.jpg,https://www.benjaminmoore.com/en-us/paint-colors/color/2080-20/patriot-red,"['Patriot Red', 'Matching Colors', 'Different Shades', 'Similar Colors', 'Color By Family']",/en-us/paint-colors/color/2080-20/patriot-red,2024-07-21T22:21:37Z,Patriot Red 2080-20 | Benjamin Moore,2024-07-21T22:21:37Z,Color,"A rich, classic red gently muted with brown undertones.",b368bb8af70786dd89977dedc746440d15c4a94f,1,,"{'title': 'Patriot <em>Red</em> 2080-20 | Benjamin Moore', 'sections': 'Patriot <em>Red</em>', 'description': 'A rich, classic <em>red</em> gently muted with brown undertones.', 'color_name': 'Patriot <em>Red</em>', 'page_path': '&#x2F;en-us&#x2F;paint-colors&#x2F;color&#x2F;2080-20&#x2F;patriot-<em>red</em>', 'PrimaryColorFamily': '<em>Red</em>'}",6242771b196a67ef488966d3,2080-20,Dark,Warm,9E3B45,Patriot Red,Red,,Brown,,,,,,,,,
https://media.benjaminmoore.com/WebServices/prod/cdp/836x1045/red-paint-014-bricktone-red-2005-30-rgb.jpg,https://www.benjaminmoore.com/en-us/paint-colors/color/2005-30/bricktone-red,"['Bricktone Red', 'Matching Colors', 'Different Shades', 'Similar Colors', 'Color By Family']",/en-us/paint-colors/color/2005-30/bricktone-red,2024-07-21T15:38:28Z,Bricktone Red 2005-30 | Benjamin Moore,2024-07-21T15:38:28Z,Color,An alluring dusty red that is both earthy and elegant.,711600d22f48f116d2cecbdc193c875acbaf3f6f,1,,"{'title': 'Bricktone <em>Red</em> 2005-30 | Benjamin Moore', 'sections': 'Bricktone <em>Red</em>', 'description': 'An alluring dusty <em>red</em> that is both earthy and elegant.', 'color_name': 'Bricktone <em>Red</em>', 'page_path': '&#x2F;en-us&#x2F;paint-colors&#x2F;color&#x2F;2005-30&#x2F;bricktone-<em>red</em>', 'PrimaryColorFamily': '<em>Red</em>'}",6242de4c64441fb76a0059fc,2005-30,Dark,Warm,9C5251,Bricktone Red,Red,,Brown,,,,,,,,,
https://media.benjaminmoore.com/WebServices/prod/cdp/836x1045/red-paint-016-red-tulip-2000-30-rgb.jpg,https://www.benjaminmoore.com/en-us/paint-colors/color/2000-30/red-tulip,"['Red Tulip', 'Matching Colors', 'Different Shades', 'Similar Colors', 'Color By Family']",/en-us/paint-colors/color/2000-30/red-tulip,2024-07-21T22:50:58Z,Red Tulip 2000-30 | Benjamin Moore,2024-07-21T22:50:57Z,Color,A pinkish red bursting with charm and energy.,488b5bb4f110adec09e3c6dcc399465c95f5921b,1,,"{'title': '<em>Red</em> Tulip 2000-30 | Benjamin Moore', 'sections': '<em>Red</em> Tulip', 'description': 'A pinkish <em>red</em> bursting with charm and energy.', 'color_name': '<em>Red</em> Tulip', 'page_path': '&#x2F;en-us&#x2F;paint-colors&#x2F;color&#x2F;2000-30&#x2F;<em>red</em>-tulip', 'PrimaryColorFamily': '<em>Red</em>'}",62425f05196a6734f1896655,2000-30,Dark,Warm,E04C5B,Red Tulip,Red,,,,,,,,,,,
https://media.benjaminmoore.com/WebServices/prod/cdp/836x1045/red-paint-021-neon-red-2087-10-rgb.jpg,https://www.benjaminmoore.com/en-us/paint-colors/color/2087-10/neon-red,"['Neon Red', 'Matching Colors', 'Different Shades', 'Similar Colors', 'Color By Family']",/en-us/paint-colors/color/2087-10/neon-red,2024-07-30T21:49:36Z,Neon Red 2087-10 | Benjamin Moore,2024-07-30T21:49:36Z,Color,A classic red enlivened with the lightest trace of orange.,755cc1c2b72105524b975ddfe261823b1610b91c,1,,"{'title': 'Neon <em>Red</em> 2087-10 | Benjamin Moore', 'sections': 'Neon <em>Red</em>', 'description': 'A classic <em>red</em> enlivened with the lightest trace of orange.', 'color_name': 'Neon <em>Red</em>', 'page_path': '&#x2F;en-us&#x2F;paint-colors&#x2F;color&#x2F;2087-10&#x2F;neon-<em>red</em>', 'Family': '<em>Red</em>'}",62427255196a6714928947a7,2087-10,,,B82D33,Neon Red,,,,Red,Dark,"['Interior', 'Exterior']",true,Color Preview&reg;,Bright,Kitchen,,
https://media.benjaminmoore.com/WebServices/prod/cdp/836x1045/red-paint-018-exotic-red-2086-10-rgb.jpg,https://www.benjaminmoore.com/en-us/paint-colors/color/2086-10/exotic-red,"['Exotic Red', 'Matching Colors', 'Different Shades', 'Similar Colors', 'Color By Family']",/en-us/paint-colors/color/2086-10/exotic-red,2024-07-30T21:49:33Z,Exotic Red 2086-10 | Benjamin Moore,2024-07-30T21:49:33Z,Color,"A dazzling, primal red that exudes confidence and individuality.",c81deaf8f5f2577f12262d7bfe72565d39c35b2d,1,,"{'title': 'Exotic <em>Red</em> 2086-10 | Benjamin Moore', 'sections': 'Exotic <em>Red</em>', 'description': 'A dazzling, primal <em>red</em> that exudes confidence and individuality.', 'color_name': 'Exotic <em>Red</em>', 'page_path': '&#x2F;en-us&#x2F;paint-colors&#x2F;color&#x2F;2086-10&#x2F;exotic-<em>red</em>', 'Family': '<em>Red</em>'}",6242727a196a6735ab896a2b,2086-10,,,B32735,Exotic Red,,,,Red,Dark,"['Interior', 'Exterior']",true,Color Preview&reg;,,,,
https://media.benjaminmoore.com/WebServices/prod/cdp/836x1045/red-paint-171-blushing-red-2079-20-rgb.jpg,https://www.benjaminmoore.com/en-us/paint-colors/color/2079-20/blushing-red,"['Blushing Red', 'Matching Colors', 'Different Shades', 'Similar Colors', 'Color By Family']",/en-us/paint-colors/color/2079-20/blushing-red,2024-07-30T21:53:19Z,Blushing Red 2079-20 | Benjamin Moore,2024-07-30T21:53:19Z,Color,A showstopping red brightened with a wink of blue.,811cb25fa2d20a65b01dfce888ac9eb681f66fd0,1,,"{'title': 'Blushing <em>Red</em> 2079-20 | Benjamin Moore', 'sections': 'Blushing <em>Red</em>', 'description': 'A showstopping <em>red</em> brightened with a wink of blue.', 'color_name': 'Blushing <em>Red</em>', 'page_path': '&#x2F;en-us&#x2F;paint-colors&#x2F;color&#x2F;2079-20&#x2F;blushing-<em>red</em>', 'Family': '<em>Red</em>'}",6243099d64441f12c600563a,2079-20,,,B83153,Blushing Red,,,,Red,Dark,Interior,true,Color Preview&reg;,,,,
https://media.benjaminmoore.com/WebServices/prod/cdp/836x1045/red-paint-017-carriage-red-CW-250-rgb.jpg,https://www.benjaminmoore.com/en-us/paint-colors/color/cw-250/carriage-red,"['Carriage Red', 'Matching Colors', 'Color By Family']",/en-us/paint-colors/color/cw-250/carriage-red,2024-07-20T21:29:50Z,Carriage Red CW-250 | Benjamin Moore,2024-07-20T21:29:50Z,Color,"A robust, deep red, this gracious shade was used on the exteriors of Williamsburg homes in the 18th century.",5b4ef2f6ea390050ba30046714292c9d930dfd68,1,,"{'title': 'Carriage <em>Red</em> CW-250 | Benjamin Moore', 'sections': 'Carriage <em>Red</em>', 'description': 'A robust, deep <em>red</em>, this gracious shade was used on the exteriors of Williamsburg homes in the 18th century.', 'color_name': 'Carriage <em>Red</em>', 'page_path': '&#x2F;en-us&#x2F;paint-colors&#x2F;color&#x2F;cw-250&#x2F;carriage-<em>red</em>', 'PrimaryColorFamily': '<em>Red</em>'}",62473b2128ccbc9773ddaaa7,CW-250,Dark,Warm,713128,Carriage Red,Red,,Brown,,,,,,,,,
https://media.benjaminmoore.com/WebServices/prod/cdp/836x1045/red-paint-007-kings-red-CW-335-rgb.jpg,https://www.benjaminmoore.com/en-us/paint-colors/color/cw-335/kings-red,"[""King's Red"", 'Matching Colors', 'Color By Family']",/en-us/paint-colors/color/cw-335/kings-red,2024-07-20T14:48:27Z,King's Red CW-335 | Benjamin Moore,2024-07-20T14:48:27Z,Color,"Inspired by paints made with the pigment vermillion, this deep red captures a sense of ceremony and tradition.",4038e7ab97e314a57ab49b0546df656c8131fad0,1,,"{'title': 'King&#x27;s <em>Red</em> CW-335 | Benjamin Moore', 'sections': 'King&#x27;s <em>Red</em>', 'description': 'Inspired by paints made with the pigment vermillion, this deep <em>red</em> captures a sense of ceremony and tradition.', 'color_name': 'King&#x27;s <em>Red</em>', 'page_path': '&#x2F;en-us&#x2F;paint-colors&#x2F;color&#x2F;cw-335&#x2F;kings-<em>red</em>', 'PrimaryColorFamily': '<em>Red</em>'}",62473d3764441f1edb00390c,CW-335,Dark,Warm,A6443D,King's Red,Red,,,,,,,,,,,
https://media.benjaminmoore.com/WebServices/prod/cdp/836x1045/red-paint-016-lyons-red-CC-68-rgb.jpg,https://www.benjaminmoore.com/en-us/paint-colors/color/cc-68/lyons-red,"['Lyons Red', 'Matching Colors', 'Different Shades', 'Similar Colors', 'Color By Family']",/en-us/paint-colors/color/cc-68/lyons-red,2024-07-22T00:50:49Z,Lyons Red CC-68 | Benjamin Moore,2024-07-22T00:50:49Z,Color,"With its cherry notes, this red shows off a playful sense of style.",0d8abfc9004686f74dbf66f0331f394fd03c11f3,1,,"{'title': 'Lyons <em>Red</em> CC-68 | Benjamin Moore', 'sections': 'Lyons <em>Red</em>', 'description': 'With its cherry notes, this <em>red</em> shows off a playful sense of style.', 'color_name': 'Lyons <em>Red</em>', 'page_path': '&#x2F;en-us&#x2F;paint-colors&#x2F;color&#x2F;cc-68&#x2F;lyons-<em>red</em>', 'PrimaryColorFamily': '<em>Red</em>'}",6242768f28ccbc287addb53f,CC-68,Dark,Warm,A63841,Lyons Red,Red,,,,,,,,,,,
https://media.benjaminmoore.com/WebServices/prod/cdp/836x1045/red-paint-017-mars-red-2172-20-rgb.jpg,https://www.benjaminmoore.com/en-us/paint-colors/color/2172-20/mars-red,"['Mars Red', 'Matching Colors', 'Different Shades', 'Similar Colors', 'Color By Family']",/en-us/paint-colors/color/2172-20/mars-red,2024-07-21T22:25:36Z,Mars Red 2172-20 | Benjamin Moore,2024-07-21T22:25:36Z,Color,"Drawing on the distinctive hue of iron oxide pigments, this deep, earthy red has timeless appeal.",89713121ed94237eda37160ebcdc4784b6f2c001,1,,"{'title': 'Mars <em>Red</em> 2172-20 | Benjamin Moore', 'sections': 'Mars <em>Red</em>', 'description': 'Drawing on the distinctive hue of iron oxide pigments, this deep, earthy <em>red</em> has timeless appeal.', 'color_name': 'Mars <em>Red</em>', 'page_path': '&#x2F;en-us&#x2F;paint-colors&#x2F;color&#x2F;2172-20&#x2F;mars-<em>red</em>', 'PrimaryColorFamily': '<em>Red</em>'}",6242a5f6e7b9d244640f48ad,2172-20,Dark,Warm,924737,Mars Red,Red,,,,,,,,,,,
https://media.benjaminmoore.com/WebServices/prod/cdp/836x1045/Woodluxe-CDP-Outdoor-Seating-Barn-Red-ES-22-RGB.jpg,https://www.benjaminmoore.com/en-us/paint-colors/color/es-22/barn-red,"['Barn Red', 'Discover This Color in Woodluxe Exterior Stains', 'Explore the Woodluxe Collection']",/en-us/paint-colors/color/es-22/barn-red,2024-07-21T21:30:51Z,Barn Red ES-22 | Benjamin Moore,2024-07-21T21:30:50Z,Color,Classic and iconic red color with a hint of black. Exclusive to Woodluxe® stain products.,54f9aca55592f50c44f0326b7cc4b093e6f897d7,1,,"{'title': 'Barn <em>Red</em> ES-22 | Benjamin Moore', 'sections': 'Barn <em>Red</em>', 'description': 'Classic and iconic <em>red</em> color with a hint of black. Exclusive to Woodluxe® stain products.', 'color_name': 'Barn <em>Red</em>', 'page_path': '&#x2F;en-us&#x2F;paint-colors&#x2F;color&#x2F;es-22&#x2F;barn-<em>red</em>'}",656d6b83e7b9d2918c12ea34,ES-22,,,76403F,Barn Red,,,,,,,,,,,,
https://media.benjaminmoore.com/WebServices/prod/cdp/836x1045/red-paint-021-watermelon-red-2087-20-rgb.jpg,https://www.benjaminmoore.com/en-us/paint-colors/color/2087-20/watermelon-red,"['Watermelon Red', 'Matching Colors', 'Different Shades', 'Similar Colors', 'Color By Family']",/en-us/paint-colors/color/2087-20/watermelon-red,2024-07-21T22:49:38Z,Watermelon Red 2087-20 | Benjamin Moore,2024-07-21T22:49:37Z,Color,"Softened with a hint of pink, this vibrant red exudes an effortless, relaxed sense of style.",b029d98957aa1800b98c813d3369873205672a06,1,,"{'title': 'Watermelon <em>Red</em> 2087-20 | Benjamin Moore', 'sections': 'Watermelon <em>Red</em>', 'description': 'Softened with a hint of pink, this vibrant <em>red</em> exudes an effortless, relaxed sense of style.', 'color_name': 'Watermelon <em>Red</em>', 'page_path': '&#x2F;en-us&#x2F;paint-colors&#x2F;color&#x2F;2087-20&#x2F;watermelon-<em>red</em>', 'PrimaryColorFamily': '<em>Red</em>'}",6242c121196a67fd0f895698,2087-20,Dark,Warm,C53D46,Watermelon Red,Red,,Pink,,,,,,,,,
https://media.benjaminmoore.com/WebServices/prod/cdp/836x1045/orange-paint-005-ravishing-red-2008-10-rgb.jpg,https://www.benjaminmoore.com/en-us/paint-colors/color/2008-10/ravishing-red,"['Ravishing Red', 'Matching Colors', 'Different Shades', 'Similar Colors', 'Color By Family']",/en-us/paint-colors/color/2008-10/ravishing-red,2024-07-21T21:24:32Z,Ravishing Red 2008-10 | Benjamin Moore,2024-07-21T21:24:32Z,Color,"Like a bold party dress, this red-orange conveys confidence and uncompromising style.",ff5b1531e5d61140314f687134cdff4685f689bb,1,,"{'title': 'Ravishing <em>Red</em> 2008-10 | Benjamin Moore', 'sections': 'Ravishing <em>Red</em>', 'description': 'Like a bold party dress, this <em>red</em>-orange conveys confidence and uncompromising style.', 'color_name': 'Ravishing <em>Red</em>', 'page_path': '&#x2F;en-us&#x2F;paint-colors&#x2F;color&#x2F;2008-10&#x2F;ravishing-<em>red</em>'}",6242c1f3e7b9d24aba0f5b0b,2008-10,Dark,Warm,BD4638,Ravishing Red,Orange,,,,,,,,,,,
https://media.benjaminmoore.com/WebServices/prod/cdp/836x1045/red-paint-009-strawberry-red-2003-20-rgb.jpg,https://www.benjaminmoore.com/en-us/paint-colors/color/2003-20/strawberry-red,"['Strawberry Red', 'Matching Colors', 'Different Shades', 'Similar Colors', 'Color By Family']",/en-us/paint-colors/color/2003-20/strawberry-red,2024-07-21T22:50:58Z,Strawberry Red 2003-20 | Benjamin Moore,2024-07-21T22:50:58Z,Color,A classic shade of red that can be taken in a playful or sophisticated direction.,bfefc14c8ea4a85639759e95ebd61d7f8d5e9ef2,1,,"{'title': 'Strawberry <em>Red</em> 2003-20 | Benjamin Moore', 'sections': 'Strawberry <em>Red</em>', 'description': 'A classic shade of <em>red</em> that can be taken in a playful or sophisticated direction.', 'color_name': 'Strawberry <em>Red</em>', 'page_path': '&#x2F;en-us&#x2F;paint-colors&#x2F;color&#x2F;2003-20&#x2F;strawberry-<em>red</em>', 'PrimaryColorFamily': '<em>Red</em>'}",62425f2b196a67f996894f0f,2003-20,Dark,Warm,C33D3D,Strawberry Red,Red,,,,,,,,,,,
https://media.benjaminmoore.com/WebServices/prod/cdp/836x1045/red-paint-006-merlot-red-2006-10-rgb.jpg,https://www.benjaminmoore.com/en-us/paint-colors/color/2006-10/merlot-red,"['Merlot Red', 'Matching Colors', 'Different Shades', 'Similar Colors', 'Color By Family']",/en-us/paint-colors/color/2006-10/merlot-red,2024-07-21T23:49:30Z,Merlot Red 2006-10 | Benjamin Moore,2024-07-21T23:49:29Z,Color,"With its robust orange notes, this rich red can satisfy even the most sophisticated palates.",e66f2be41503b6a063f2a576e5790d07df534223,1,,"{'title': 'Merlot <em>Red</em> 2006-10 | Benjamin Moore', 'sections': 'Merlot <em>Red</em>', 'description': 'With its robust orange notes, this rich <em>red</em> can satisfy even the most sophisticated palates.', 'color_name': 'Merlot <em>Red</em>', 'page_path': '&#x2F;en-us&#x2F;paint-colors&#x2F;color&#x2F;2006-10&#x2F;merlot-<em>red</em>', 'PrimaryColorFamily': '<em>Red</em>'}",6242fe3528ccbc84a0dd9cc0,2006-10,Dark,Warm,9D3D2D,Merlot Red,Red,,,,,,,,,,,
https://media.benjaminmoore.com/WebServices/prod/cdp/836x1045/red-paint-010-red-oxide-2088-10-rgb.jpg,https://www.benjaminmoore.com/en-us/paint-colors/color/2088-10/red-oxide,"['Red Oxide', 'Matching Colors', 'Different Shades', 'Similar Colors', 'Color By Family']",/en-us/paint-colors/color/2088-10/red-oxide,2024-07-30T15:07:28Z,Red Oxide 2088-10 | Benjamin Moore,2024-07-30T15:07:28Z,Color,"A mélange of red, brown and orange that captures the intense hue of clay-rich soil.",2237781af135edee64c775e318e1a4cca41ebc48,1,,"{'title': '<em>Red</em> Oxide 2088-10 | Benjamin Moore', 'sections': '<em>Red</em> Oxide', 'description': 'A mélange of <em>red</em>, brown and orange that captures the intense hue of clay-rich soil.', 'color_name': '<em>Red</em> Oxide', 'page_path': '&#x2F;en-us&#x2F;paint-colors&#x2F;color&#x2F;2088-10&#x2F;<em>red</em>-oxide', 'Family': '<em>Red</em>'}",6242a639e7b9d2ac830f4e34,2088-10,,,964333,Red Oxide,,,,Red,Dark,"['Interior', 'Exterior']",true,Color Preview&reg;,,,,
https://media.benjaminmoore.com/WebServices/prod/cdp/836x1045/orange-paint-044-navajo-red-2171-10-rgb.jpg,https://www.benjaminmoore.com/en-us/paint-colors/color/2171-10/navajo-red,"['Navajo Red', 'Matching Colors', 'Different Shades', 'Similar Colors', 'Color By Family']",/en-us/paint-colors/color/2171-10/navajo-red,2024-07-21T19:42:08Z,Navajo Red 2171-10 | Benjamin Moore,2024-07-21T19:42:08Z,Color,"Reminiscent of the American Southwest, this earthy red-orange has the grounding presence of brick and clay.",0ff47e3e6207f38e2b42a4b843b3240e6de1cc29,1,,"{'title': 'Navajo <em>Red</em> 2171-10 | Benjamin Moore', 'sections': 'Navajo <em>Red</em>', 'description': 'Reminiscent of the American Southwest, this earthy <em>red</em>-orange has the grounding presence of brick and clay.', 'color_name': 'Navajo <em>Red</em>', 'page_path': '&#x2F;en-us&#x2F;paint-colors&#x2F;color&#x2F;2171-10&#x2F;navajo-<em>red</em>'}",6242e08fe7b9d2f6b60f4ead,2171-10,Dark,Warm,AB4830,Navajo Red,Orange,,,,,,,,,,,
https://media.benjaminmoore.com/WebServices/prod/cdp/836x1045/red-paint-176-pottery-red-2085-20-rgb.jpg,https://www.benjaminmoore.com/en-us/paint-colors/color/2085-20/pottery-red,"['Pottery Red', 'Matching Colors', 'Different Shades', 'Similar Colors', 'Color By Family']",/en-us/paint-colors/color/2085-20/pottery-red,2024-07-22T01:10:52Z,Pottery Red 2085-20 | Benjamin Moore,2024-07-22T01:10:51Z,Color,"Balancing rich tones of berry and terra-cotta, this versatile red can easily fluctuate between rustic and refined.",42d079469f9cf945fa1efbf59a0f1834de0ed441,1,,"{'title': 'Pottery <em>Red</em> 2085-20 | Benjamin Moore', 'sections': 'Pottery <em>Red</em>', 'description': 'Balancing rich tones of berry and terra-cotta, this versatile <em>red</em> can easily fluctuate between rustic and refined.', 'color_name': 'Pottery <em>Red</em>', 'page_path': '&#x2F;en-us&#x2F;paint-colors&#x2F;color&#x2F;2085-20&#x2F;pottery-<em>red</em>', 'PrimaryColorFamily': '<em>Red</em>'}",6242de4ce7b9d2ba420f5cc1,2085-20,Dark,Warm,853F44,Pottery Red,Red,,Brown,,,,,,,,,
https://media.benjaminmoore.com/WebServices/prod/cdp/836x1045/red-paint-176-arroyo-red-2085-10-rgb.jpg,https://www.benjaminmoore.com/en-us/paint-colors/color/2085-10/arroyo-red,"['Arroyo Red', 'Matching Colors', 'Different Shades', 'Similar Colors', 'Color By Family']",/en-us/paint-colors/color/2085-10/arroyo-red,2024-07-21T23:38:01Z,Arroyo Red 2085-10 | Benjamin Moore,2024-07-21T23:38:00Z,Color,A highly usable shade of brownish red that evokes the rich clay soil of the desert Southwest.,fd8b4746a1a6fa9fd0a75d27428d681ea370dcad,1,,"{'title': 'Arroyo <em>Red</em> 2085-10 | Benjamin Moore', 'sections': 'Arroyo <em>Red</em>', 'description': 'A highly usable shade of brownish <em>red</em> that evokes the rich clay soil of the desert Southwest.', 'color_name': 'Arroyo <em>Red</em>', 'page_path': '&#x2F;en-us&#x2F;paint-colors&#x2F;color&#x2F;2085-10&#x2F;arroyo-<em>red</em>', 'PrimaryColorFamily': '<em>Red</em>'}",6242de37e7b9d26b6d0f4e2b,2085-10,Dark,Warm,6E3731,Arroyo Red,Red,,Brown,,,,,,,,,
https://media.benjaminmoore.com/WebServices/prod/cdp/836x1045/neutral-paint-015-nicolson-red-CW-270-rgb.jpg,https://www.benjaminmoore.com/en-us/paint-colors/color/cw-270/nicolson-red,"['Nicolson Red', 'Matching Colors', 'Color By Family']",/en-us/paint-colors/color/cw-270/nicolson-red,2024-07-20T21:06:59Z,Nicolson Red CW-270 | Benjamin Moore,2024-07-20T21:06:59Z,Color,"An earthy deep red, this shade frequently graced the exteriors and interiors of Williamsburg homes, particularly in the first half of the 18th century.",49c9d64a02d6cd2a8f3a4f4166387c5e46f55932,1,,"{'title': 'Nicolson <em>Red</em> CW-270 | Benjamin Moore', 'sections': 'Nicolson <em>Red</em>', 'description': 'An earthy deep <em>red</em>, this shade frequently graced the exteriors and interiors of Williamsburg homes, particularly in the first half of the 18th century.', 'color_name': 'Nicolson <em>Red</em>', 'page_path': '&#x2F;en-us&#x2F;paint-colors&#x2F;color&#x2F;cw-270&#x2F;nicolson-<em>red</em>'}",62473b0b196a6761c58957ac,CW-270,Dark,Warm,64413D,Nicolson Red,Neutral,,,,,,,,,,,
https://media.benjaminmoore.com/WebServices/prod/cdp/836x1045/red-paint-013-travers-red-CW-345-rgb.jpg,https://www.benjaminmoore.com/en-us/paint-colors/color/cw-345/travers-red,"['Travers Red', 'Matching Colors', 'Color By Family']",/en-us/paint-colors/color/cw-345/travers-red,2024-06-28T20:17:38Z,Travers Red CW-345 | Benjamin Moore,2024-06-28T20:17:37Z,Color,"Seen in 18th century wallpapers, including a fragment recovered from the Robert Carter House, this rich, romantic shade of deep red casts a radiant glow on its surroundings.",8d3875b6be3ab2056dbbc4533321d74338a4b6b8,1,,"{'title': 'Travers <em>Red</em> CW-345 | Benjamin Moore', 'sections': 'Travers <em>Red</em>', 'description': 'Seen in 18th century wallpapers, including a fragment recovered from the Robert Carter House, this rich, romantic shade of deep <em>red</em> casts a radiant glow on its surroundings.', 'color_name': 'Travers <em>Red</em>', 'page_path': '&#x2F;en-us&#x2F;paint-colors&#x2F;color&#x2F;cw-345&#x2F;travers-<em>red</em>', 'PrimaryColorFamily': '<em>Red</em>'}",62473d0ce7b9d214740f6400,CW-345,Dark,Warm,9F4552,Travers Red,Red,,,,,,,,,,,
https://media.benjaminmoore.com/WebServices/prod/cdp/836x1045/orange-paint-002-china-red-CW-310-rgb.jpg,https://www.benjaminmoore.com/en-us/paint-colors/color/cw-310/china-red,"['China Red', 'Matching Colors', 'Color By Family']",/en-us/paint-colors/color/cw-310/china-red,2024-07-21T03:55:28Z,China Red CW-310 | Benjamin Moore,2024-07-21T03:55:27Z,Color,"A color that symbolizes good fortune, this very traditional deep red was developed from a hand-mixed sample using vermillion, a pigment in use since antiquity.",b8cb120e150f7e5669797075be9db95113a65750,1,,"{'title': 'China <em>Red</em> CW-310 | Benjamin Moore', 'sections': 'China <em>Red</em>', 'description': 'A color that symbolizes good fortune, this very traditional deep <em>red</em> was developed from a hand-mixed sample using vermillion, a pigment in use since antiquity.', 'color_name': 'China <em>Red</em>', 'page_path': '&#x2F;en-us&#x2F;paint-colors&#x2F;color&#x2F;cw-310&#x2F;china-<em>red</em>'}",6249654328ccbcc299dda450,CW-310,Dark,Warm,AF5C4A,China Red,Orange,,,,,,,,,,,
https://media.benjaminmoore.com/WebServices/prod/cdp/836x1045/red-paint-004-carter-red-CW-230-rgb.jpg,https://www.benjaminmoore.com/en-us/paint-colors/color/cw-230/carter-red,"['Carter Red', 'Matching Colors', 'Color By Family']",/en-us/paint-colors/color/cw-230/carter-red,2024-07-21T22:16:41Z,Carter Red CW-230 | Benjamin Moore,2024-07-21T22:16:40Z,Color,"This rich, rather youthful shade of red mirrors that hue found on a circa 1760 English wallpaper border fragment found in the Robert Carter House.",ecb7bb15c9c3eaf9590065b7b273ea69584ec024,1,,"{'title': 'Carter <em>Red</em> CW-230 | Benjamin Moore', 'sections': 'Carter <em>Red</em>', 'description': 'This rich, rather youthful shade of <em>red</em> mirrors that hue found on a circa 1760 English wallpaper border fragment found in the Robert Carter House.', 'color_name': 'Carter <em>Red</em>', 'page_path': '&#x2F;en-us&#x2F;paint-colors&#x2F;color&#x2F;cw-230&#x2F;carter-<em>red</em>', 'PrimaryColorFamily': '<em>Red</em>'}",62431079196a670d3e894a98,CW-230,Medium,Warm,C07060,Carter Red,Red,,,,,,,,,,,
https://media.benjaminmoore.com/WebServices/prod/cdp/836x1045/red-paint-169-bordeaux-red-1365-rgb.jpg,https://www.benjaminmoore.com/en-us/paint-colors/color/1365/bordeaux-red,"['Bordéaux Red', 'Matching Colors', 'Different Shades', 'Similar Colors', 'Color By Family']",/en-us/paint-colors/color/1365/bordeaux-red,2024-07-22T03:49:56Z,Bordéaux Red 1365 | Benjamin Moore,2024-07-22T03:49:55Z,Color,"This dynamic burgundy features a pronounced note of violet, giving it a rich, refined feel.",34cb9d56ea610426effab0b469b6d84ec23eac8e,1,,"{'title': 'Bordéaux <em>Red</em> 1365 | Benjamin Moore', 'sections': 'Bordéaux <em>Red</em>', 'color_name': 'Bordéaux <em>Red</em>', 'page_path': '&#x2F;en-us&#x2F;paint-colors&#x2F;color&#x2F;1365&#x2F;bordeaux-<em>red</em>', 'PrimaryColorFamily': '<em>Red</em>'}",6242719228ccbc4f6edda719,1365,Dark,Cool,6C4551,Bordéaux Red,Red,,,,,,,,,,,
https://media.benjaminmoore.com/WebServices/prod/cdp/836x1045/red-paint-003-spanish-red-1301-rgb.jpg,https://www.benjaminmoore.com/en-us/paint-colors/color/1301/spanish-red,"['Spanish Red', 'Matching Colors', 'Different Shades', 'Similar Colors', 'Color By Family']",/en-us/paint-colors/color/1301/spanish-red,2024-07-22T04:47:51Z,Spanish Red 1301 | Benjamin Moore,2024-07-22T04:47:51Z,Color,"Infused with earthy orange undertones, this crimson hue conjures fiery sunsets and elegant Spanish tiles.",df841096f7cbd8561cfecf48dc871dc4b8f4a9ac,1,,"{'title': 'Spanish <em>Red</em> 1301 | Benjamin Moore', 'sections': 'Spanish <em>Red</em>', 'color_name': 'Spanish <em>Red</em>', 'page_path': '&#x2F;en-us&#x2F;paint-colors&#x2F;color&#x2F;1301&#x2F;spanish-<em>red</em>', 'PrimaryColorFamily': '<em>Red</em>'}",62426d3e64441f46e5003924,1301,Dark,Warm,984841,Spanish Red,Red,,,,,,,,,,,
https://media.benjaminmoore.com/WebServices/prod/cdp/836x1045/red-paint-003-spanish-red-CC-92-rgb.jpg,https://www.benjaminmoore.com/en-us/paint-colors/color/cc-92/spanish-red,"['Spanish Red', 'Matching Colors', 'Similar Colors', 'Color By Family']",/en-us/paint-colors/color/cc-92/spanish-red,2024-07-22T00:49:13Z,Spanish Red CC-92 | Benjamin Moore,2024-07-22T00:49:12Z,Color,"Infused with earthy orange undertones, this crimson hue conjures fiery sunsets and elegant Spanish tiles.",fa0e207220d82836ac2dd72fc7a35f95d4904941,1,,"{'title': 'Spanish <em>Red</em> CC-92 | Benjamin Moore', 'sections': 'Spanish <em>Red</em>', 'color_name': 'Spanish <em>Red</em>', 'page_path': '&#x2F;en-us&#x2F;paint-colors&#x2F;color&#x2F;cc-92&#x2F;spanish-<em>red</em>', 'PrimaryColorFamily': '<em>Red</em>'}",62473dce196a676f35895e78,CC-92,Dark,Warm,984841,Spanish Red,Red,,,,,,,,,,,
https://media.benjaminmoore.com/WebServices/prod/cdp/836x1045/red-paint-003-laurentian-red-CC-152-rgb.jpg,https://www.benjaminmoore.com/en-us/paint-colors/color/cc-152/laurentian-red,"['Laurentian Red', 'Matching Colors', 'Similar Colors', 'Color By Family']",/en-us/paint-colors/color/cc-152/laurentian-red,2024-07-22T00:53:28Z,Laurentian Red CC-152 | Benjamin Moore,2024-07-22T00:53:28Z,Color,A decadent burgundy with pronounced purple tones.,76fb77793204c9361a97190558549686751139fc,1,,"{'title': 'Laurentian <em>Red</em> CC-152 | Benjamin Moore', 'sections': 'Laurentian <em>Red</em>', 'color_name': 'Laurentian <em>Red</em>', 'page_path': '&#x2F;en-us&#x2F;paint-colors&#x2F;color&#x2F;cc-152&#x2F;laurentian-<em>red</em>', 'PrimaryColorFamily': '<em>Red</em>'}",624319bf28ccbc1f81ddadcf,CC-152,Dark,Warm,7E4A46,Laurentian Red,Red,,Brown,,,,,,,,,
https://media.benjaminmoore.com/WebServices/prod/cdp/836x1045/red-paint-014-somerville-red-HC-62-rgb.jpg,https://www.benjaminmoore.com/en-us/paint-colors/color/hc-62/somerville-red,"['Somerville Red', 'Matching Colors', 'Similar Colors', 'Color By Family']",/en-us/paint-colors/color/hc-62/somerville-red,2024-07-22T00:43:30Z,Somerville Red HC-62 | Benjamin Moore,2024-07-22T00:43:28Z,Color,"A dusty shade of wine that can envelop a room with a warm, romantic glow.",85f1803aaaba526f613fa505088b9adda0020d15,1,,"{'title': 'Somerville <em>Red</em> HC-62 | Benjamin Moore', 'sections': 'Somerville <em>Red</em>', 'color_name': 'Somerville <em>Red</em>', 'page_path': '&#x2F;en-us&#x2F;paint-colors&#x2F;color&#x2F;hc-62&#x2F;somerville-<em>red</em>', 'PrimaryColorFamily': '<em>Red</em>'}",6242bff228ccbc7773ddba1f,HC-62,Dark,Warm,9A6D6B,Somerville Red,Red,,,,,,,,,,,
https://media.benjaminmoore.com/WebServices/prod/cdp/836x1045/red-paint-041-boxcar-red-CC-122-rgb.jpg,https://www.benjaminmoore.com/en-us/paint-colors/color/cc-122/boxcar-red,"['Boxcar Red', 'Matching Colors', 'Similar Colors', 'Color By Family']",/en-us/paint-colors/color/cc-122/boxcar-red,2024-07-22T00:54:10Z,Boxcar Red CC-122 | Benjamin Moore,2024-07-22T00:54:10Z,Color,Dusty violet undertones mellow out this elegant rouge.,dd007442513eb6b0a1f7521262780ecb36c1c493,1,,"{'title': 'Boxcar <em>Red</em> CC-122 | Benjamin Moore', 'sections': 'Boxcar <em>Red</em>', 'color_name': 'Boxcar <em>Red</em>', 'page_path': '&#x2F;en-us&#x2F;paint-colors&#x2F;color&#x2F;cc-122&#x2F;boxcar-<em>red</em>', 'PrimaryColorFamily': '<em>Red</em>'}",62473a40196a67d4b8894939,CC-122,Dark,Warm,8E5049,Boxcar Red,Red,,Brown,,,,,,,,,
https://media.benjaminmoore.com/WebServices/prod/cdp/836x1045/red-paint-008-ruby-red-2001-10-rgb.jpg,https://www.benjaminmoore.com/en-us/paint-colors/color/2001-10/ruby-red,"['Ruby Red', 'Matching Colors', 'Different Shades', 'Similar Colors', 'Color By Family']",/en-us/paint-colors/color/2001-10/ruby-red,2024-07-21T21:05:51Z,Ruby Red 2001-10 | Benjamin Moore,2024-07-21T21:05:50Z,Color,A radiant rouge that will turn heads.,ec90e876c966c0dc74cb6523cce4807287b47190,1,,"{'title': 'Ruby <em>Red</em> 2001-10 | Benjamin Moore', 'sections': 'Ruby <em>Red</em>', 'color_name': 'Ruby <em>Red</em>', 'page_path': '&#x2F;en-us&#x2F;paint-colors&#x2F;color&#x2F;2001-10&#x2F;ruby-<em>red</em>', 'PrimaryColorFamily': '<em>Red</em>'}",62425f55196a67f8cd89580d,2001-10,Dark,Warm,CA2C2C,Ruby Red,Red,,,,,,,,,,,
https://media.benjaminmoore.com/WebServices/prod/cdp/836x1045/red-paint-021-autumn-red-2087-40-rgb.jpg,https://www.benjaminmoore.com/en-us/paint-colors/color/2087-40/autumn-red,"['Autumn Red', 'Matching Colors', 'Different Shades', 'Similar Colors', 'Color By Family']",/en-us/paint-colors/color/2087-40/autumn-red,2024-07-30T23:03:53Z,Autumn Red 2087-40 | Benjamin Moore,2024-07-30T23:03:52Z,Color,An intense pink that captures the myriad tones of an autumn sunset.,2fa928a134543631f8a1b0eaa608953e0be68763,1,,"{'title': 'Autumn <em>Red</em> 2087-40 | Benjamin Moore', 'sections': 'Autumn <em>Red</em>', 'color_name': 'Autumn <em>Red</em>', 'page_path': '&#x2F;en-us&#x2F;paint-colors&#x2F;color&#x2F;2087-40&#x2F;autumn-<em>red</em>', 'Family': '<em>Red</em>'}",6242e72b64441fac16003ebd,2087-40,,,EB8A99,Autumn Red,,,,Red,Medium,Interior,true,Color Preview&reg;,,,,
https://media.benjaminmoore.com/WebServices/prod/cdp/836x1045/red-paint-007-iron-ore-red-2089-10-rgb.jpg,https://www.benjaminmoore.com/en-us/paint-colors/color/2089-10/iron-ore-red,"['Iron Ore Red', 'Matching Colors', 'Different Shades', 'Similar Colors', 'Color By Family']",/en-us/paint-colors/color/2089-10/iron-ore-red,2024-07-21T21:12:46Z,Iron Ore Red 2089-10 | Benjamin Moore,2024-07-21T21:12:45Z,Color,A highly usable red grounded by orange undertones.,e03da6f5ac349149e9e256c1eb47457fb7b44871,1,,"{'title': 'Iron Ore <em>Red</em> 2089-10 | Benjamin Moore', 'sections': 'Iron Ore <em>Red</em>', 'description': 'A highly usable <em>red</em> grounded by orange undertones.', 'color_name': 'Iron Ore <em>Red</em>', 'page_path': '&#x2F;en-us&#x2F;paint-colors&#x2F;color&#x2F;2089-10&#x2F;iron-ore-<em>red</em>', 'PrimaryColorFamily': '<em>Red</em>'}",6242a33b28ccbc8383dda86d,2089-10,Dark,Warm,A95445,Iron Ore Red,Red,,Brown,,,,,,,,,
https://media.benjaminmoore.com/WebServices/prod/cdp/836x1045/red-paint-171-candy-cane-red-2079-10-rgb.jpg,https://www.benjaminmoore.com/en-us/paint-colors/color/2079-10/candy-cane-red,"['Candy Cane Red', 'Matching Colors', 'Different Shades', 'Similar Colors', 'Color By Family']",/en-us/paint-colors/color/2079-10/candy-cane-red,2024-07-21T22:50:22Z,Candy Cane Red 2079-10 | Benjamin Moore,2024-07-21T22:50:22Z,Color,A radiant red that glows with festive cheer.,e3f05940cf46326d30d0c61999319d73667de8cd,1,,"{'title': 'Candy Cane <em>Red</em> 2079-10 | Benjamin Moore', 'sections': 'Candy Cane <em>Red</em>', 'description': 'A radiant <em>red</em> that glows with festive cheer.', 'color_name': 'Candy Cane <em>Red</em>', 'page_path': '&#x2F;en-us&#x2F;paint-colors&#x2F;color&#x2F;2079-10&#x2F;candy-cane-<em>red</em>', 'PrimaryColorFamily': '<em>Red</em>'}",6242e6e328ccbcd7e6ddaaf7,2079-10,Dark,Warm,AA253C,Candy Cane Red,Red,,Pink,,,,,,,,,
https://media.benjaminmoore.com/WebServices/prod/cdp/836x1045/red-paint-006-bulls-eye-red-2002-20-rgb.jpg,https://www.benjaminmoore.com/en-us/paint-colors/color/2002-20/bulls-eye-red,"[""Bull's Eye Red"", 'Matching Colors', 'Different Shades', 'Similar Colors', 'Color By Family']",/en-us/paint-colors/color/2002-20/bulls-eye-red,2024-07-21T22:51:41Z,Bull's Eye Red 2002-20 | Benjamin Moore,2024-07-21T22:51:40Z,Color,Orange-pink undertones give this reliable red effortless charm.,e8482688ac44362407d536305465cd7aadfb9b25,1,,"{'title': 'Bull&#x27;s Eye <em>Red</em> 2002-20 | Benjamin Moore', 'sections': 'Bull&#x27;s Eye <em>Red</em>', 'description': 'Orange-pink undertones give this reliable <em>red</em> effortless charm.', 'color_name': 'Bull&#x27;s Eye <em>Red</em>', 'page_path': '&#x2F;en-us&#x2F;paint-colors&#x2F;color&#x2F;2002-20&#x2F;bulls-eye-<em>red</em>', 'PrimaryColorFamily': '<em>Red</em>'}",6242c1ca196a678f09897189,2002-20,Dark,Warm,D93E3C,Bull's Eye Red,Red,,,,,,,,,,,
https://media.benjaminmoore.com/WebServices/prod/cdp/836x1045/red-paint-021-burnt-peanut-red-2081-10-rgb.jpg,https://www.benjaminmoore.com/en-us/paint-colors/color/2081-10/burnt-peanut-red,"['Burnt Peanut Red', 'Matching Colors', 'Different Shades', 'Similar Colors', 'Color By Family']",/en-us/paint-colors/color/2081-10/burnt-peanut-red,2024-07-30T16:25:56Z,Burnt Peanut Red 2081-10 | Benjamin Moore,2024-07-30T16:25:55Z,Color,A shade of brick red with toasty brown undertones.,f93c6e0051bc74c85a1f4315b219c766d160f362,1,,"{'title': 'Burnt Peanut <em>Red</em> 2081-10 | Benjamin Moore', 'sections': 'Burnt Peanut <em>Red</em>', 'description': 'A shade of brick <em>red</em> with toasty brown undertones.', 'color_name': 'Burnt Peanut <em>Red</em>', 'page_path': '&#x2F;en-us&#x2F;paint-colors&#x2F;color&#x2F;2081-10&#x2F;burnt-peanut-<em>red</em>', 'Family': '<em>Red</em>'}",6242d0b764441f5c790047cd,2081-10,,,A14048,Burnt Peanut Red,,,,Red,Dark,"['Interior', 'Exterior']",true,Color Preview&reg;,,,,
https://media.benjaminmoore.com/WebServices/prod/cdp/836x1045/red-paint-015-maple-leaf-red-2084-20-rgb.jpg,https://www.benjaminmoore.com/en-us/paint-colors/color/2084-20/maple-leaf-red,"['Maple Leaf Red', 'Matching Colors', 'Different Shades', 'Similar Colors', 'Color By Family']",/en-us/paint-colors/color/2084-20/maple-leaf-red,2024-07-21T22:39:01Z,Maple Leaf Red 2084-20 | Benjamin Moore,2024-07-21T22:39:00Z,Color,An orange-tinged red that echoes the first signs of fall.,e89cc85ad06abccc058b3b8aae3bb19b1d200550,1,,"{'title': 'Maple Leaf <em>Red</em> 2084-20 | Benjamin Moore', 'sections': 'Maple Leaf <em>Red</em>', 'description': 'An orange-tinged <em>red</em> that echoes the first signs of fall.', 'color_name': 'Maple Leaf <em>Red</em>', 'page_path': '&#x2F;en-us&#x2F;paint-colors&#x2F;color&#x2F;2084-20&#x2F;maple-leaf-<em>red</em>', 'PrimaryColorFamily': '<em>Red</em>'}",6242dd9b28ccbc9e2eddbd59,2084-20,Dark,Warm,914443,Maple Leaf Red,Red,,Brown,,,,,,,,,
https://media.benjaminmoore.com/WebServices/prod/cdp/836x1045/red-paint-004-grand-canyon-red-2090-10-rgb.jpg,https://www.benjaminmoore.com/en-us/paint-colors/color/2090-10/grand-canyon-red,"['Grand Canyon Red', 'Matching Colors', 'Different Shades', 'Similar Colors', 'Color By Family']",/en-us/paint-colors/color/2090-10/grand-canyon-red,2024-07-30T21:47:41Z,Grand Canyon Red 2090-10 | Benjamin Moore,2024-07-30T21:47:41Z,Color,An intense iron oxide red that evokes the natural majesty of the American West.,5fb6b327c00f0e2f43d158420ca2eb9e8bee8a6a,1,,"{'title': 'Grand Canyon <em>Red</em> 2090-10 | Benjamin Moore', 'sections': 'Grand Canyon <em>Red</em>', 'description': 'An intense iron oxide <em>red</em> that evokes the natural majesty of the American West.', 'color_name': 'Grand Canyon <em>Red</em>', 'page_path': '&#x2F;en-us&#x2F;paint-colors&#x2F;color&#x2F;2090-10&#x2F;grand-canyon-<em>red</em>', 'Family': '<em>Red</em>'}",624256c6196a67782a894ddc,2090-10,,,974434,Grand Canyon Red,,,,Red,Dark,"['Interior', 'Exterior']",true,Color Preview&reg;,,,,
https://media.benjaminmoore.com/WebServices/prod/cdp/836x1045/red-paint-001-palace-arms-red-CW-255-rgb.jpg,https://www.benjaminmoore.com/en-us/paint-colors/color/cw-255/palace-arms-red,"['Palace Arms Red', 'Matching Colors', 'Color By Family']",/en-us/paint-colors/color/cw-255/palace-arms-red,2024-07-20T21:45:13Z,Palace Arms Red CW-255 | Benjamin Moore,2024-07-20T21:45:13Z,Color,"A favorite shade on the exteriors of Williamsburg homes before 1750, this rich, regal red is timeless.",2b13c38f7e1a39d850d55a3ed6d216b3a5cc2d3d,1,,"{'title': 'Palace Arms <em>Red</em> CW-255 | Benjamin Moore', 'sections': 'Palace Arms <em>Red</em>', 'description': 'A favorite shade on the exteriors of Williamsburg homes before 1750, this rich, regal <em>red</em> is timeless.', 'color_name': 'Palace Arms <em>Red</em>', 'page_path': '&#x2F;en-us&#x2F;paint-colors&#x2F;color&#x2F;cw-255&#x2F;palace-arms-<em>red</em>', 'PrimaryColorFamily': '<em>Red</em>'}",64bdbc03e7b9d259639c9de9,CW-255,Dark,Warm,783C36,Palace Arms Red,Red,,Brown,,,,,,,,,
https://media.benjaminmoore.com/WebServices/prod/cdp/836x1045/Woodluxe-CDP-Outdoor-Seating-New-Pilgrim-Red-ES-21-RGB.jpg,https://www.benjaminmoore.com/en-us/paint-colors/color/es-21/new-pilgrim-red,"['New Pilgrim Red', 'Discover This Color in Woodluxe Exterior Stains', 'Explore the Woodluxe Collection']",/en-us/paint-colors/color/es-21/new-pilgrim-red,2024-07-21T21:28:22Z,New Pilgrim Red ES-21 | Benjamin Moore,2024-07-21T21:28:21Z,Color,A rich red-brown hue that enriches the natural warmth of wood. Exclusive to Woodluxe® stain products.,9a73a6743a5d462933e068239ba16b371e25d776,1,,"{'title': 'New Pilgrim <em>Red</em> ES-21 | Benjamin Moore', 'sections': 'New Pilgrim <em>Red</em>', 'description': 'A rich <em>red</em>-brown hue that enriches the natural warmth of wood. Exclusive to Woodluxe® stain products.', 'color_name': 'New Pilgrim <em>Red</em>', 'page_path': '&#x2F;en-us&#x2F;paint-colors&#x2F;color&#x2F;es-21&#x2F;new-pilgrim-<em>red</em>'}",656d6b8ce7b9d2d9e712f4f5,ES-21,,,674142,New Pilgrim Red,,,,,,,,,,,,
https://media.benjaminmoore.com/WebServices/prod/cdp/836x1045/red-paint-041-red-point-sand-CC-128-rgb.jpg,https://www.benjaminmoore.com/en-us/paint-colors/color/cc-128/red-point-sand,"['Red Point Sand', 'Matching Colors', 'Similar Colors', 'Color By Family']",/en-us/paint-colors/color/cc-128/red-point-sand,2024-07-22T00:53:24Z,Red Point Sand CC-128 | Benjamin Moore,2024-07-22T00:53:23Z,Color,Rosy pink undertones lend a playful quality to this terracotta hue.,2837e6656c447b5836f28c6884fc3ee65b256187,1,,"{'title': '<em>Red</em> Point Sand CC-128 | Benjamin Moore', 'sections': '<em>Red</em> Point Sand', 'color_name': '<em>Red</em> Point Sand', 'page_path': '&#x2F;en-us&#x2F;paint-colors&#x2F;color&#x2F;cc-128&#x2F;<em>red</em>-point-sand', 'PrimaryColorFamily': '<em>Red</em>'}",62473865196a67e6cd896e4c,CC-128,Dark,Warm,B36957,Red Point Sand,Red,,,,,,,,,,,
https://media.benjaminmoore.com/WebServices/prod/cdp/836x1045/red-paint-012-st-george-red-CW-245-rgb.jpg,https://www.benjaminmoore.com/en-us/paint-colors/color/cw-245/st-george-red,"['St. George Red', 'Matching Colors', 'Color By Family']",/en-us/paint-colors/color/cw-245/st-george-red,2024-07-22T01:03:30Z,St. George Red CW-245 | Benjamin Moore,2024-07-22T01:03:30Z,Color,"Named for St. George Tucker, one of Williamsburg's prominent citizens, this circa 1798 color was requested for his house facing Courthouse Green.",eec3f66ed9219daafa45e54e213becee4b45e102,1,,"{'title': 'St. George <em>Red</em> CW-245 | Benjamin Moore', 'sections': 'St. George <em>Red</em>', 'color_name': 'St. George <em>Red</em>', 'page_path': '&#x2F;en-us&#x2F;paint-colors&#x2F;color&#x2F;cw-245&#x2F;st-george-<em>red</em>', 'PrimaryColorFamily': '<em>Red</em>'}",62471bd928ccbc1b40dd9fd4,CW-245,Dark,Warm,8F514C,St. George Red,Red,,Brown,,,,,,,,,
https://media.benjaminmoore.com/WebServices/prod/cdp/836x1045/red-paint-012-red-river-clay-2091-40-rgb.jpg,https://www.benjaminmoore.com/en-us/paint-colors/color/2091-40/red-river-clay,"['Red River Clay', 'Matching Colors', 'Different Shades', 'Similar Colors', 'Color By Family']",/en-us/paint-colors/color/2091-40/red-river-clay,2024-07-21T22:26:12Z,Red River Clay 2091-40 | Benjamin Moore,2024-07-21T22:26:11Z,Color,"A perfect marriage between rustic and romantic, this warm, toasted shade of rose is surprisingly versatile.",5ceaa0d3cd39b614faa21062785f8866fe635685,1,,"{'title': '<em>Red</em> River Clay 2091-40 | Benjamin Moore', 'sections': '<em>Red</em> River Clay', 'color_name': '<em>Red</em> River Clay', 'page_path': '&#x2F;en-us&#x2F;paint-colors&#x2F;color&#x2F;2091-40&#x2F;<em>red</em>-river-clay', 'PrimaryColorFamily': '<em>Red</em>'}",62426d3e28ccbcbf79dd967f,2091-40,Medium,Warm,B36F67,Red River Clay,Red,,Brown,,,,,,,,,
https://media.benjaminmoore.com/WebServices/prod/cdp/836x1045/red-paint-003-parisian-red-CSP-1170-rgb.jpg,https://www.benjaminmoore.com/en-us/paint-colors/color/csp-1170/parisian-red,"['Parisian Red®', 'Matching Colors', 'Different Shades', 'Similar Colors', 'Color By Family']",/en-us/paint-colors/color/csp-1170/parisian-red,2024-07-22T03:36:15Z,Parisian Red CSP-1170 | Benjamin Moore,2024-07-03T11:52:55Z,Color,"Entering the historic hotel, the elegant staircase beckoned them with its grandeur.",b94b3bccab54f208f277816d2c57433408e7eef8,1,,"{'title': 'Parisian <em>Red</em> CSP-1170 | Benjamin Moore', 'sections': 'Parisian <em>Red</em>®', 'color_name': 'Parisian <em>Red</em>&amp;reg;', 'page_path': '&#x2F;en-us&#x2F;paint-colors&#x2F;color&#x2F;csp-1170&#x2F;parisian-<em>red</em>', 'PrimaryColorFamily': '<em>Red</em>'}",6243164828ccbcfef6ddac97,CSP-1170,Dark,Warm,773935,Parisian Red&reg;,Red,,Brown,,,,,,,,,
https://media.benjaminmoore.com/WebServices/prod/cdp/836x1045/red-paint-008-country-redwood-HC-183-rgb.jpg,https://www.benjaminmoore.com/en-us/paint-colors/color/hc-183/country-redwood,"['Country Redwood', 'Matching Colors', 'Color By Family']",/en-us/paint-colors/color/hc-183/country-redwood,2024-07-22T04:31:24Z,Country Redwood HC-183 | Benjamin Moore,2024-07-22T04:31:24Z,Color,An orange-tinged burgundy that captures the earthier side of red.,ee068c9cabe71432a2a6b1a86844039c19f60834,1,,"{'title': 'Country <em>Redwood</em> HC-183 | Benjamin Moore', 'sections': 'Country <em>Redwood</em>', 'description': 'An orange-tinged burgundy that captures the earthier side of <em>red</em>.', 'color_name': 'Country <em>Redwood</em>', 'page_path': '&#x2F;en-us&#x2F;paint-colors&#x2F;color&#x2F;hc-183&#x2F;country-<em>redwood</em>', 'PrimaryColorFamily': '<em>Red</em>'}",6242901d196a679cb1896fc6,HC-183,Dark,Warm,762C23,Country Redwood,Red,,,,,,,,,,,
https://media.benjaminmoore.com/WebServices/prod/cdp/836x1045/Woodluxe-CDP-Deck-View-Redwood-ES-20-RGB.jpg,https://www.benjaminmoore.com/en-us/paint-colors/color/es-20/redwood,"['Redwood', 'Discover This Color in Woodluxe Exterior Stains', 'Explore the Woodluxe Collection']",/en-us/paint-colors/color/es-20/redwood,2024-07-31T19:03:35Z,Redwood ES-20 | Benjamin Moore,2024-07-20T18:49:29Z,Color,An autumnal blend of red and brown that enhances warm hues from the natural wood.  Exclusive to Woodluxe® stain products.,4348469fb49321e3c77285f69b8ab780a7701083,1,,"{'title': '<em>Redwood</em> ES-20 | Benjamin Moore', 'sections': '<em>Redwood</em>', 'description': 'An autumnal blend of <em>red</em> and brown that enhances warm hues from the natural wood.  Exclusive to Woodluxe® stain products.', 'color_name': '<em>Redwood</em>', 'page_path': '&#x2F;en-us&#x2F;paint-colors&#x2F;color&#x2F;es-20&#x2F;<em>redwood</em>'}",656d6b72e7b9d2211813010a,ES-20,,,82423A,Redwood,,,,,,"['Interior', 'Exterior']",true,Woodluxe<sup><small>&reg;</small></sup> Exterior Wood Stain Colors,,,,"['Semi-Solid', 'Semi-Transparent', 'Solid', 'Translucent', 'Ultra Flat Solid']"
