image,url,sections,page_path,published_at,title,updated_at,type,description,external_id,popularity,info,highlight,id,color_number,ColorValue,WarmCool,color_hex,color_name,PrimaryColorFamily,Undertone,language,Family,Shade,Interior/Exterior,cdp,Color Collection
https://www.benjaminmoore.com/-/media/sites/benjaminmoore/images/color/color-families/color-families-orange/potters-clay-kitchen-hero-mobile.jpg,https://www.benjaminmoore.com/en-us/paint-colors/orange,['Orange Paint Colors'],/en-us/paint-colors/orange,2024-08-05T18:36:44Z,Orange Paint Colors  | Benjamin Moore,2024-07-05T18:37:12Z,Color,"Breathe energy into your space with our orange paint colors that are uplifting and energizing. Our shades of orange range from bright mimosa to warm, golden gamboge and can transform your home into a warm and welcoming one. Explore our orange paint colors today.",577160554fb6f6ecb058b6f040da2d4ecc102219,1,,"{'title': '<em>Orange</em> Paint Colors  | Benjamin Moore', 'sections': '<em>Orange</em> Paint Colors', 'description': 'Breathe energy into your space with our <em>orange</em> paint colors that are uplifting and energizing. Our shades of <em>orange</em> range from bright mimosa to warm, golden gamboge and can transform your home into a warm and welcoming one. Explore our <em>orange</em> paint colors today.', 'page_path': '&#x2F;en-us&#x2F;paint-colors&#x2F;<em>orange</em>'}",62f699ec28ccbc3d13909b79,,,,,,,,,,,,,
https://media.benjaminmoore.com/WebServices/prod/cdp/836x1045/orange-paint-030-firenze-AF-225-rgb.jpg,https://www.benjaminmoore.com/en-us/paint-colors/color/af-225/firenze,"['Firenze', 'Matching Colors', 'Different Shades', 'Similar Colors', 'Color By Family']",/en-us/paint-colors/color/af-225/firenze,2024-07-21T22:48:08Z,Firenze AF-225 | Benjamin Moore,2024-07-21T22:48:08Z,Color,A deep orange with a rosy cast.,d36dfa2753a20e8db715c9a7e1236d8f4a81d24a,1,,"{'description': 'A deep <em>orange</em> with a rosy cast.', 'PrimaryColorFamily': '<em>Orange</em>'}",6242791ae7b9d2a7810f3e8d,AF-225,Medium,Warm,B87450,Firenze,Orange,,,,,,,
https://media.benjaminmoore.com/WebServices/prod/cdp/836x1045/orange-paint-029-potters-clay-1221-rgb.jpg,https://www.benjaminmoore.com/en-us/paint-colors/color/1221/potters-clay,"['Potters Clay', 'Matching Colors', 'Different Shades', 'Similar Colors', 'Color By Family', 'Discover This Color in Woodluxe Exterior Stains', 'Explore the Woodluxe Collection']",/en-us/paint-colors/color/1221/potters-clay,2024-07-21T21:27:42Z,Potters Clay 1221 | Benjamin Moore,2024-07-21T21:27:41Z,Color,"Sunbaked and radiant, this terracotta orange is a salve for stark spaces.",aca6dab21fbc6be9b71fcced3ae10ffd8ca53255,1,,"{'description': 'Sunbaked and radiant, this terracotta <em>orange</em> is a salve for stark spaces.', 'PrimaryColorFamily': '<em>Orange</em>'}",6242d79628ccbc3b55ddbeb2,1221,Medium,Warm,B98766,Potters Clay,Orange,Brown,,,,,,
https://media.benjaminmoore.com/WebServices/prod/cdp/836x1045/orange-paint-030-soft-pumpkin-2166-40-rgb.jpg,https://www.benjaminmoore.com/en-us/paint-colors/color/2166-40/soft-pumpkin,"['Soft Pumpkin', 'Matching Colors', 'Different Shades', 'Similar Colors', 'Color By Family']",/en-us/paint-colors/color/2166-40/soft-pumpkin,2024-07-21T21:05:17Z,Soft Pumpkin 2166-40 | Benjamin Moore,2024-07-21T21:05:17Z,Color,"With its soft, creamy character, this medium orange offers a similar charm to apricot.",1dbbabf20bf480293178ba7be3c4864bffe9a2e9,1,,"{'description': 'With its soft, creamy character, this medium <em>orange</em> offers a similar charm to apricot.', 'PrimaryColorFamily': '<em>Orange</em>'}",6242911e196a67fd4e895680,2166-40,Medium,Warm,E1A16D,Soft Pumpkin,Orange,Peach,,,,,,
https://media.benjaminmoore.com/WebServices/prod/cdp/836x1045/yellow-paint-048-eye-of-the-tiger-188-rgb.jpg,https://www.benjaminmoore.com/en-us/paint-colors/color/188/eye-of-the-tiger,"['Eye of the Tiger', 'Matching Colors', 'Different Shades', 'Similar Colors', 'Color By Family']",/en-us/paint-colors/color/188/eye-of-the-tiger,2024-07-22T01:54:26Z,Eye of the Tiger 188 | Benjamin Moore,2024-07-22T01:54:26Z,Color,"Rich and earthy, this yellow-orange brings to mind the distinctive coat of a tiger.",559811f48b4208d27e8a9174f26baebfeb2f2716,1,,"{'description': 'Rich and earthy, this yellow-<em>orange</em> brings to mind the distinctive coat of a tiger.'}",62428706196a67e0758953e6,188,Medium,Warm,E3B26F,Eye of the Tiger,Yellow,,,,,,,
https://media.benjaminmoore.com/WebServices/prod/cdp/836x1045/orange-paint-044-peach-parfait-2175-70-rgb.jpg,https://www.benjaminmoore.com/en-us/paint-colors/color/2175-70/peach-parfait,"['Peach Parfait', 'Matching Colors', 'Different Shades', 'Similar Colors', 'Color By Family']",/en-us/paint-colors/color/2175-70/peach-parfait,2024-07-21T20:02:16Z,Peach Parfait 2175-70 | Benjamin Moore,2024-07-21T20:02:15Z,Color,"A pink-tinged peach with a pale, frosty finish.",be0789d534217b6a0f588edd99a219084edeb36e,1,,{'PrimaryColorFamily': '<em>Orange</em>'},6242e0bee7b9d2da0e0f4ff8,2175-70,Light,Warm,F9E7DA,Peach Parfait,Orange,Peach,,,,,,
https://media.benjaminmoore.com/WebServices/prod/cdp/836x1045/white-paint-256-parchment-OC-78-rgb.jpg,https://www.benjaminmoore.com/en-us/paint-colors/color/oc-78/parchment,"['Parchment', 'Matching Colors', 'Similar Colors', 'Color By Family']",/en-us/paint-colors/color/oc-78/parchment,2024-07-21T20:27:34Z,Parchment OC-78 | Benjamin Moore,2024-07-21T20:27:33Z,Color,Muted peach tones bring understated elegance to this pale hue.,bbdb7e467323bf000b82425055c5e2ea9a865bd4,1,,{},6242f0d8196a67c74889687b,OC-78,Light,Warm,F7E7D4,Parchment,White,Peach,,,,,,
https://media.benjaminmoore.com/WebServices/prod/cdp/836x1045/orange-paint-032-terra-mauve-105-rgb.jpg,https://www.benjaminmoore.com/en-us/paint-colors/color/105/terra-mauve,"['Terra Mauve', 'Matching Colors', 'Different Shades', 'Similar Colors', 'Color By Family', 'Discover This Color in Woodluxe Exterior Stains', 'Explore the Woodluxe Collection']",/en-us/paint-colors/color/105/terra-mauve,2024-07-21T21:27:05Z,Terra Mauve 105 | Benjamin Moore,2024-07-21T21:27:04Z,Color,"A deep, reddened shade of burnt sienna that conveys an understated sense of luxury.",1d8df01e7e94b81f9e4511c456a846bbef597888,1,,{'PrimaryColorFamily': '<em>Orange</em>'},62429ecfe7b9d2f3a70f6442,105,Dark,Warm,9C6040,Terra Mauve,Orange,Brown,,,,,,
https://media.benjaminmoore.com/WebServices/prod/cdp/836x1045/orange-paint-256-country-white-898-rgb.jpg,https://www.benjaminmoore.com/en-us/paint-colors/color/898/country-white,"['Country White', 'Matching Colors', 'Different Shades', 'Similar Colors', 'Color By Family']",/en-us/paint-colors/color/898/country-white,2024-07-22T04:54:22Z,Country White 898 | Benjamin Moore,2024-07-22T04:54:21Z,Color,Crisp peach tones warm up this off-white hue.,1c1482c82c64e9b04b19ce3e91afceff50e39c28,1,,{'PrimaryColorFamily': '<em>Orange</em>'},624286ca196a67834089720a,898,Light,Warm,F9E9D1,Country White,Orange,Peach,,,,,,
https://www.benjaminmoore.com/-/media/sites/benjaminmoore/images/color/color-families/color-families-orange/potters-clay-kitchen-hero-mobile.jpg,https://www.benjaminmoore.com/en-us/color-overview/color-palettes/color-families/orange-paint-colors,"['Orange Paint Color by Family', 'From earthy pumpkin to vibrant and playful summer citrus, orange colors take cues from dynamic aspects of nature–tropical flora, brilliant sunrises, and aromatic spices and seasonings.', 'Most Popular Orange Paint Colors', 'What Colors Make Orange?', 'Pale Orange: Sweet & Sophisticated', 'Go Organic: Burnt Orange to Terracotta', 'Orange Paint Colors for Living Rooms', 'Kids at Play', 'Fresh ‘n Fruity: Orange Kitchens', 'Going Steady: Colors That Go with Orange', 'The Picture Perfect Paint Color', 'Order Color Samples Online', 'Benjamin Moore Color Portfolio® App', 'Ideas & Inspiration', 'Ready to Explore?', 'Benjamin Moore', 'For Professionals', 'Customer Service', 'Buy Paints and Stain']",/en-us/color-overview/color-palettes/color-families/orange-paint-colors,2024-07-21T22:07:37Z,Orange Paint Ideas | Benjamin Moore,2024-05-23T17:24:05Z,Color,"From warm colors to cool shades, check out our most popular orange paint colors for your home. Discover orange inspiration for your home with Benjamin Moore.",be01c25a621af68e67ef8f28c0e7a571ff930f7b,1,,"{'title': '<em>Orange</em> Paint Ideas | Benjamin Moore', 'sections': '<em>Orange</em> Paint Color by Family', 'description': 'From warm colors to cool shades, check out our most popular <em>orange</em> paint colors for your home. Discover <em>orange</em> inspiration for your home with Benjamin Moore.', 'page_path': '&#x2F;en-us&#x2F;color-overview&#x2F;color-palettes&#x2F;color-families&#x2F;<em>orange</em>-paint-colors'}",61718b22196a67ee562f006c,,,,,,,,en-us,,,,,
https://media.benjaminmoore.com/WebServices/prod/cdp/836x1045/orange-paint-023-citrus-mist-141-rgb.jpg,https://www.benjaminmoore.com/en-us/paint-colors/color/141/citrus-mist,"['Citrus Mist', 'Matching Colors', 'Different Shades', 'Similar Colors', 'Color By Family']",/en-us/paint-colors/color/141/citrus-mist,2024-07-21T22:52:15Z,Citrus Mist 141 | Benjamin Moore,2024-07-21T22:52:15Z,Color,A squeeze of lemon yellow enlivens this barely there hue.,c747b61269a9b8e9732180fa6b6fef0a931fa59a,1,,{'PrimaryColorFamily': '<em>Orange</em>'},6242e3c4e7b9d2a5880f58df,141,Light,Warm,F9E8C4,Citrus Mist,Orange,,,,,,,
https://media.benjaminmoore.com/WebServices/prod/cdp/836x1045/orange-paint-048-yellow-marigold-2155-30-rgb.jpg,https://www.benjaminmoore.com/en-us/paint-colors/color/2155-30/yellow-marigold,"['Yellow Marigold', 'Matching Colors', 'Different Shades', 'Similar Colors', 'Color By Family']",/en-us/paint-colors/color/2155-30/yellow-marigold,2024-07-21T23:54:18Z,Yellow Marigold 2155-30 | Benjamin Moore,2024-07-21T23:54:17Z,Color,A bouncy yellow-orange that instantly uplifts any space.,b790d8ca25edc3c093557bd05109fc7a364b8682,1,,"{'description': 'A bouncy yellow-<em>orange</em> that instantly uplifts any space.', 'PrimaryColorFamily': '<em>Orange</em>'}",624270f728ccbc5072dd95a7,2155-30,Medium,Warm,EAA731,Yellow Marigold,Orange,Yellow,,,,,,
https://media.benjaminmoore.com/WebServices/prod/cdp/836x1045/orange-paint-051-orange-sky-2018-10-rgb.jpg,https://www.benjaminmoore.com/en-us/paint-colors/color/2018-10/orange-sky,"['Orange Sky', 'Matching Colors', 'Different Shades', 'Similar Colors', 'Color By Family']",/en-us/paint-colors/color/2018-10/orange-sky,2024-07-22T03:04:53Z,Orange Sky 2018-10 | Benjamin Moore,2024-07-22T03:04:53Z,Color,An intense yet playful orange that paints the picture of a magnificent sunset.,390adf5a1e82acc9c650562a4c42f3227d6899dc,1,,"{'title': '<em>Orange</em> Sky 2018-10 | Benjamin Moore', 'sections': '<em>Orange</em> Sky', 'description': 'An intense yet playful <em>orange</em> that paints the picture of a magnificent sunset.', 'color_name': '<em>Orange</em> Sky', 'page_path': '&#x2F;en-us&#x2F;paint-colors&#x2F;color&#x2F;2018-10&#x2F;<em>orange</em>-sky', 'PrimaryColorFamily': '<em>Orange</em>'}",624311f4196a670d3e894ec3,2018-10,Medium,Warm,FF9F00,Orange Sky,Orange,Yellow,,,,,,
https://media.benjaminmoore.com/WebServices/prod/cdp/836x1045/orange-paint-025-electric-orange-2015-10-rgb.jpg,https://www.benjaminmoore.com/en-us/paint-colors/color/2015-10/electric-orange,"['Electric Orange', 'Matching Colors', 'Different Shades', 'Similar Colors', 'Color By Family']",/en-us/paint-colors/color/2015-10/electric-orange,2024-07-22T00:10:01Z,Electric Orange 2015-10 | Benjamin Moore,2024-07-22T00:10:01Z,Color,"A lush, vibrant orange with an irresistible energy.",37f6bf61a2849fbc4be576d170a1e75353b10163,1,,"{'title': 'Electric <em>Orange</em> 2015-10 | Benjamin Moore', 'sections': 'Electric <em>Orange</em>', 'description': 'A lush, vibrant <em>orange</em> with an irresistible energy.', 'color_name': 'Electric <em>Orange</em>', 'page_path': '&#x2F;en-us&#x2F;paint-colors&#x2F;color&#x2F;2015-10&#x2F;electric-<em>orange</em>', 'PrimaryColorFamily': '<em>Orange</em>'}",62f7db6f196a676b6a5ba568,2015-10,Medium,Warm,F0701A,Electric Orange,Orange,,,,,,,
https://media.benjaminmoore.com/WebServices/prod/cdp/836x1045/orange-paint-036-orange-2011-10-rgb.jpg,https://www.benjaminmoore.com/en-us/paint-colors/color/2011-10/orange,"['Orange', 'Matching Colors', 'Different Shades', 'Similar Colors', 'Color By Family']",/en-us/paint-colors/color/2011-10/orange,2024-07-21T20:09:50Z,Orange 2011-10 | Benjamin Moore,2024-07-21T20:09:49Z,Color,"A pure, unadulterated orange with a crimson glow.",97765ea3d08c8bcd383ab1d6a0f9767c8d706b83,1,,"{'title': '<em>Orange</em> 2011-10 | Benjamin Moore', 'sections': '<em>Orange</em>', 'description': 'A pure, unadulterated <em>orange</em> with a crimson glow.', 'color_name': '<em>Orange</em>', 'page_path': '&#x2F;en-us&#x2F;paint-colors&#x2F;color&#x2F;2011-10&#x2F;<em>orange</em>', 'PrimaryColorFamily': '<em>Orange</em>'}",6242fe6928ccbc4aecdda02a,2011-10,Dark,Warm,E0412B,Orange,Orange,,,,,,,
https://media.benjaminmoore.com/WebServices/prod/cdp/836x1045/orange-paint-035-orange-blossom-2168-30-rgb.jpg,https://www.benjaminmoore.com/en-us/paint-colors/color/2168-30/orange-blossom,"['Orange Blossom', 'Matching Colors', 'Different Shades', 'Similar Colors', 'Color By Family']",/en-us/paint-colors/color/2168-30/orange-blossom,2024-07-21T22:25:00Z,Orange Blossom 2168-30 | Benjamin Moore,2024-07-21T22:24:59Z,Color,"With its drop of red, this jubilant shade of orange resembles the unique rind of blood orange.",0f980ac1bd92e858d4c6f907c106cd0daab36b74,1,,"{'title': '<em>Orange</em> Blossom 2168-30 | Benjamin Moore', 'sections': '<em>Orange</em> Blossom', 'description': 'With its drop of red, this jubilant shade of <em>orange</em> resembles the unique rind of blood <em>orange</em>.', 'color_name': '<em>Orange</em> Blossom', 'page_path': '&#x2F;en-us&#x2F;paint-colors&#x2F;color&#x2F;2168-30&#x2F;<em>orange</em>-blossom', 'PrimaryColorFamily': '<em>Orange</em>'}",6242e934196a67271a896272,2168-30,Medium,Warm,DC8052,Orange Blossom,Orange,Brown,,,,,,
https://media.benjaminmoore.com/WebServices/prod/cdp/836x1045/orange-paint-036-fiesta-orange-84-rgb.jpg,https://www.benjaminmoore.com/en-us/paint-colors/color/084/fiesta-orange,"['Fiesta Orange', 'Matching Colors', 'Different Shades', 'Similar Colors', 'Color By Family']",/en-us/paint-colors/color/084/fiesta-orange,2024-07-22T02:49:14Z,Fiesta Orange 084 | Benjamin Moore,2024-07-03T12:44:16Z,Color,"Nothing epitomizes fun more than this highly charged, radiant orange.",be99a340bddbb8d8b6308fd538adb756e6b6a41a,1,,"{'title': 'Fiesta <em>Orange</em> 084 | Benjamin Moore', 'sections': 'Fiesta <em>Orange</em>', 'description': 'Nothing epitomizes fun more than this highly charged, radiant <em>orange</em>.', 'color_name': 'Fiesta <em>Orange</em>', 'page_path': '&#x2F;en-us&#x2F;paint-colors&#x2F;color&#x2F;084&#x2F;fiesta-<em>orange</em>', 'PrimaryColorFamily': '<em>Orange</em>'}",62424c05e7b9d2d1210f49cc,084,Medium,Warm,F0764B,Fiesta Orange,Orange,,,,,,,
https://media.benjaminmoore.com/WebServices/prod/cdp/836x1045/orange-paint-026-orange-froth-151-rgb.jpg,https://www.benjaminmoore.com/en-us/paint-colors/color/151/orange-froth,"['Orange Froth', 'Matching Colors', 'Different Shades', 'Similar Colors', 'Color By Family']",/en-us/paint-colors/color/151/orange-froth,2024-07-21T22:53:01Z,Orange Froth 151 | Benjamin Moore,2024-07-21T22:53:01Z,Color,A hint of cream mellows out this bright orange hue.,b919b6d228caed7807cb1aab48eb0e98a25a4f0f,1,,"{'title': '<em>Orange</em> Froth 151 | Benjamin Moore', 'sections': '<em>Orange</em> Froth', 'description': 'A hint of cream mellows out this bright <em>orange</em> hue.', 'color_name': '<em>Orange</em> Froth', 'page_path': '&#x2F;en-us&#x2F;paint-colors&#x2F;color&#x2F;151&#x2F;<em>orange</em>-froth', 'PrimaryColorFamily': '<em>Orange</em>'}",6242fae628ccbc77eaddba56,151,Light,Warm,FFD99F,Orange Froth,Orange,Yellow,,,,,,
https://media.benjaminmoore.com/WebServices/prod/cdp/836x1045/orange-paint-053-orange-ice-166-rgb.jpg,https://www.benjaminmoore.com/en-us/paint-colors/color/166/orange-ice,"['Orange Ice', 'Matching Colors', 'Different Shades', 'Similar Colors', 'Color By Family']",/en-us/paint-colors/color/166/orange-ice,2024-07-21T22:09:14Z,Orange Ice 166 | Benjamin Moore,2024-07-21T22:09:14Z,Color,Earthy ochre undertones mellow out this medium orange.,2658a086499c2870b079f41a577cc25b254bcf0a,1,,"{'title': '<em>Orange</em> Ice 166 | Benjamin Moore', 'sections': '<em>Orange</em> Ice', 'description': 'Earthy ochre undertones mellow out this medium <em>orange</em>.', 'color_name': '<em>Orange</em> Ice', 'page_path': '&#x2F;en-us&#x2F;paint-colors&#x2F;color&#x2F;166&#x2F;<em>orange</em>-ice', 'PrimaryColorFamily': '<em>Orange</em>'}",6242e1bde7b9d21c190f637e,166,Medium,Warm,EBBC7F,Orange Ice,Orange,Yellow,,,,,,
https://media.benjaminmoore.com/WebServices/prod/cdp/836x1045/orange-paint-052-pineapple-orange-158-rgb.jpg,https://www.benjaminmoore.com/en-us/paint-colors/color/158/pineapple-orange,"['Pineapple Orange', 'Matching Colors', 'Different Shades', 'Similar Colors', 'Color By Family']",/en-us/paint-colors/color/158/pineapple-orange,2024-07-30T16:25:15Z,Pineapple Orange 158 | Benjamin Moore,2024-07-30T16:25:14Z,Color,"Warm, sandy undertones mellow out this easygoing orange.",7c689aee9c9ffb872e804631b24f71ef141ffbc6,1,,"{'title': 'Pineapple <em>Orange</em> 158 | Benjamin Moore', 'sections': 'Pineapple <em>Orange</em>', 'description': 'Warm, sandy undertones mellow out this easygoing <em>orange</em>.', 'color_name': 'Pineapple <em>Orange</em>', 'page_path': '&#x2F;en-us&#x2F;paint-colors&#x2F;color&#x2F;158&#x2F;pineapple-<em>orange</em>', 'Family': '<em>Orange</em>'}",6242c2f464441f49d60055c3,158,,,FAD4A4,Pineapple Orange,,,,Orange,Light,"['Interior', 'Exterior']",true,Benjamin Moore Classics&reg;
https://media.benjaminmoore.com/WebServices/prod/cdp/836x1045/orange-paint-027-orange-sherbet-122-rgb.jpg,https://www.benjaminmoore.com/en-us/paint-colors/color/122/orange-sherbet,"['Orange Sherbet', 'Matching Colors', 'Different Shades', 'Similar Colors', 'Color By Family']",/en-us/paint-colors/color/122/orange-sherbet,2024-07-30T12:55:12Z,Orange Sherbet 122 | Benjamin Moore,2024-07-03T18:06:31Z,Color,"Crisp and radiant, this light orange almost seems to glow.",e11a60b923091780d466888107afd4e895e029e3,1,,"{'title': '<em>Orange</em> Sherbet 122 | Benjamin Moore', 'sections': '<em>Orange</em> Sherbet', 'description': 'Crisp and radiant, this light <em>orange</em> almost seems to glow.', 'color_name': '<em>Orange</em> Sherbet', 'page_path': '&#x2F;en-us&#x2F;paint-colors&#x2F;color&#x2F;122&#x2F;<em>orange</em>-sherbet', 'Family': '<em>Orange</em>'}",6242c2f428ccbc724addae86,122,,,FED1A5,Orange Sherbet,,,,Orange,Light,Interior,true,Benjamin Moore Classics&reg;
https://media.benjaminmoore.com/WebServices/prod/cdp/836x1045/orange-paint-040-tangy-orange-2014-30-rgb.jpg,https://www.benjaminmoore.com/en-us/paint-colors/color/2014-30/tangy-orange,"['Tangy Orange', 'Matching Colors', 'Different Shades', 'Similar Colors', 'Color By Family']",/en-us/paint-colors/color/2014-30/tangy-orange,2024-07-22T02:48:08Z,Tangy Orange 2014-30 | Benjamin Moore,2024-07-22T02:48:08Z,Color,A classic medium orange that instantly energizes.,dbbadfa6b4bd5a08dfb47ec9460c2be3f39781fc,1,,"{'title': 'Tangy <em>Orange</em> 2014-30 | Benjamin Moore', 'sections': 'Tangy <em>Orange</em>', 'description': 'A classic medium <em>orange</em> that instantly energizes.', 'color_name': 'Tangy <em>Orange</em>', 'page_path': '&#x2F;en-us&#x2F;paint-colors&#x2F;color&#x2F;2014-30&#x2F;tangy-<em>orange</em>', 'PrimaryColorFamily': '<em>Orange</em>'}",624264da196a6791058953ce,2014-30,Medium,Warm,F77946,Tangy Orange,Orange,,,,,,,
https://media.benjaminmoore.com/WebServices/prod/cdp/836x1045/orange-paint-032-orange-creamsicle-59-rgb.jpg,https://www.benjaminmoore.com/en-us/paint-colors/color/059/orange-creamsicle,"['Orange Creamsicle', 'Matching Colors', 'Different Shades', 'Similar Colors', 'Color By Family']",/en-us/paint-colors/color/059/orange-creamsicle,2024-07-22T02:12:27Z,Orange Creamsicle 059 | Benjamin Moore,2024-07-22T02:12:26Z,Color,"Crisp and refreshing, this light orange brings a touch of sweetness to any space.",0b0ca959e60b9fb5254d4195ecd2782c5ec92bac,1,,"{'title': '<em>Orange</em> Creamsicle 059 | Benjamin Moore', 'sections': '<em>Orange</em> Creamsicle', 'description': 'Crisp and refreshing, this light <em>orange</em> brings a touch of sweetness to any space.', 'color_name': '<em>Orange</em> Creamsicle', 'page_path': '&#x2F;en-us&#x2F;paint-colors&#x2F;color&#x2F;059&#x2F;<em>orange</em>-creamsicle', 'PrimaryColorFamily': '<em>Orange</em>'}",6242914228ccbcc13edda267,059,Light,Warm,F4CBB3,Orange Creamsicle,Orange,Peach,,,,,,
https://media.benjaminmoore.com/WebServices/prod/cdp/836x1045/orange-paint-027-orange-appeal-124-rgb.jpg,https://www.benjaminmoore.com/en-us/paint-colors/color/124/orange-appeal,"['Orange Appeal', 'Matching Colors', 'Different Shades', 'Similar Colors', 'Color By Family']",/en-us/paint-colors/color/124/orange-appeal,2024-07-22T04:26:56Z,Orange Appeal 124 | Benjamin Moore,2024-07-03T17:03:56Z,Color,"Deepened with a trace of brown, this classic orange offers understated boldness.",78e8b702a0987d7ee801ce8b506f9b636067947e,1,,"{'title': '<em>Orange</em> Appeal 124 | Benjamin Moore', 'sections': '<em>Orange</em> Appeal', 'description': 'Deepened with a trace of brown, this classic <em>orange</em> offers understated boldness.', 'color_name': '<em>Orange</em> Appeal', 'page_path': '&#x2F;en-us&#x2F;paint-colors&#x2F;color&#x2F;124&#x2F;<em>orange</em>-appeal', 'PrimaryColorFamily': '<em>Orange</em>'}",6242f1fc196a673822894b52,124,Medium,Warm,EDA768,Orange Appeal,Orange,Yellow,,,,,,
https://media.benjaminmoore.com/WebServices/prod/cdp/836x1045/orange-paint-026-florida-orange-152-rgb.jpg,https://www.benjaminmoore.com/en-us/paint-colors/color/152/florida-orange,"['Florida Orange', 'Matching Colors', 'Different Shades', 'Similar Colors', 'Color By Family']",/en-us/paint-colors/color/152/florida-orange,2024-07-21T22:53:04Z,Florida Orange 152 | Benjamin Moore,2024-07-21T22:53:03Z,Color,A refreshing shade of orange with just the right amount of brightness.,b89ad2a42cfefb2f183defdb53785276f14e5515,1,,"{'title': 'Florida <em>Orange</em> 152 | Benjamin Moore', 'sections': 'Florida <em>Orange</em>', 'description': 'A refreshing shade of <em>orange</em> with just the right amount of brightness.', 'color_name': 'Florida <em>Orange</em>', 'page_path': '&#x2F;en-us&#x2F;paint-colors&#x2F;color&#x2F;152&#x2F;florida-<em>orange</em>', 'PrimaryColorFamily': '<em>Orange</em>'}",6242fb0d64441f841e004649,152,Light,Warm,FDC983,Florida Orange,Orange,Yellow,,,,,,
https://media.benjaminmoore.com/WebServices/prod/cdp/836x1045/orange-paint-028-seville-oranges-131-rgb.jpg,https://www.benjaminmoore.com/en-us/paint-colors/color/131/seville-oranges,"['Seville Oranges', 'Matching Colors', 'Different Shades', 'Similar Colors', 'Color By Family']",/en-us/paint-colors/color/131/seville-oranges,2024-07-21T23:38:01Z,Seville Oranges 131 | Benjamin Moore,2024-07-21T23:38:01Z,Color,A silky smooth shade of orange with a playful peach cast.,ec4424e03aa0996b94c938eb904345c53016bbfb,1,,"{'title': 'Seville <em>Oranges</em> 131 | Benjamin Moore', 'sections': 'Seville <em>Oranges</em>', 'description': 'A silky smooth shade of <em>orange</em> with a playful peach cast.', 'color_name': 'Seville <em>Oranges</em>', 'page_path': '&#x2F;en-us&#x2F;paint-colors&#x2F;color&#x2F;131&#x2F;seville-<em>oranges</em>', 'PrimaryColorFamily': '<em>Orange</em>'}",6242c34e64441f5ac300559a,131,Medium,Warm,F9BB80,Seville Oranges,Orange,Yellow,,,,,,
https://media.benjaminmoore.com/WebServices/prod/cdp/836x1045/orange-paint-032-orange-sorbet-57-rgb.jpg,https://www.benjaminmoore.com/en-us/paint-colors/color/057/orange-sorbet,"['Orange Sorbet', 'Matching Colors', 'Different Shades', 'Similar Colors', 'Color By Family']",/en-us/paint-colors/color/057/orange-sorbet,2024-07-21T19:34:15Z,Orange Sorbet 057 | Benjamin Moore,2024-07-21T19:34:14Z,Color,"Although colored with the barest hint of orange, this delicate hue gives off a palpable glow.",683ca33332aa04ad39cb547242e3c19ec4d95dd4,1,,"{'title': '<em>Orange</em> Sorbet 057 | Benjamin Moore', 'sections': '<em>Orange</em> Sorbet', 'description': 'Although colored with the barest hint of <em>orange</em>, this delicate hue gives off a palpable glow.', 'color_name': '<em>Orange</em> Sorbet', 'page_path': '&#x2F;en-us&#x2F;paint-colors&#x2F;color&#x2F;057&#x2F;<em>orange</em>-sorbet', 'PrimaryColorFamily': '<em>Orange</em>'}",62425343e7b9d2cc330f6221,057,Light,Warm,F6E3CF,Orange Sorbet,Orange,Peach,,,,,,
https://media.benjaminmoore.com/WebServices/prod/cdp/836x1045/orange-paint-042-flamingo-orange-75-rgb.jpg,https://www.benjaminmoore.com/en-us/paint-colors/color/075/flamingo-orange,"['Flamingo Orange', 'Matching Colors', 'Different Shades', 'Similar Colors', 'Color By Family']",/en-us/paint-colors/color/075/flamingo-orange,2024-07-22T01:47:04Z,Flamingo Orange 075 | Benjamin Moore,2024-07-22T01:47:04Z,Color,"A balanced mid-tone that exhibits shades of coral, orange and brown.",b88ef915dbd62e461091ce11dc04016e65bc25d8,1,,"{'title': 'Flamingo <em>Orange</em> 075 | Benjamin Moore', 'sections': 'Flamingo <em>Orange</em>', 'description': 'A balanced mid-tone that exhibits shades of coral, <em>orange</em> and brown.', 'color_name': 'Flamingo <em>Orange</em>', 'page_path': '&#x2F;en-us&#x2F;paint-colors&#x2F;color&#x2F;075&#x2F;flamingo-<em>orange</em>', 'PrimaryColorFamily': '<em>Orange</em>'}",6242ced4e7b9d221b90f5a8d,075,Medium,Warm,E38E69,Flamingo Orange,Orange,Peach,,,,,,
https://media.benjaminmoore.com/WebServices/prod/cdp/836x1045/orange-paint-051-mandarin-orange-2018-20-rgb.jpg,https://www.benjaminmoore.com/en-us/paint-colors/color/2018-20/mandarin-orange,"['Mandarin Orange', 'Matching Colors', 'Different Shades', 'Similar Colors', 'Color By Family']",/en-us/paint-colors/color/2018-20/mandarin-orange,2024-07-22T03:04:53Z,Mandarin Orange 2018-20 | Benjamin Moore,2024-07-22T03:04:53Z,Color,"A bright, yellow-tinged orange that instantly cheers a space.",c76d9090362f0b7e3ef96251c6a45cd649dea779,1,,"{'title': 'Mandarin <em>Orange</em> 2018-20 | Benjamin Moore', 'sections': 'Mandarin <em>Orange</em>', 'description': 'A bright, yellow-tinged <em>orange</em> that instantly cheers a space.', 'color_name': 'Mandarin <em>Orange</em>', 'page_path': '&#x2F;en-us&#x2F;paint-colors&#x2F;color&#x2F;2018-20&#x2F;mandarin-<em>orange</em>', 'PrimaryColorFamily': '<em>Orange</em>'}",624311ec28ccbc0990dd9fd6,2018-20,Medium,Warm,FFA706,Mandarin Orange,Orange,Yellow,,,,,,
https://media.benjaminmoore.com/WebServices/prod/cdp/836x1045/orange-paint-025-calypso-orange-2015-30-rgb.jpg,https://www.benjaminmoore.com/en-us/paint-colors/color/2015-30/calypso-orange,"['Calypso Orange', 'Matching Colors', 'Different Shades', 'Similar Colors', 'Color By Family']",/en-us/paint-colors/color/2015-30/calypso-orange,2024-07-22T02:47:11Z,Calypso Orange 2015-30 | Benjamin Moore,2024-07-22T02:47:10Z,Color,An energetic orange that instantly conjures festive tropical locales.,4ce5132d7cec67ae7f41776b288d4513bc083613,1,,"{'title': 'Calypso <em>Orange</em> 2015-30 | Benjamin Moore', 'sections': 'Calypso <em>Orange</em>', 'description': 'An energetic <em>orange</em> that instantly conjures festive tropical locales.', 'color_name': 'Calypso <em>Orange</em>', 'page_path': '&#x2F;en-us&#x2F;paint-colors&#x2F;color&#x2F;2015-30&#x2F;calypso-<em>orange</em>', 'PrimaryColorFamily': '<em>Orange</em>'}",62425fd3196a6702fe89495d,2015-30,Medium,Warm,FB8B3C,Calypso Orange,Orange,,,,,,,
https://media.benjaminmoore.com/WebServices/prod/cdp/836x1045/orange-paint-040-festive-orange-2014-10-rgb.jpg,https://www.benjaminmoore.com/en-us/paint-colors/color/2014-10/festive-orange,"['Festive Orange', 'Matching Colors', 'Different Shades', 'Similar Colors', 'Color By Family']",/en-us/paint-colors/color/2014-10/festive-orange,2024-07-22T03:42:43Z,Festive Orange 2014-10 | Benjamin Moore,2024-07-03T16:54:37Z,Color,"A vibrant, youthful orange that sets a celebratory mood.",2530697c72b748c84f2cabde99ffcbb16e2fb7c1,1,,"{'title': 'Festive <em>Orange</em> 2014-10 | Benjamin Moore', 'sections': 'Festive <em>Orange</em>', 'description': 'A vibrant, youthful <em>orange</em> that sets a celebratory mood.', 'color_name': 'Festive <em>Orange</em>', 'page_path': '&#x2F;en-us&#x2F;paint-colors&#x2F;color&#x2F;2014-10&#x2F;festive-<em>orange</em>', 'PrimaryColorFamily': '<em>Orange</em>'}",6242cf8a64441f60d300453c,2014-10,Medium,Warm,E95823,Festive Orange,Orange,,,,,,,
https://media.benjaminmoore.com/WebServices/prod/cdp/836x1045/orange-paint-043-fireball-orange-2170-10-rgb.jpg,https://www.benjaminmoore.com/en-us/paint-colors/color/2170-10/fireball-orange,"['Fireball Orange', 'Matching Colors', 'Different Shades', 'Similar Colors', 'Color By Family']",/en-us/paint-colors/color/2170-10/fireball-orange,2024-07-21T22:08:38Z,Fireball Orange 2170-10 | Benjamin Moore,2024-07-21T22:08:37Z,Color,A charged orange-red tempered by a hint of brown.,56dabf1e06ed0f012d04daf6459b821ea9bd33f9,1,,"{'title': 'Fireball <em>Orange</em> 2170-10 | Benjamin Moore', 'sections': 'Fireball <em>Orange</em>', 'description': 'A charged <em>orange</em>-red tempered by a hint of brown.', 'color_name': 'Fireball <em>Orange</em>', 'page_path': '&#x2F;en-us&#x2F;paint-colors&#x2F;color&#x2F;2170-10&#x2F;fireball-<em>orange</em>', 'PrimaryColorFamily': '<em>Orange</em>'}",6242fcf864441f4d80004871,2170-10,Dark,Warm,C35232,Fireball Orange,Orange,,,,,,,
https://media.benjaminmoore.com/WebServices/prod/cdp/836x1045/orange-paint-040-outrageous-orange-2013-10-rgb.jpg,https://www.benjaminmoore.com/en-us/paint-colors/color/2013-10/outrageous-orange,"['Outrageous Orange', 'Matching Colors', 'Different Shades', 'Similar Colors', 'Color By Family']",/en-us/paint-colors/color/2013-10/outrageous-orange,2024-07-21T20:19:13Z,Outrageous Orange 2013-10 | Benjamin Moore,2024-07-21T20:19:12Z,Color,An expressive orange that reveals a bold creative streak.,4536b4a5d2f3c50b04a7fea0b7750a989dd5255b,1,,"{'title': 'Outrageous <em>Orange</em> 2013-10 | Benjamin Moore', 'sections': 'Outrageous <em>Orange</em>', 'description': 'An expressive <em>orange</em> that reveals a bold creative streak.', 'color_name': 'Outrageous <em>Orange</em>', 'page_path': '&#x2F;en-us&#x2F;paint-colors&#x2F;color&#x2F;2013-10&#x2F;outrageous-<em>orange</em>', 'PrimaryColorFamily': '<em>Orange</em>'}",645ba09928ccbc88ed6dc05c,2013-10,Dark,Warm,E34C28,Outrageous Orange,Orange,,,,,,,
https://media.benjaminmoore.com/WebServices/prod/cdp/836x1045/orange-paint-040-orange-nectar-2013-20-rgb.jpg,https://www.benjaminmoore.com/en-us/paint-colors/color/2013-20/orange-nectar,"['Orange Nectar', 'Matching Colors', 'Different Shades', 'Similar Colors', 'Color By Family']",/en-us/paint-colors/color/2013-20/orange-nectar,2024-07-21T20:23:19Z,Orange Nectar 2013-20 | Benjamin Moore,2024-07-21T20:23:18Z,Color,"Lush and sweet, a shade of orange in full bloom.",777004f93f59b0bd42fd18876419e477fc430384,1,,"{'title': '<em>Orange</em> Nectar 2013-20 | Benjamin Moore', 'sections': '<em>Orange</em> Nectar', 'description': 'Lush and sweet, a shade of <em>orange</em> in full bloom.', 'color_name': '<em>Orange</em> Nectar', 'page_path': '&#x2F;en-us&#x2F;paint-colors&#x2F;color&#x2F;2013-20&#x2F;<em>orange</em>-nectar', 'PrimaryColorFamily': '<em>Orange</em>'}",6242cf6864441f3948004610,2013-20,Medium,Warm,EA5933,Orange Nectar,Orange,,,,,,,
https://media.benjaminmoore.com/WebServices/prod/cdp/836x1045/orange-paint-044-adobe-orange-2171-30-rgb.jpg,https://www.benjaminmoore.com/en-us/paint-colors/color/2171-30/adobe-orange,"['Adobe Orange', 'Matching Colors', 'Different Shades', 'Similar Colors', 'Color By Family']",/en-us/paint-colors/color/2171-30/adobe-orange,2024-07-22T02:11:43Z,Adobe Orange 2171-30 | Benjamin Moore,2024-07-22T02:11:43Z,Color,A jolt of coral red invigorates this sunbaked orange.,a050ec2f2e5335c6b2d21083f354f56ce3a0fd14,1,,"{'title': 'Adobe <em>Orange</em> 2171-30 | Benjamin Moore', 'sections': 'Adobe <em>Orange</em>', 'description': 'A jolt of coral red invigorates this sunbaked <em>orange</em>.', 'color_name': 'Adobe <em>Orange</em>', 'page_path': '&#x2F;en-us&#x2F;paint-colors&#x2F;color&#x2F;2171-30&#x2F;adobe-<em>orange</em>', 'PrimaryColorFamily': '<em>Orange</em>'}",624303cc196a67105e896ade,2171-30,Medium,Warm,D36651,Adobe Orange,Orange,,,,,,,
https://media.benjaminmoore.com/WebServices/prod/cdp/836x1045/orange-paint-040-rumba-orange-2014-20-rgb.jpg,https://www.benjaminmoore.com/en-us/paint-colors/color/2014-20/rumba-orange,"['Rumba Orange', 'Matching Colors', 'Different Shades', 'Similar Colors', 'Color By Family']",/en-us/paint-colors/color/2014-20/rumba-orange,2024-07-30T15:20:50Z,Rumba Orange 2014-20 | Benjamin Moore,2024-07-03T16:57:52Z,Color,An intense orange that conveys passion and confidence.,7cc97e8fd31608f8440985275cb8a6c31d79b780,1,,"{'title': 'Rumba <em>Orange</em> 2014-20 | Benjamin Moore', 'sections': 'Rumba <em>Orange</em>', 'description': 'An intense <em>orange</em> that conveys passion and confidence.', 'color_name': 'Rumba <em>Orange</em>', 'page_path': '&#x2F;en-us&#x2F;paint-colors&#x2F;color&#x2F;2014-20&#x2F;rumba-<em>orange</em>', 'Family': '<em>Orange</em>'}",6242cf8a196a6747d6896a8b,2014-20,,,EF6530,Rumba Orange,,,,Orange,Medium,Interior,true,Color Preview&reg;
https://media.benjaminmoore.com/WebServices/prod/cdp/836x1045/orange-paint-026-sweet-orange-2017-40-rgb.jpg,https://www.benjaminmoore.com/en-us/paint-colors/color/2017-40/sweet-orange,"['Sweet Orange', 'Matching Colors', 'Different Shades', 'Similar Colors', 'Color By Family']",/en-us/paint-colors/color/2017-40/sweet-orange,2024-07-30T15:17:08Z,Sweet Orange 2017-40 | Benjamin Moore,2024-07-03T16:57:51Z,Color,"A bright, glowing orange softened with a hint of yellow.",260974dfa31ea94fce870b931e3f7d2067d368d3,1,,"{'title': 'Sweet <em>Orange</em> 2017-40 | Benjamin Moore', 'sections': 'Sweet <em>Orange</em>', 'description': 'A bright, glowing <em>orange</em> softened with a hint of yellow.', 'color_name': 'Sweet <em>Orange</em>', 'page_path': '&#x2F;en-us&#x2F;paint-colors&#x2F;color&#x2F;2017-40&#x2F;sweet-<em>orange</em>', 'Family': '<em>Orange</em>'}",6242fee1196a6750c089690f,2017-40,,,FFC36F,Sweet Orange,,,,Orange,Light,Interior,true,Color Preview&reg;
https://media.benjaminmoore.com/WebServices/prod/cdp/836x1045/orange-paint-023-autumn-orange-2156-10-rgb.jpg,https://www.benjaminmoore.com/en-us/paint-colors/color/2156-10/autumn-orange,"['Autumn Orange', 'Matching Colors', 'Different Shades', 'Similar Colors', 'Color By Family']",/en-us/paint-colors/color/2156-10/autumn-orange,2024-07-31T04:40:20Z,Autumn Orange 2156-10 | Benjamin Moore,2024-07-03T11:17:47Z,Color,"A rich, inviting golden orange that evokes cozy fireside gatherings.",1f82ed20c241173920cabde80b53147120b90e51,1,,"{'title': 'Autumn <em>Orange</em> 2156-10 | Benjamin Moore', 'sections': 'Autumn <em>Orange</em>', 'description': 'A rich, inviting golden <em>orange</em> that evokes cozy fireside gatherings.', 'color_name': 'Autumn <em>Orange</em>', 'page_path': '&#x2F;en-us&#x2F;paint-colors&#x2F;color&#x2F;2156-10&#x2F;autumn-<em>orange</em>', 'Family': '<em>Orange</em>'}",624272ae64441fbf520048db,2156-10,,,C57626,Autumn Orange,,,,Orange,Medium,"['Interior', 'Exterior']",true,Color Preview&reg;
https://media.benjaminmoore.com/WebServices/prod/cdp/836x1045/orange-paint-036-tucker-orange-CW-300-rgb.jpg,https://www.benjaminmoore.com/en-us/paint-colors/color/cw-300/tucker-orange,"['Tucker Orange', 'Matching Colors', 'Color By Family']",/en-us/paint-colors/color/cw-300/tucker-orange,2024-07-20T21:29:52Z,Tucker Orange CW-300 | Benjamin Moore,2024-07-20T21:29:51Z,Color,"The mix of white and vermillion, two 18th century paint pigments, create this vibrant and enduring shade of orange.",4934f171c8a13fce67410196a408d417c0727583,1,,"{'title': 'Tucker <em>Orange</em> CW-300 | Benjamin Moore', 'sections': 'Tucker <em>Orange</em>', 'description': 'The mix of white and vermillion, two 18th century paint pigments, create this vibrant and enduring shade of <em>orange</em>.', 'color_name': 'Tucker <em>Orange</em>', 'page_path': '&#x2F;en-us&#x2F;paint-colors&#x2F;color&#x2F;cw-300&#x2F;tucker-<em>orange</em>', 'PrimaryColorFamily': '<em>Orange</em>'}",62473b48e7b9d283240f648c,CW-300,Medium,Warm,DF745D,Tucker Orange,Orange,,,,,,,
https://media.benjaminmoore.com/WebServices/prod/cdp/836x1045/orange-paint-043-tropical-orange-2170-20-rgb.jpg,https://www.benjaminmoore.com/en-us/paint-colors/color/2170-20/tropical-orange,"['Tropical Orange', 'Matching Colors', 'Different Shades', 'Similar Colors', 'Color By Family']",/en-us/paint-colors/color/2170-20/tropical-orange,2024-07-22T02:56:50Z,Tropical Orange 2170-20 | Benjamin Moore,2024-07-22T02:56:49Z,Color,"Evocative of juicy blood orange, this fiery hue can bring a modern pop to any room.",b97aaba0e5b2ccde452fd4ce27cde2a7adefce00,1,,"{'title': 'Tropical <em>Orange</em> 2170-20 | Benjamin Moore', 'sections': 'Tropical <em>Orange</em>', 'description': 'Evocative of juicy blood <em>orange</em>, this fiery hue can bring a modern pop to any room.', 'color_name': 'Tropical <em>Orange</em>', 'page_path': '&#x2F;en-us&#x2F;paint-colors&#x2F;color&#x2F;2170-20&#x2F;tropical-<em>orange</em>', 'PrimaryColorFamily': '<em>Orange</em>'}",6242fcfbe7b9d2a07b0f501b,2170-20,Dark,Warm,CB5E3D,Tropical Orange,Orange,,,,,,,
https://media.benjaminmoore.com/WebServices/prod/cdp/836x1045/orange-paint-025-orange-burst-2015-20-rgb.jpg,https://www.benjaminmoore.com/en-us/paint-colors/color/2015-20/orange-burst,"['Orange Burst', 'Matching Colors', 'Different Shades', 'Similar Colors', 'Color By Family']",/en-us/paint-colors/color/2015-20/orange-burst,2024-07-22T01:21:08Z,Orange Burst 2015-20 | Benjamin Moore,2024-07-22T01:21:08Z,Color,A happy dose of high-spirited orange that will energize any space.,d9bcb5ff7f811c435d5e6fe30ba4e790d7383d79,1,,"{'title': '<em>Orange</em> Burst 2015-20 | Benjamin Moore', 'sections': '<em>Orange</em> Burst', 'description': 'A happy dose of high-spirited <em>orange</em> that will energize any space.', 'color_name': '<em>Orange</em> Burst', 'page_path': '&#x2F;en-us&#x2F;paint-colors&#x2F;color&#x2F;2015-20&#x2F;<em>orange</em>-burst', 'PrimaryColorFamily': '<em>Orange</em>'}",62425fd328ccbc3634ddab56,2015-20,Medium,Warm,F57C28,Orange Burst,Orange,,,,,,,
https://media.benjaminmoore.com/WebServices/prod/cdp/836x1045/orange-paint-038-toffee-orange-2167-40-rgb.jpg,https://www.benjaminmoore.com/en-us/paint-colors/color/2167-40/toffee-orange,"['Toffee Orange', 'Matching Colors', 'Different Shades', 'Similar Colors', 'Color By Family']",/en-us/paint-colors/color/2167-40/toffee-orange,2024-07-21T22:24:24Z,Toffee Orange 2167-40 | Benjamin Moore,2024-07-21T22:24:23Z,Color,"A sweet cocktail of orange, melon and peach come together in this spirited mid-tone.",007fe700d576be465d03ab48a1578842fc4b587a,1,,"{'title': 'Toffee <em>Orange</em> 2167-40 | Benjamin Moore', 'sections': 'Toffee <em>Orange</em>', 'description': 'A sweet cocktail of <em>orange</em>, melon and peach come together in this spirited mid-tone.', 'color_name': 'Toffee <em>Orange</em>', 'page_path': '&#x2F;en-us&#x2F;paint-colors&#x2F;color&#x2F;2167-40&#x2F;toffee-<em>orange</em>', 'PrimaryColorFamily': '<em>Orange</em>'}",62428f1164441f5bcc004655,2167-40,Medium,Warm,F1AE84,Toffee Orange,Orange,Peach,,,,,,
https://media.benjaminmoore.com/WebServices/prod/cdp/836x1045/orange-paint-036-blazing-orange-2011-20-rgb.jpg,https://www.benjaminmoore.com/en-us/paint-colors/color/2011-20/blazing-orange,"['Blazing Orange', 'Matching Colors', 'Different Shades', 'Similar Colors', 'Color By Family']",/en-us/paint-colors/color/2011-20/blazing-orange,2024-07-21T20:24:06Z,Blazing Orange 2011-20 | Benjamin Moore,2024-07-21T20:24:05Z,Color,A high-spirited deep orange that delivers a welcome splash of color to the room.,5947673f0d101a3b60f36f32c9fd8ad020fcf4ca,1,,"{'title': 'Blazing <em>Orange</em> 2011-20 | Benjamin Moore', 'sections': 'Blazing <em>Orange</em>', 'description': 'A high-spirited deep <em>orange</em> that delivers a welcome splash of color to the room.', 'color_name': 'Blazing <em>Orange</em>', 'page_path': '&#x2F;en-us&#x2F;paint-colors&#x2F;color&#x2F;2011-20&#x2F;blazing-<em>orange</em>', 'PrimaryColorFamily': '<em>Orange</em>'}",6243038de7b9d2a8c80f4e27,2011-20,Dark,Warm,E7513B,Blazing Orange,Orange,,,,,,,
https://media.benjaminmoore.com/WebServices/prod/cdp/836x1045/orange-paint-039-orange-parrot-2169-20-rgb.jpg,https://www.benjaminmoore.com/en-us/paint-colors/color/2169-20/orange-parrot,"['Orange Parrot', 'Matching Colors', 'Different Shades', 'Similar Colors', 'Color By Family']",/en-us/paint-colors/color/2169-20/orange-parrot,2024-07-22T03:20:37Z,Orange Parrot 2169-20 | Benjamin Moore,2024-07-22T03:20:37Z,Color,A touch of red lends a festive flair to this tropical-inspired orange.,be2cc111364292ce0efa8a44c12b18ce9ef4680f,1,,"{'title': '<em>Orange</em> Parrot 2169-20 | Benjamin Moore', 'sections': '<em>Orange</em> Parrot', 'description': 'A touch of red lends a festive flair to this tropical-inspired <em>orange</em>.', 'color_name': '<em>Orange</em> Parrot', 'page_path': '&#x2F;en-us&#x2F;paint-colors&#x2F;color&#x2F;2169-20&#x2F;<em>orange</em>-parrot', 'PrimaryColorFamily': '<em>Orange</em>'}",6242ceea196a679c23894bd7,2169-20,Medium,Warm,D4653E,Orange Parrot,Orange,,,,,,,
https://media.benjaminmoore.com/WebServices/prod/cdp/836x1045/orange-paint-039-racing-orange-2169-10-rgb.jpg,https://www.benjaminmoore.com/en-us/paint-colors/color/2169-10/racing-orange,"['Racing Orange', 'Matching Colors', 'Different Shades', 'Similar Colors', 'Color By Family']",/en-us/paint-colors/color/2169-10/racing-orange,2024-07-22T03:20:37Z,Racing Orange 2169-10 | Benjamin Moore,2024-07-22T03:20:37Z,Color,A hyper-charged orange that brings dynamic energy to any space.,4d5d33f16db55d7e40103c74563213fd3076a840,1,,"{'title': 'Racing <em>Orange</em> 2169-10 | Benjamin Moore', 'sections': 'Racing <em>Orange</em>', 'description': 'A hyper-charged <em>orange</em> that brings dynamic energy to any space.', 'color_name': 'Racing <em>Orange</em>', 'page_path': '&#x2F;en-us&#x2F;paint-colors&#x2F;color&#x2F;2169-10&#x2F;racing-<em>orange</em>', 'PrimaryColorFamily': '<em>Orange</em>'}",6242cefb28ccbc3b55dda6f6,2169-10,Dark,Warm,CC5A32,Racing Orange,Orange,,,,,,,
https://media.benjaminmoore.com/WebServices/prod/cdp/836x1045/orange-paint-024-citrus-orange-2016-20-rgb.jpg,https://www.benjaminmoore.com/en-us/paint-colors/color/2016-20/citrus-orange,"['Citrus Orange', 'Matching Colors', 'Different Shades', 'Similar Colors', 'Color By Family']",/en-us/paint-colors/color/2016-20/citrus-orange,2024-07-30T13:18:53Z,Citrus Orange 2016-20 | Benjamin Moore,2024-07-30T13:18:53Z,Color,"A bold, no-nonsense orange that is as invigorating as a slice of fresh-picked citrus.",9cf91a6c80a4d534776e986bb928de2e154c3173,1,,"{'title': 'Citrus <em>Orange</em> 2016-20 | Benjamin Moore', 'sections': 'Citrus <em>Orange</em>', 'description': 'A bold, no-nonsense <em>orange</em> that is as invigorating as a slice of fresh-picked citrus.', 'color_name': 'Citrus <em>Orange</em>', 'page_path': '&#x2F;en-us&#x2F;paint-colors&#x2F;color&#x2F;2016-20&#x2F;citrus-<em>orange</em>', 'Family': '<em>Orange</em>'}",62425fbe28ccbc0f7ddda413,2016-20,,,F78523,Citrus Orange,,,,Orange,Medium,Interior,true,Color Preview&reg;
https://media.benjaminmoore.com/WebServices/prod/cdp/836x1045/orange-paint-026-orange-juice-2017-10-rgb.jpg,https://www.benjaminmoore.com/en-us/paint-colors/color/2017-10/orange-juice,"['Orange Juice', 'Matching Colors', 'Different Shades', 'Similar Colors', 'Color By Family']",/en-us/paint-colors/color/2017-10/orange-juice,2024-07-30T15:25:25Z,Orange Juice 2017-10 | Benjamin Moore,2024-07-03T12:39:51Z,Color,"A youthful, feel-good shade of orange that energizes the room.",dd6b4f3ae6588984ac93909c61c69d7c244bce49,1,,"{'title': '<em>Orange</em> Juice 2017-10 | Benjamin Moore', 'sections': '<em>Orange</em> Juice', 'description': 'A youthful, feel-good shade of <em>orange</em> that energizes the room.', 'color_name': '<em>Orange</em> Juice', 'page_path': '&#x2F;en-us&#x2F;paint-colors&#x2F;color&#x2F;2017-10&#x2F;<em>orange</em>-juice', 'Family': '<em>Orange</em>'}",6242c35264441fc28f003952,2017-10,,,F98A0C,Orange Juice,,,,Orange,Medium,Interior,true,Color Preview&reg;
https://media.benjaminmoore.com/WebServices/prod/cdp/836x1045/orange-paint-024-startling-orange-2016-10-rgb.jpg,https://www.benjaminmoore.com/en-us/paint-colors/color/2016-10/startling-orange,"['Startling Orange', 'Matching Colors', 'Different Shades', 'Similar Colors', 'Color By Family']",/en-us/paint-colors/color/2016-10/startling-orange,2024-07-30T15:52:43Z,Startling Orange 2016-10 | Benjamin Moore,2024-07-30T15:52:42Z,Color,"A little bit goes a long way with this striking, saturated shade of orange.",30bb37ddc05b6af9c93233db417bc72bff564a8d,1,,"{'title': 'Startling <em>Orange</em> 2016-10 | Benjamin Moore', 'sections': 'Startling <em>Orange</em>', 'description': 'A little bit goes a long way with this striking, saturated shade of <em>orange</em>.', 'color_name': 'Startling <em>Orange</em>', 'page_path': '&#x2F;en-us&#x2F;paint-colors&#x2F;color&#x2F;2016-10&#x2F;startling-<em>orange</em>', 'Family': '<em>Orange</em>'}",62424b6ee7b9d2837f0f4ad2,2016-10,,,F47C1B,Startling Orange,,,,Orange,Medium,Interior,true,Color Preview&reg;
https://media.benjaminmoore.com/WebServices/prod/cdp/836x1045/orange-paint-040-hale-orange-CW-295-rgb.jpg,https://www.benjaminmoore.com/en-us/paint-colors/color/cw-295/hale-orange,"['Hale Orange', 'Matching Colors', 'Color By Family']",/en-us/paint-colors/color/cw-295/hale-orange,2024-07-30T21:47:10Z,Hale Orange CW-295 | Benjamin Moore,2024-07-03T11:14:16Z,Color,"Inspired by a shade of deep orange found in wallpapers from the early 19th century, this color is warm and earthy.",9473b662474db092364c44f35a2444943ef8b4c0,1,,"{'title': 'Hale <em>Orange</em> CW-295 | Benjamin Moore', 'sections': 'Hale <em>Orange</em>', 'description': 'Inspired by a shade of deep <em>orange</em> found in wallpapers from the early 19th century, this color is warm and earthy.', 'color_name': 'Hale <em>Orange</em>', 'page_path': '&#x2F;en-us&#x2F;paint-colors&#x2F;color&#x2F;cw-295&#x2F;hale-<em>orange</em>', 'Family': '<em>Orange</em>'}",62424ec6e7b9d2d3000f6094,CW-295,,,C87148,Hale Orange,,,,Orange,Medium,"['Interior', 'Exterior']",true,Williamsburg&reg; Paint Color Collection
https://media.benjaminmoore.com/WebServices/prod/cdp/836x1045/orange-paint-030-creamy-orange-2166-50-rgb.jpg,https://www.benjaminmoore.com/en-us/paint-colors/color/2166-50/creamy-orange,"['Creamy Orange', 'Matching Colors', 'Different Shades', 'Similar Colors', 'Color By Family']",/en-us/paint-colors/color/2166-50/creamy-orange,2024-07-21T21:03:38Z,Creamy Orange 2166-50 | Benjamin Moore,2024-07-21T21:03:37Z,Color,"A classic blend of orange and cream, this charming pastel instantly evokes memories of carefree summer days.",bd4e752fbc4fb8649cc80992fd910e092065ffd4,1,,"{'title': 'Creamy <em>Orange</em> 2166-50 | Benjamin Moore', 'sections': 'Creamy <em>Orange</em>', 'description': 'A classic blend of <em>orange</em> and cream, this charming pastel instantly evokes memories of carefree summer days.', 'color_name': 'Creamy <em>Orange</em>', 'page_path': '&#x2F;en-us&#x2F;paint-colors&#x2F;color&#x2F;2166-50&#x2F;creamy-<em>orange</em>', 'PrimaryColorFamily': '<em>Orange</em>'}",62428e4264441f8f520050f7,2166-50,Light,Warm,F1C5A0,Creamy Orange,Orange,Peach,,,,,,
https://media.benjaminmoore.com/WebServices/prod/cdp/836x1045/red-paint-001-starburst-orange-2010-30-rgb.jpg,https://www.benjaminmoore.com/en-us/paint-colors/color/2010-30/starburst-orange,"['Starburst Orange', 'Matching Colors', 'Different Shades', 'Similar Colors', 'Color By Family']",/en-us/paint-colors/color/2010-30/starburst-orange,2024-07-21T20:25:57Z,Starburst Orange 2010-30 | Benjamin Moore,2024-07-21T20:25:57Z,Color,A bright burst of saturated color that instantly brings cheer to a room.,848c38dc3fcdfa1340b2c46ae24504bc8cd7d406,1,,"{'title': 'Starburst <em>Orange</em> 2010-30 | Benjamin Moore', 'sections': 'Starburst <em>Orange</em>', 'color_name': 'Starburst <em>Orange</em>', 'page_path': '&#x2F;en-us&#x2F;paint-colors&#x2F;color&#x2F;2010-30&#x2F;starburst-<em>orange</em>'}",6243037e28ccbc4aecddaefd,2010-30,Medium,Warm,E95F4D,Starburst Orange,Red,,,,,,,
