sections,page_path,title,type,color_number,description,external_id,color_hex,image,url,published_at,Family,Shade,updated_at,color_name,Interior/Exterior,cdp,Color Collection,popularity,info,highlight,id,ColorValue,WarmCool,PrimaryColorFamily,Undertone,Opacity,Mood,Project,language,Style
"['Tucker Gray', 'Matching Colors', 'Color By Family']",/en-us/paint-colors/color/cw-705/tucker-gray,Tucker Gray CW-705 | Benjamin Moore,Color,CW-705,"In colonial homes, this shade was used both as a finish color and a base for more brilliant colors. Created using black and white pigments, it is flattering and versatile shade of gray.",cb2915e203a26efed2acd173e7e99362861d4253,909698,https://media.benjaminmoore.com/WebServices/prod/cdp/836x1045/neutral-paint-239-tucker-gray-CW-705-rgb.jpg,https://www.benjaminmoore.com/en-us/paint-colors/color/cw-705/tucker-gray,2024-07-31T04:41:08Z,Neutral,Medium,2024-07-03T11:14:15Z,Tucker Gray,"['Interior', 'Exterior']",true,Williamsburg&reg; Paint Color Collection,1,,"{'title': 'Tucker <em>Gray</em> CW-705 | Benjamin Moore', 'sections': 'Tucker <em>Gray</em>', 'description': 'In colonial homes, this shade was used both as a finish color and a base for more brilliant colors. Created using black and white pigments, it is flattering and versatile shade of <em>gray</em>.', 'color_name': 'Tucker <em>Gray</em>', 'page_path': '&#x2F;en-us&#x2F;paint-colors&#x2F;color&#x2F;cw-705&#x2F;tucker-<em>gray</em>'}",62424eee196a67f1a68968c7,,,,,,,,,
"['Delray Gray', 'Matching Colors', 'Different Shades', 'Similar Colors', 'Color By Family']",/en-us/paint-colors/color/1614/delray-gray,Delray Gray 1614 | Benjamin Moore,Color,1614,"Like the subtle shade of the sea on a foggy morning, this mid-tone neutral features a touch of blue.",37a6772ba7407fa2985b30fd0676b74ab3240525,9A9FA2,https://media.benjaminmoore.com/WebServices/prod/cdp/836x1045/neutral-paint-224-delray-gray-1614-rgb.jpg,https://www.benjaminmoore.com/en-us/paint-colors/color/1614/delray-gray,2024-07-21T23:12:18Z,,,2024-07-21T23:12:17Z,Delray Gray,,,,1,,"{'title': 'Delray <em>Gray</em> 1614 | Benjamin Moore', 'sections': 'Delray <em>Gray</em>', 'color_name': 'Delray <em>Gray</em>', 'page_path': '&#x2F;en-us&#x2F;paint-colors&#x2F;color&#x2F;1614&#x2F;delray-<em>gray</em>'}",6242623b64441fdf22003c32,Medium,Cool,Neutral,,,,,,
"['Gray Mist', 'Matching Colors', 'Different Shades', 'Similar Colors', 'Color By Family']",/en-us/paint-colors/color/962/gray-mist,Gray Mist 962 | Benjamin Moore,Color,962,Hushed greige tones broaden the versatility of this off-white.,7af02e3496db4ddfe533384a819d2f4c9b00c450,E3DFD2,https://media.benjaminmoore.com/WebServices/prod/cdp/836x1045/white-paint-250-gray-mist-962-rgb.jpg,https://www.benjaminmoore.com/en-us/paint-colors/color/962/gray-mist,2024-07-21T23:18:37Z,,,2024-07-21T23:18:37Z,Gray Mist,,,,1,,"{'title': '<em>Gray</em> Mist 962 | Benjamin Moore', 'sections': '<em>Gray</em> Mist', 'color_name': '<em>Gray</em> Mist', 'page_path': '&#x2F;en-us&#x2F;paint-colors&#x2F;color&#x2F;962&#x2F;<em>gray</em>-mist'}",6242adce64441f7df00048f1,Light,Warm,White,Cream,,,,,
"['Baltic Gray', 'Matching Colors', 'Different Shades', 'Similar Colors', 'Color By Family']",/en-us/paint-colors/color/1467/baltic-gray,Baltic Gray 1467 | Benjamin Moore,Color,1467,A refined mid-tone with hints of greige that bring versatility.,a2a169f1261a6d4c7cc2f99b3d4c5174fed40769,B4B2AE,https://media.benjaminmoore.com/WebServices/prod/cdp/836x1045/neutral-paint-216-baltic-gray-1467-rgb.jpg,https://www.benjaminmoore.com/en-us/paint-colors/color/1467/baltic-gray,2024-07-22T02:51:25Z,,,2024-07-22T02:51:24Z,Baltic Gray,,,,1,,"{'title': 'Baltic <em>Gray</em> 1467 | Benjamin Moore', 'sections': 'Baltic <em>Gray</em>', 'color_name': 'Baltic <em>Gray</em>', 'page_path': '&#x2F;en-us&#x2F;paint-colors&#x2F;color&#x2F;1467&#x2F;baltic-<em>gray</em>', 'Undertone': '<em>Gray</em>'}",6242bbc564441f72bd004dea,Medium,Cool,Neutral,Gray,,,,,
"['Gray Huskie', 'Matching Colors', 'Different Shades', 'Similar Colors', 'Color By Family']",/en-us/paint-colors/color/1473/gray-huskie,Gray Huskie 1473 | Benjamin Moore,Color,1473,"An easy-going, adaptable hue that exudes effortless sophistication.",cfeb5305ab0dd632638fbdabbd3417b2cf31cfa0,B6B4AC,https://media.benjaminmoore.com/WebServices/prod/cdp/836x1045/neutral-paint-230-gray-huskie-1473-rgb.jpg,https://www.benjaminmoore.com/en-us/paint-colors/color/1473/gray-huskie,2024-07-21T22:48:09Z,,,2024-07-21T22:48:08Z,Gray Huskie,,,,1,,"{'title': '<em>Gray</em> Huskie 1473 | Benjamin Moore', 'sections': '<em>Gray</em> Huskie', 'color_name': '<em>Gray</em> Huskie', 'page_path': '&#x2F;en-us&#x2F;paint-colors&#x2F;color&#x2F;1473&#x2F;<em>gray</em>-huskie', 'Undertone': '<em>Gray</em>'}",6242e66a28ccbcac2cddbe51,Medium,Cool,Neutral,Gray,,,,,
"['Senora Gray', 'Matching Colors', 'Different Shades', 'Similar Colors', 'Color By Family']",/en-us/paint-colors/color/1530/senora-gray,Senora Gray 1530 | Benjamin Moore,Color,1530,"A muted mid-tone, this warm neutral features hints of green.",7a7890306e5d2960fe29be78564655fdacdc3705,C0BBA9,https://media.benjaminmoore.com/WebServices/prod/cdp/836x1045/neutral-paint-193-senora-gray-1530-rgb.jpg,https://www.benjaminmoore.com/en-us/paint-colors/color/1530/senora-gray,2024-07-22T04:34:44Z,,,2024-07-22T04:34:44Z,Senora Gray,,,,1,,"{'title': 'Senora <em>Gray</em> 1530 | Benjamin Moore', 'sections': 'Senora <em>Gray</em>', 'color_name': 'Senora <em>Gray</em>', 'page_path': '&#x2F;en-us&#x2F;paint-colors&#x2F;color&#x2F;1530&#x2F;senora-<em>gray</em>'}",624287c028ccbcaf85dd9d94,Medium,Warm,Neutral,,,,,,
"['Rock Gray', 'Matching Colors', 'Different Shades', 'Similar Colors', 'Color By Family']",/en-us/paint-colors/color/1615/rock-gray,Rock Gray 1615 | Benjamin Moore,Color,1615,"This organic hue features an infusion of blue, reminiscent of ocean-smoothed stones.",a8b234f37b416a3bbdbce65a770e8cbd2568a024,7F8386,https://media.benjaminmoore.com/WebServices/prod/cdp/836x1045/neutral-paint-224-rock-gray-1615-rgb.jpg,https://www.benjaminmoore.com/en-us/paint-colors/color/1615/rock-gray,2024-07-22T03:58:12Z,,,2024-07-22T03:58:11Z,Rock Gray,,,,1,,"{'title': 'Rock <em>Gray</em> 1615 | Benjamin Moore', 'sections': 'Rock <em>Gray</em>', 'color_name': 'Rock <em>Gray</em>', 'page_path': '&#x2F;en-us&#x2F;paint-colors&#x2F;color&#x2F;1615&#x2F;rock-<em>gray</em>'}",62424f9464441fde9b006279,Medium,Cool,Neutral,,,,,,
"['Ashwood Gray', 'Matching Colors', 'Different Shades', 'Similar Colors', 'Color By Family']",/en-us/paint-colors/color/1654/ashwood-gray,Ashwood Gray 1654 | Benjamin Moore,Color,1654,"A softened sky blue with an easy, breezy appeal.",102c0a36b5e414b1c94fe33dd8c817121028b482,B9D3DA,https://media.benjaminmoore.com/WebServices/prod/cdp/836x1045/blue-paint-132-ashwood-gray-1654-rgb.jpg,https://www.benjaminmoore.com/en-us/paint-colors/color/1654/ashwood-gray,2024-07-22T04:52:26Z,,,2024-07-22T04:52:26Z,Ashwood Gray,,,,1,,"{'title': 'Ashwood <em>Gray</em> 1654 | Benjamin Moore', 'sections': 'Ashwood <em>Gray</em>', 'color_name': 'Ashwood <em>Gray</em>', 'page_path': '&#x2F;en-us&#x2F;paint-colors&#x2F;color&#x2F;1654&#x2F;ashwood-<em>gray</em>'}",6242e226196a67eee889664e,Light,Cool,,,,,,,
"['Pelican Gray', 'Matching Colors', 'Different Shades', 'Similar Colors', 'Color By Family']",/en-us/paint-colors/color/1612/pelican-gray,Pelican Gray 1612 | Benjamin Moore,Color,1612,"This cool, pale, peaceful neutral adds a soothing quality to any space.",e7e68e377607f78f451b8aa3ffbb9894c5baeec5,C6CBCC,https://media.benjaminmoore.com/WebServices/prod/cdp/836x1045/neutral-paint-224-pelican-gray-1612-rgb.jpg,https://www.benjaminmoore.com/en-us/paint-colors/color/1612/pelican-gray,2024-07-22T03:07:50Z,,,2024-07-22T03:07:50Z,Pelican Gray,,,,1,,"{'title': 'Pelican <em>Gray</em> 1612 | Benjamin Moore', 'sections': 'Pelican <em>Gray</em>', 'color_name': 'Pelican <em>Gray</em>', 'page_path': '&#x2F;en-us&#x2F;paint-colors&#x2F;color&#x2F;1612&#x2F;pelican-<em>gray</em>'}",62427dd1e7b9d22b3c0f44fe,Light,Cool,Neutral,,,,,,
"['Powell Gray', 'Matching Colors', 'Color By Family']",/en-us/paint-colors/color/cw-665/powell-gray,Powell Gray CW-665 | Benjamin Moore,Color,CW-665,"From Colonial Williamsburg's colonial revival color palette, this pronounced, somewhat pensive color was likely found during scratch tests, the precursor to modern paint analysis.",a75ef498beae10ce3db01264254da240b984c033,5A656C,https://media.benjaminmoore.com/WebServices/prod/cdp/836x1045/neutral-paint-224-powell-gray-CW-665-rgb.jpg,https://www.benjaminmoore.com/en-us/paint-colors/color/cw-665/powell-gray,2024-07-21T00:09:42Z,,,2024-07-21T00:09:42Z,Powell Gray,,,,1,,"{'title': 'Powell <em>Gray</em> CW-665 | Benjamin Moore', 'sections': 'Powell <em>Gray</em>', 'color_name': 'Powell <em>Gray</em>', 'page_path': '&#x2F;en-us&#x2F;paint-colors&#x2F;color&#x2F;cw-665&#x2F;powell-<em>gray</em>'}",62473eef28ccbcd881ddb56b,Dark,Cool,Neutral,,,,,,
"['Annapolis Gray', 'Matching Colors', 'Similar Colors', 'Color By Family']",/en-us/paint-colors/color/hc-176/annapolis-gray,Annapolis Gray HC-176 | Benjamin Moore,Color,HC-176,"With its rosy taupe cast, this effortless neutral brings just a blush of color to the space.",7835cf31ee5aca0c808d2f76d075aba5db78b4f4,C9BEAF,https://media.benjaminmoore.com/WebServices/prod/cdp/836x1045/neutral-paint-182-annapolis-gray-HC-176-rgb.jpg,https://www.benjaminmoore.com/en-us/paint-colors/color/hc-176/annapolis-gray,2024-07-21T22:04:53Z,,,2024-07-21T22:04:52Z,Annapolis Gray,,,,1,,"{'title': 'Annapolis <em>Gray</em> HC-176 | Benjamin Moore', 'sections': 'Annapolis <em>Gray</em>', 'color_name': 'Annapolis <em>Gray</em>', 'page_path': '&#x2F;en-us&#x2F;paint-colors&#x2F;color&#x2F;hc-176&#x2F;annapolis-<em>gray</em>'}",6242de07e7b9d236e40f46a7,Medium,Warm,Neutral,Beige,,,,,
"['Gray Mist', 'Matching Colors', 'Similar Colors', 'Color By Family']",/en-us/paint-colors/color/cc-80/gray-mist,Gray Mist CC-80 | Benjamin Moore,Color,CC-80,Hushed greige tones broaden the versatility of this off-white.,16d6b18e0964305c493a751c98a966eae7d4dd0e,E3DFD2,https://media.benjaminmoore.com/WebServices/prod/cdp/836x1045/white-paint-250-gray-mist-CC-80-rgb.jpg,https://www.benjaminmoore.com/en-us/paint-colors/color/cc-80/gray-mist,2024-07-21T20:52:54Z,,,2024-07-21T20:52:53Z,Gray Mist,,,,1,,"{'title': '<em>Gray</em> Mist CC-80 | Benjamin Moore', 'sections': '<em>Gray</em> Mist', 'color_name': '<em>Gray</em> Mist', 'page_path': '&#x2F;en-us&#x2F;paint-colors&#x2F;color&#x2F;cc-80&#x2F;<em>gray</em>-mist', 'Undertone': '<em>Gray</em>'}",6242b514e7b9d2f0690f4377,Light,Warm,White,Gray,,,,,
"['Richmond Gray', 'Matching Colors', 'Similar Colors', 'Color By Family']",/en-us/paint-colors/color/hc-96/richmond-gray,Richmond Gray HC-96 | Benjamin Moore,Color,HC-96,A beige with distinct green undertones.,e1d7aec0377be1c8573728edc3ba749599edd63d,CEC7AA,https://media.benjaminmoore.com/WebServices/prod/cdp/836x1045/neutral-paint-205-richmond-gray-HC-96-rgb.jpg,https://www.benjaminmoore.com/en-us/paint-colors/color/hc-96/richmond-gray,2024-07-21T23:58:05Z,,,2024-07-21T23:58:05Z,Richmond Gray,,,,1,,"{'title': 'Richmond <em>Gray</em> HC-96 | Benjamin Moore', 'sections': 'Richmond <em>Gray</em>', 'color_name': 'Richmond <em>Gray</em>', 'page_path': '&#x2F;en-us&#x2F;paint-colors&#x2F;color&#x2F;hc-96&#x2F;richmond-<em>gray</em>'}",6243053528ccbcf616ddacd2,Medium,Warm,Neutral,,,,,,
"['Gray Mist', 'Matching Colors', 'Similar Colors', 'Color By Family']",/en-us/paint-colors/color/oc-30/gray-mist,Gray Mist OC-30 | Benjamin Moore,Color,OC-30,Hushed greige tones broaden the versatility of this off-white.,2e7ed3e3ff9b155206f9a161d65973f29a789d4b,E3DFD2,https://media.benjaminmoore.com/WebServices/prod/cdp/836x1045/white-paint-250-gray-mist-OC-30-rgb.jpg,https://www.benjaminmoore.com/en-us/paint-colors/color/oc-30/gray-mist,2024-07-22T00:04:38Z,,,2024-07-22T00:04:38Z,Gray Mist,,,,1,,"{'title': '<em>Gray</em> Mist OC-30 | Benjamin Moore', 'sections': '<em>Gray</em> Mist', 'color_name': '<em>Gray</em> Mist', 'page_path': '&#x2F;en-us&#x2F;paint-colors&#x2F;color&#x2F;oc-30&#x2F;<em>gray</em>-mist', 'Undertone': '<em>Gray</em>'}",6242693628ccbcc76adda331,Light,Warm,White,Gray,,,,,
"['Templeton Gray', 'Matching Colors', 'Different Shades', 'Similar Colors', 'Color By Family']",/en-us/paint-colors/color/hc-161/templeton-gray,Templeton Gray HC-161 | Benjamin Moore,Color,HC-161,A stylish blue-green with intriguing depth.,5d334cb7866a7faaf6d427bdc4b54616e1e5704a,778686,https://media.benjaminmoore.com/WebServices/prod/cdp/836x1045/blue-paint-209-templeton-gray-HC-161-rgb.jpg,https://www.benjaminmoore.com/en-us/paint-colors/color/hc-161/templeton-gray,2024-07-21T23:21:01Z,,,2024-07-21T23:21:00Z,Templeton Gray,,,,1,,"{'title': 'Templeton <em>Gray</em> HC-161 | Benjamin Moore', 'sections': 'Templeton <em>Gray</em>', 'color_name': 'Templeton <em>Gray</em>', 'page_path': '&#x2F;en-us&#x2F;paint-colors&#x2F;color&#x2F;hc-161&#x2F;templeton-<em>gray</em>'}",624286fe28ccbc7a02dd9cd1,Medium,Cool,,,,,,,
"['Wedgewood Gray', 'Matching Colors', 'Different Shades', 'Similar Colors', 'Color By Family']",/en-us/paint-colors/color/hc-146/wedgewood-gray,Wedgewood Gray HC-146 | Benjamin Moore,Color,HC-146,A classic soft blue with endless versatility.,50919b5c8baff93b62916b7d5e99df1ad9ba81eb,ACBFBD,https://media.benjaminmoore.com/WebServices/prod/cdp/836x1045/blue-paint-117-wedgewood-gray-HC-146-rgb.jpg,https://www.benjaminmoore.com/en-us/paint-colors/color/hc-146/wedgewood-gray,2024-07-22T00:33:26Z,,,2024-07-22T00:33:25Z,Wedgewood Gray,,,,1,,"{'title': 'Wedgewood <em>Gray</em> HC-146 | Benjamin Moore', 'sections': 'Wedgewood <em>Gray</em>', 'color_name': 'Wedgewood <em>Gray</em>', 'page_path': '&#x2F;en-us&#x2F;paint-colors&#x2F;color&#x2F;hc-146&#x2F;wedgewood-<em>gray</em>', 'Undertone': '<em>Gray</em>'}",62429862e7b9d2d01d0f60b3,Medium,Cool,,Gray,,,,,
"['Gravel Gray', 'Matching Colors', 'Different Shades', 'Similar Colors', 'Color By Family']",/en-us/paint-colors/color/2127-30/gravel-gray,Gravel Gray 2127-30 | Benjamin Moore,Color,2127-30,A soft shade of black with a slightly cool cast.,f6a96f7a2f6cfe98d1f337c5347987f201be173e,444A50,https://media.benjaminmoore.com/WebServices/prod/cdp/836x1045/neutral-paint-229-gravel-gray-2127-30-rgb.jpg,https://www.benjaminmoore.com/en-us/paint-colors/color/2127-30/gravel-gray,2024-07-22T00:44:20Z,,,2024-07-22T00:44:20Z,Gravel Gray,,,,1,,"{'title': 'Gravel <em>Gray</em> 2127-30 | Benjamin Moore', 'sections': 'Gravel <em>Gray</em>', 'color_name': 'Gravel <em>Gray</em>', 'page_path': '&#x2F;en-us&#x2F;paint-colors&#x2F;color&#x2F;2127-30&#x2F;gravel-<em>gray</em>'}",62425af164441fe34e004eaa,Dark,Cool,Neutral,,,,,,
"['Gray Gardens', 'Matching Colors', 'Different Shades', 'Similar Colors', 'Color By Family']",/en-us/paint-colors/color/csp-55/gray-gardens,Gray Gardens CSP-55 | Benjamin Moore,Color,CSP-55,"Autumn is upon the old manse. Its romantic, neglected gardens mirror the tone of the old estate with surprising warmth against the chill. ",3dc051df32fa0b086796b871a3ed61d84165c9b4,717571,https://media.benjaminmoore.com/WebServices/prod/cdp/836x1045/neutral-paint-233-gray-gardens-CSP-55-rgb.jpg,https://www.benjaminmoore.com/en-us/paint-colors/color/csp-55/gray-gardens,2024-07-22T00:54:49Z,,,2024-07-22T00:54:49Z,Gray Gardens,,,,1,,"{'title': '<em>Gray</em> Gardens CSP-55 | Benjamin Moore', 'sections': '<em>Gray</em> Gardens', 'color_name': '<em>Gray</em> Gardens', 'page_path': '&#x2F;en-us&#x2F;paint-colors&#x2F;color&#x2F;csp-55&#x2F;<em>gray</em>-gardens'}",6242ed45e7b9d25ff80f42c3,Dark,Cool,Neutral,,,,,,
"['Nordic Gray', 'Matching Colors', 'Different Shades', 'Similar Colors', 'Color By Family']",/en-us/paint-colors/color/cc-576/nordic-gray,Nordic Gray CC-576 | Benjamin Moore,Color,CC-576,A touch of golden olive warms up this taupe hue.,c75adec90160210ff9f1ca153e535502f122a1b4,9E9079,https://media.benjaminmoore.com/WebServices/prod/cdp/836x1045/neutral-paint-184-nordic-gray-CC-576-rgb.jpg,https://www.benjaminmoore.com/en-us/paint-colors/color/cc-576/nordic-gray,2024-06-28T18:09:07Z,,,2024-06-28T18:09:06Z,Nordic Gray,,,,1,,"{'title': 'Nordic <em>Gray</em> CC-576 | Benjamin Moore', 'sections': 'Nordic <em>Gray</em>', 'color_name': 'Nordic <em>Gray</em>', 'page_path': '&#x2F;en-us&#x2F;paint-colors&#x2F;color&#x2F;cc-576&#x2F;nordic-<em>gray</em>'}",62473445196a673c8289682a,Medium,Warm,Neutral,Brown,,,,,
"['Beige Gray', 'Discover This Color in Woodluxe Exterior Stains', 'Explore the Woodluxe Collection']",/en-us/paint-colors/color/es-51/beige-gray,Beige Gray ES-51 | Benjamin Moore,Color,ES-51,A warm and inviting neutral hue that enriches wood in a subtle range of soft browns. Exclusive to Woodluxe® stain products.,a27a5e8257ba32fb715bfd3e243c6b0aabaac9d9,A2947F,https://media.benjaminmoore.com/WebServices/prod/cdp/836x1045/Woodluxe-CDP-Outdoor-Seating-Beige-Gray-ES-51-RGB.jpg,https://www.benjaminmoore.com/en-us/paint-colors/color/es-51/beige-gray,2024-07-21T21:26:10Z,,,2024-07-21T21:26:09Z,Beige Gray,,,,1,,"{'title': 'Beige <em>Gray</em> ES-51 | Benjamin Moore', 'sections': 'Beige <em>Gray</em>', 'color_name': 'Beige <em>Gray</em>', 'page_path': '&#x2F;en-us&#x2F;paint-colors&#x2F;color&#x2F;es-51&#x2F;beige-<em>gray</em>'}",656d6bf728ccbca279259a1e,,,,,,,,,
"[""Gentleman's Gray"", 'Matching Colors', 'Different Shades', 'Similar Colors', 'Color By Family']",/en-us/paint-colors/color/2062-20/gentlemans-gray,Gentleman's Gray 2062-20 | Benjamin Moore,Color,2062-20,A blackened teal blue beloved for its balance of richness and restraint.,7ffee126a33e897e7463f3e46209b1626cf54e42,304656,https://media.benjaminmoore.com/WebServices/prod/cdp/836x1045/blue-paint-137-gentlemans-gray-2062-20-rgb.jpg,https://www.benjaminmoore.com/en-us/paint-colors/color/2062-20/gentlemans-gray,2024-07-21T22:04:21Z,,,2024-07-21T22:04:20Z,Gentleman's Gray,,,,1,,"{'title': 'Gentleman&#x27;s <em>Gray</em> 2062-20 | Benjamin Moore', 'sections': 'Gentleman&#x27;s <em>Gray</em>', 'color_name': 'Gentleman&#x27;s <em>Gray</em>', 'page_path': '&#x2F;en-us&#x2F;paint-colors&#x2F;color&#x2F;2062-20&#x2F;gentlemans-<em>gray</em>'}",6242b23ae7b9d277640f6343,Dark,Cool,,,,,,,
"['Seattle Gray', 'Matching Colors', 'Different Shades', 'Similar Colors', 'Color By Family']",/en-us/paint-colors/color/2130-70/seattle-gray,Seattle Gray 2130-70 | Benjamin Moore,Color,2130-70,"A pale, muted silver-blue evocative of misty skies.",7510254d4669819bebe5490df95d33bacf4fd050,DCE1E4,https://media.benjaminmoore.com/WebServices/prod/cdp/836x1045/white-paint-238-seattle-gray-2130-70-rgb.jpg,https://www.benjaminmoore.com/en-us/paint-colors/color/2130-70/seattle-gray,2024-07-21T22:46:30Z,,,2024-07-21T22:46:29Z,Seattle Gray,,,,1,,"{'title': 'Seattle <em>Gray</em> 2130-70 | Benjamin Moore', 'sections': 'Seattle <em>Gray</em>', 'color_name': 'Seattle <em>Gray</em>', 'page_path': '&#x2F;en-us&#x2F;paint-colors&#x2F;color&#x2F;2130-70&#x2F;seattle-<em>gray</em>'}",6242c9f2196a67d3a8894741,Light,Cool,White,,,,,,
"['Hancock Gray', 'Matching Colors', 'Different Shades', 'Similar Colors', 'Color By Family']",/en-us/paint-colors/color/hc-97/hancock-gray,Hancock Gray HC-97 | Benjamin Moore,Color,HC-97,A muted moss with a hint of brown.,093b29573e2858f67215e14fc3377ab7705ae29f,968D70,https://media.benjaminmoore.com/WebServices/prod/cdp/836x1045/green-paint-189-hancock-gray-HC-97-rgb.jpg,https://www.benjaminmoore.com/en-us/paint-colors/color/hc-97/hancock-gray,2024-07-22T03:46:14Z,,,2024-07-22T03:46:14Z,Hancock Gray,,,,1,,"{'title': 'Hancock <em>Gray</em> HC-97 | Benjamin Moore', 'sections': 'Hancock <em>Gray</em>', 'color_name': 'Hancock <em>Gray</em>', 'page_path': '&#x2F;en-us&#x2F;paint-colors&#x2F;color&#x2F;hc-97&#x2F;hancock-<em>gray</em>'}",6242b7b628ccbc57e4dda669,Medium,Warm,,Brown,,,,,
"['Kingsport Gray', 'Matching Colors', 'Different Shades', 'Similar Colors', 'Color By Family']",/en-us/paint-colors/color/hc-86/kingsport-gray,Kingsport Gray HC-86 | Benjamin Moore,Color,HC-86,A versatile taupe that delivers understated drama.,8ec7fcdb23b8aee0869f065203780ea37adc9e7a,948674,https://media.benjaminmoore.com/WebServices/prod/cdp/836x1045/neutral-paint-207-kingsport-gray-HC-86-rgb.jpg,https://www.benjaminmoore.com/en-us/paint-colors/color/hc-86/kingsport-gray,2024-07-22T00:13:36Z,,,2024-07-22T00:13:35Z,Kingsport Gray,,,,1,,"{'title': 'Kingsport <em>Gray</em> HC-86 | Benjamin Moore', 'sections': 'Kingsport <em>Gray</em>', 'color_name': 'Kingsport <em>Gray</em>', 'page_path': '&#x2F;en-us&#x2F;paint-colors&#x2F;color&#x2F;hc-86&#x2F;kingsport-<em>gray</em>', 'Undertone': '<em>Gray</em>'}",6242dcca196a67623d89694f,Medium,Warm,Neutral,Gray,,,,,
"['Gray Lake', 'Matching Colors', 'Different Shades', 'Similar Colors', 'Color By Family']",/en-us/paint-colors/color/2138-70/gray-lake,Gray Lake 2138-70 | Benjamin Moore,Color,2138-70,A pale silver with the slightest glint of green.,58b9bddd30267e9e90aea0c603997522c4cc5306,E4E8E2,https://media.benjaminmoore.com/WebServices/prod/cdp/836x1045/white-paint-214-gray-lake-2138-70-rgb.jpg,https://www.benjaminmoore.com/en-us/paint-colors/color/2138-70/gray-lake,2024-07-22T01:31:20Z,,,2024-07-22T01:31:20Z,Gray Lake,,,,1,,"{'title': '<em>Gray</em> Lake 2138-70 | Benjamin Moore', 'sections': '<em>Gray</em> Lake', 'color_name': '<em>Gray</em> Lake', 'page_path': '&#x2F;en-us&#x2F;paint-colors&#x2F;color&#x2F;2138-70&#x2F;<em>gray</em>-lake'}",6242acbb28ccbcce65ddb7f4,Light,Cool,White,,,,,,
"['Nocturnal Gray', 'Matching Colors', 'Different Shades', 'Similar Colors', 'Color By Family']",/en-us/paint-colors/color/2135-30/nocturnal-gray,Nocturnal Gray 2135-30 | Benjamin Moore,Color,2135-30,"A smoky charcoal with a hint of teal, this dark hue channels the moody allure of evening.",9028308d4df50ba9108c292198b60a8b03a9d417,55656B,https://media.benjaminmoore.com/WebServices/prod/cdp/836x1045/blue-paint-218-nocturnal-gray-2135-30-rgb.jpg,https://www.benjaminmoore.com/en-us/paint-colors/color/2135-30/nocturnal-gray,2024-07-21T23:42:26Z,,,2024-07-21T23:42:25Z,Nocturnal Gray,,,,1,,"{'title': 'Nocturnal <em>Gray</em> 2135-30 | Benjamin Moore', 'sections': 'Nocturnal <em>Gray</em>', 'color_name': 'Nocturnal <em>Gray</em>', 'page_path': '&#x2F;en-us&#x2F;paint-colors&#x2F;color&#x2F;2135-30&#x2F;nocturnal-<em>gray</em>', 'Undertone': '<em>Gray</em>'}",624293a164441ffe9f005398,Dark,Cool,,Gray,,,,,
"['Crownsville Gray', 'Matching Colors', 'Different Shades', 'Similar Colors', 'Color By Family']",/en-us/paint-colors/color/hc-106/crownsville-gray,Crownsville Gray HC-106 | Benjamin Moore,Color,HC-106,"A deep, dignified greenish brown.",f59a3b954b9349adc153ec72c9de18b884b7bc38,867F69,https://media.benjaminmoore.com/WebServices/prod/cdp/836x1045/green-paint-210-crownsville-gray-HC-106-rgb.jpg,https://www.benjaminmoore.com/en-us/paint-colors/color/hc-106/crownsville-gray,2024-07-31T00:48:00Z,Green,Dark,2024-07-31T00:47:59Z,Crownsville Gray,"['Interior', 'Exterior']",true,Historical Colors,1,,"{'title': 'Crownsville <em>Gray</em> HC-106 | Benjamin Moore', 'sections': 'Crownsville <em>Gray</em>', 'color_name': 'Crownsville <em>Gray</em>', 'page_path': '&#x2F;en-us&#x2F;paint-colors&#x2F;color&#x2F;hc-106&#x2F;crownsville-<em>gray</em>'}",6242ee8be7b9d276590f459c,,,,,,,,,
"['Bennington Gray', 'Matching Colors', 'Different Shades', 'Similar Colors', 'Color By Family', 'Discover This Color in Woodluxe Exterior Stains', 'Explore the Woodluxe Collection']",/en-us/paint-colors/color/hc-82/bennington-gray,Bennington Gray HC-82 | Benjamin Moore,Color,HC-82,An adaptable greige with nuanced warm and cool undertones.,fad6b4dccdef9129abc4233d249fbca38a016fa7,C2B59A,https://media.benjaminmoore.com/WebServices/prod/cdp/836x1045/neutral-paint-198-bennington-gray-HC-82-rgb.jpg,https://www.benjaminmoore.com/en-us/paint-colors/color/hc-82/bennington-gray,2024-07-31T19:02:41Z,"['Brown', 'Neutral']",Medium,2024-07-20T18:44:20Z,Bennington Gray,"['Interior', 'Exterior']",true,"['Historical Colors', 'Woodluxe<sup><small>&reg;</small></sup> Exterior Wood Stain Colors']",1,,"{'title': 'Bennington <em>Gray</em> HC-82 | Benjamin Moore', 'sections': 'Bennington <em>Gray</em>', 'color_name': 'Bennington <em>Gray</em>', 'page_path': '&#x2F;en-us&#x2F;paint-colors&#x2F;color&#x2F;hc-82&#x2F;bennington-<em>gray</em>'}",62425e25196a6798ed8959b0,,,,,"['Semi-Solid', 'Semi-Transparent', 'Solid', 'Ultra Flat Solid']",Timeless,"['Deck', 'Fence', 'Office']",,
"['Touch of Gray', 'Matching Colors', 'Different Shades', 'Similar Colors', 'Color By Family']",/en-us/paint-colors/color/2116-60/touch-of-gray,Touch of Gray 2116-60 | Benjamin Moore,Color,2116-60,"A delicate violet with a trace of pink, this pastel hue brings a graceful ease to any space.",f5b6a349a31e036e289b28e36061160cfddd94d8,DCD6DD,https://media.benjaminmoore.com/WebServices/prod/cdp/836x1045/purple-paint-153-touch-of-gray-2116-60-rgb.jpg,https://www.benjaminmoore.com/en-us/paint-colors/color/2116-60/touch-of-gray,2024-07-22T04:48:43Z,,,2024-07-22T04:48:43Z,Touch of Gray,,,,1,,"{'title': 'Touch of <em>Gray</em> 2116-60 | Benjamin Moore', 'sections': 'Touch of <em>Gray</em>', 'color_name': 'Touch of <em>Gray</em>', 'page_path': '&#x2F;en-us&#x2F;paint-colors&#x2F;color&#x2F;2116-60&#x2F;touch-of-<em>gray</em>', 'Undertone': '<em>Gray</em>'}",6242ed02196a670def8959eb,Light,Cool,,Gray,,,,,
"['Old Salem Gray', 'Matching Colors', 'Different Shades', 'Similar Colors', 'Color By Family']",/en-us/paint-colors/color/hc-94/old-salem-gray,Old Salem Gray HC-94 | Benjamin Moore,Color,HC-94,Brownish gray undertones ground this olive hue.,ed860774f3fc0d31f128fb22b0442174be892021,A49A79,https://media.benjaminmoore.com/WebServices/prod/cdp/836x1045/green-paint-205-old-salem-gray-HC-94-rgb.jpg,https://www.benjaminmoore.com/en-us/paint-colors/color/hc-94/old-salem-gray,2024-07-22T00:20:54Z,,,2024-07-22T00:20:54Z,Old Salem Gray,,,,1,,"{'title': 'Old Salem <em>Gray</em> HC-94 | Benjamin Moore', 'sections': 'Old Salem <em>Gray</em>', 'description': 'Brownish <em>gray</em> undertones ground this olive hue.', 'color_name': 'Old Salem <em>Gray</em>', 'page_path': '&#x2F;en-us&#x2F;paint-colors&#x2F;color&#x2F;hc-94&#x2F;old-salem-<em>gray</em>'}",6242bea128ccbcd657dda9d2,Medium,Warm,,Yellow,,,,,
"['La Paloma Gray', 'Matching Colors', 'Different Shades', 'Similar Colors', 'Color By Family']",/en-us/paint-colors/color/1551/la-paloma-gray,La Paloma Gray 1551 | Benjamin Moore,Color,1551,A cool gray reminiscent of a gently cooing dove.,62a4bd95f6b09521aafb614ec27da9f02500d7cb,B8B4AC,https://media.benjaminmoore.com/WebServices/prod/cdp/836x1045/neutral-paint-201-la-paloma-gray-1551-rgb.jpg,https://www.benjaminmoore.com/en-us/paint-colors/color/1551/la-paloma-gray,2024-07-21T20:03:29Z,,,2024-07-21T20:03:28Z,La Paloma Gray,,,,1,,"{'title': 'La Paloma <em>Gray</em> 1551 | Benjamin Moore', 'sections': 'La Paloma <em>Gray</em>', 'description': 'A cool <em>gray</em> reminiscent of a gently cooing dove.', 'color_name': 'La Paloma <em>Gray</em>', 'page_path': '&#x2F;en-us&#x2F;paint-colors&#x2F;color&#x2F;1551&#x2F;la-paloma-<em>gray</em>', 'Undertone': '<em>Gray</em>'}",6242cff5e7b9d269a70f5898,Medium,Cool,Neutral,Gray,,,,,
"['Steep Cliff Gray', 'Matching Colors', 'Different Shades', 'Similar Colors', 'Color By Family']",/en-us/paint-colors/color/2122-20/steep-cliff-gray,Steep Cliff Gray 2122-20 | Benjamin Moore,Color,2122-20,Cool green undertones bring elegant character to this dark gray.,7acbd190cd7b3489e79808397c14b22c50762a97,6E7C7D,https://media.benjaminmoore.com/WebServices/prod/cdp/836x1045/blue-paint-125-steep-cliff-gray-2122-20-rgb.jpg,https://www.benjaminmoore.com/en-us/paint-colors/color/2122-20/steep-cliff-gray,2024-07-22T01:06:21Z,,,2024-07-22T01:06:21Z,Steep Cliff Gray,,,,1,,"{'title': 'Steep Cliff <em>Gray</em> 2122-20 | Benjamin Moore', 'sections': 'Steep Cliff <em>Gray</em>', 'description': 'Cool green undertones bring elegant character to this dark <em>gray</em>.', 'color_name': 'Steep Cliff <em>Gray</em>', 'page_path': '&#x2F;en-us&#x2F;paint-colors&#x2F;color&#x2F;2122-20&#x2F;steep-cliff-<em>gray</em>'}",62429897e7b9d2c3790f3a7b,Dark,Cool,,,,,,,
"['Storm Cloud Gray', 'Matching Colors', 'Different Shades', 'Similar Colors', 'Color By Family']",/en-us/paint-colors/color/2140-40/storm-cloud-gray,Storm Cloud Gray 2140-40 | Benjamin Moore,Color,2140-40,"Hazy green tones lend a moody, enigmatic quality to this dark gray.",5d127fd0c148593803935368b60495a00ed0af7d,919284,https://media.benjaminmoore.com/WebServices/prod/cdp/836x1045/green-paint-221-storm-cloud-gray-2140-40-rgb.jpg,https://www.benjaminmoore.com/en-us/paint-colors/color/2140-40/storm-cloud-gray,2024-07-21T21:10:28Z,,,2024-07-21T21:10:27Z,Storm Cloud Gray,,,,1,,"{'title': 'Storm Cloud <em>Gray</em> 2140-40 | Benjamin Moore', 'sections': 'Storm Cloud <em>Gray</em>', 'description': 'Hazy green tones lend a moody, enigmatic quality to this dark <em>gray</em>.', 'color_name': 'Storm Cloud <em>Gray</em>', 'page_path': '&#x2F;en-us&#x2F;paint-colors&#x2F;color&#x2F;2140-40&#x2F;storm-cloud-<em>gray</em>', 'Undertone': '<em>Gray</em>'}",6242aca9196a674cf889498c,Medium,Cool,,Gray,,,,,
"['Gray Timber Wolf', 'Matching Colors', 'Different Shades', 'Similar Colors', 'Color By Family']",/en-us/paint-colors/color/2126-50/gray-timber-wolf,Gray Timber Wolf 2126-50 | Benjamin Moore,Color,2126-50,"Freshened with a hint of blue, this medium gray has wide appeal.",78df7a180928761f4bb13bdb3a81720045dc16b1,BAC1C6,https://media.benjaminmoore.com/WebServices/prod/cdp/836x1045/neutral-paint-228-gray-timber-wolf-2126-50-rgb.jpg,https://www.benjaminmoore.com/en-us/paint-colors/color/2126-50/gray-timber-wolf,2024-07-22T04:16:11Z,,,2024-07-22T04:16:11Z,Gray Timber Wolf,,,,1,,"{'title': '<em>Gray</em> Timber Wolf 2126-50 | Benjamin Moore', 'sections': '<em>Gray</em> Timber Wolf', 'description': 'Freshened with a hint of blue, this medium <em>gray</em> has wide appeal.', 'color_name': '<em>Gray</em> Timber Wolf', 'page_path': '&#x2F;en-us&#x2F;paint-colors&#x2F;color&#x2F;2126-50&#x2F;<em>gray</em>-timber-wolf'}",6242623b196a67d2e5894955,Medium,Cool,Neutral,,,,,,
"['Mt. Rainier Gray', 'Matching Colors', 'Different Shades', 'Similar Colors', 'Color By Family']",/en-us/paint-colors/color/2129-60/mt-rainier-gray,Mt. Rainier Gray 2129-60 | Benjamin Moore,Color,2129-60,Touches of icy blue and sleek gray come together in this soothing shade.,8fd49960cf3e225b7c846de185732edb6080a8ac,C1CDD3,https://media.benjaminmoore.com/WebServices/prod/cdp/836x1045/blue-paint-242-mt-rainier-gray-2129-60-rgb.jpg,https://www.benjaminmoore.com/en-us/paint-colors/color/2129-60/mt-rainier-gray,2024-07-22T01:22:33Z,,,2024-07-22T01:22:32Z,Mt. Rainier Gray,,,,1,,"{'title': 'Mt. Rainier <em>Gray</em> 2129-60 | Benjamin Moore', 'sections': 'Mt. Rainier <em>Gray</em>', 'description': 'Touches of icy blue and sleek <em>gray</em> come together in this soothing shade.', 'color_name': 'Mt. Rainier <em>Gray</em>', 'page_path': '&#x2F;en-us&#x2F;paint-colors&#x2F;color&#x2F;2129-60&#x2F;mt-rainier-<em>gray</em>', 'Undertone': '<em>Gray</em>'}",6242b32d64441fabca005b38,Light,Cool,,Gray,,,,,
"[""Pike's Peak Gray"", 'Matching Colors', 'Different Shades', 'Similar Colors', 'Color By Family']",/en-us/paint-colors/color/2127-50/pikes-peak-gray,Pike's Peak Gray 2127-50 | Benjamin Moore,Color,2127-50,"Cool and ebullient, this versatile medium gray suggests a soaring, snow-covered mountain.",469c262f694283ac9fad5751c08829783d1e5c47,A0AAB1,https://media.benjaminmoore.com/WebServices/prod/cdp/836x1045/neutral-paint-229-pikes-peak-gray-2127-50-rgb.jpg,https://www.benjaminmoore.com/en-us/paint-colors/color/2127-50/pikes-peak-gray,2024-07-21T23:38:30Z,,,2024-07-21T23:38:29Z,Pike's Peak Gray,,,,1,,"{'title': 'Pike&#x27;s Peak <em>Gray</em> 2127-50 | Benjamin Moore', 'sections': 'Pike&#x27;s Peak <em>Gray</em>', 'description': 'Cool and ebullient, this versatile medium <em>gray</em> suggests a soaring, snow-covered mountain.', 'color_name': 'Pike&#x27;s Peak <em>Gray</em>', 'page_path': '&#x2F;en-us&#x2F;paint-colors&#x2F;color&#x2F;2127-50&#x2F;pikes-peak-<em>gray</em>'}",62427d8e64441f71b7006015,Medium,Cool,Neutral,,,,,,
"['Sea Gull Gray', 'Discover This Color in Woodluxe Exterior Stains', 'Explore the Woodluxe Collection']",/en-us/paint-colors/color/es-72/sea-gull-gray,Sea Gull Gray ES-72 | Benjamin Moore,Color,ES-72,A perfectly balanced neutral gray to boost curb appeal. Exclusive to Woodluxe® stain products.,697ff7dc46a28e42a0ba7ec7fa3d87a25fe4a193,AEAA9D,https://media.benjaminmoore.com/WebServices/prod/cdp/836x1045/Woodluxe-CDP-Outdoor-Seating-Sea-Gull-Gray-ES-72-RGB.jpg,https://www.benjaminmoore.com/en-us/paint-colors/color/es-72/sea-gull-gray,2024-07-31T19:03:39Z,,,2024-07-21T18:38:01Z,Sea Gull Gray,"['Interior', 'Exterior']",true,Woodluxe<sup><small>&reg;</small></sup> Exterior Wood Stain Colors,1,,"{'title': 'Sea Gull <em>Gray</em> ES-72 | Benjamin Moore', 'sections': 'Sea Gull <em>Gray</em>', 'description': 'A perfectly balanced neutral <em>gray</em> to boost curb appeal. Exclusive to Woodluxe® stain products.', 'color_name': 'Sea Gull <em>Gray</em>', 'page_path': '&#x2F;en-us&#x2F;paint-colors&#x2F;color&#x2F;es-72&#x2F;sea-gull-<em>gray</em>'}",656d6ba1e7b9d23bdf12eda9,,,,,"['Semi-Solid', 'Semi-Transparent', 'Solid', 'Ultra Flat Solid']",,,,
"['New Hope Gray', 'Matching Colors', 'Different Shades', 'Similar Colors', 'Color By Family']",/en-us/paint-colors/color/2130-50/new-hope-gray,New Hope Gray 2130-50 | Benjamin Moore,Color,2130-50,A versatile neutral that combines the tranquil blue of a river with the sleek gray of concrete.,9b869d28593fbb4c06dc8ccb6288b3f6ac2d0a4a,9CA8B3,https://media.benjaminmoore.com/WebServices/prod/cdp/836x1045/blue-paint-238-new-hope-gray-2130-50-rgb.jpg,https://www.benjaminmoore.com/en-us/paint-colors/color/2130-50/new-hope-gray,2024-07-22T00:15:04Z,,,2024-07-22T00:15:04Z,New Hope Gray,,,,1,,"{'title': 'New Hope <em>Gray</em> 2130-50 | Benjamin Moore', 'sections': 'New Hope <em>Gray</em>', 'description': 'A versatile neutral that combines the tranquil blue of a river with the sleek <em>gray</em> of concrete.', 'color_name': 'New Hope <em>Gray</em>', 'page_path': '&#x2F;en-us&#x2F;paint-colors&#x2F;color&#x2F;2130-50&#x2F;new-hope-<em>gray</em>', 'Undertone': '<em>Gray</em>'}",6242c99f196a67d15c896ed4,Medium,Cool,,Gray,,,,,
"['Gull Wing Gray', 'Matching Colors', 'Different Shades', 'Similar Colors', 'Color By Family']",/en-us/paint-colors/color/2134-50/gull-wing-gray,Gull Wing Gray 2134-50 | Benjamin Moore,Color,2134-50,"A balanced, dependable medium gray that can easily fit into any color scheme or style of home.",f7c5ef230cfd65a2fcc9a9ef32de891646878425,A7AEB0,https://media.benjaminmoore.com/WebServices/prod/cdp/836x1045/neutral-paint-213-gull-wing-gray-2134-50-rgb.jpg,https://www.benjaminmoore.com/en-us/paint-colors/color/2134-50/gull-wing-gray,2024-07-22T01:17:18Z,,,2024-07-22T01:17:18Z,Gull Wing Gray,,,,1,,"{'title': 'Gull Wing <em>Gray</em> 2134-50 | Benjamin Moore', 'sections': 'Gull Wing <em>Gray</em>', 'description': 'A balanced, dependable medium <em>gray</em> that can easily fit into any color scheme or style of home.', 'color_name': 'Gull Wing <em>Gray</em>', 'page_path': '&#x2F;en-us&#x2F;paint-colors&#x2F;color&#x2F;2134-50&#x2F;gull-wing-<em>gray</em>', 'Undertone': '<em>Gray</em>'}",6242347de7b9d207d50f4fbd,Medium,Cool,Neutral,Gray,,,,,
"['Sag Harbor Gray', 'Matching Colors', 'Similar Colors', 'Color By Family']",/en-us/paint-colors/color/hc-95/sag-harbor-gray,Sag Harbor Gray HC-95 | Benjamin Moore,Color,HC-95,An adaptable taupe with the slightest hint of green.,0d03d87b2b894a6588bd07206692c8086082a3a2,B8AE95,https://media.benjaminmoore.com/WebServices/prod/cdp/836x1045/neutral-paint-195-sag-harbor-gray-HC-95-rgb.jpg,https://www.benjaminmoore.com/en-us/paint-colors/color/hc-95/sag-harbor-gray,2024-07-22T01:25:00Z,,,2024-07-22T01:25:00Z,Sag Harbor Gray,,,,1,,"{'title': 'Sag Harbor <em>Gray</em> HC-95 | Benjamin Moore', 'sections': 'Sag Harbor <em>Gray</em>', 'color_name': 'Sag Harbor <em>Gray</em>', 'page_path': '&#x2F;en-us&#x2F;paint-colors&#x2F;color&#x2F;hc-95&#x2F;sag-harbor-<em>gray</em>', 'Undertone': '<em>Gray</em>'}",62423e46196a6725cf8956b5,Medium,Warm,Neutral,Gray,,,,,
"['Castle Peak Gray', 'Matching Colors', 'Different Shades', 'Similar Colors', 'Color By Family']",/en-us/paint-colors/color/1561/castle-peak-gray,Castle Peak Gray 1561 | Benjamin Moore,Color,1561,A deep mossy green with warm brown undertones.,210def98842ad7f58e640c124b4b825754ec80bb,696757,https://media.benjaminmoore.com/WebServices/prod/cdp/836x1045/green-paint-210-castle-peak-gray-1561-rgb.jpg,https://www.benjaminmoore.com/en-us/paint-colors/color/1561/castle-peak-gray,2024-07-21T21:10:24Z,,,2024-07-21T21:10:24Z,Castle Peak Gray,,,,1,,"{'title': 'Castle Peak <em>Gray</em> 1561 | Benjamin Moore', 'sections': 'Castle Peak <em>Gray</em>', 'color_name': 'Castle Peak <em>Gray</em>', 'page_path': '&#x2F;en-us&#x2F;paint-colors&#x2F;color&#x2F;1561&#x2F;castle-peak-<em>gray</em>'}",6242d6f4196a673e5a894eb1,Dark,Warm,,Brown,,,,,
"['River Gorge Gray', 'Matching Colors', 'Different Shades', 'Similar Colors', 'Color By Family']",/en-us/paint-colors/color/1537/river-gorge-gray,River Gorge Gray 1537 | Benjamin Moore,Color,1537,"This earthy, warm mid-tone neutral features notes of green and brown.",b2561c2a9d7ed62b9ce0faff6ad3a8af80cb19b8,A09A89,https://media.benjaminmoore.com/WebServices/prod/cdp/836x1045/neutral-paint-184-river-gorge-gray-1537-rgb.jpg,https://www.benjaminmoore.com/en-us/paint-colors/color/1537/river-gorge-gray,2024-07-22T03:34:32Z,,,2024-07-22T03:34:31Z,River Gorge Gray,,,,1,,"{'title': 'River Gorge <em>Gray</em> 1537 | Benjamin Moore', 'sections': 'River Gorge <em>Gray</em>', 'color_name': 'River Gorge <em>Gray</em>', 'page_path': '&#x2F;en-us&#x2F;paint-colors&#x2F;color&#x2F;1537&#x2F;river-gorge-<em>gray</em>'}",62f506e8196a67c4095bad97,Medium,Cool,Neutral,Brown,,,,,
"['Jockey Hollow Gray', 'Matching Colors', 'Different Shades', 'Similar Colors', 'Color By Family']",/en-us/paint-colors/color/hc-108/jockey-hollow-gray,Jockey Hollow Gray HC-108 | Benjamin Moore,Color,HC-108,"A warm greige inspired by wooded paths, hiking trails, and forest floors.",33ba102e97f83bdc53762ab0df4f74dfdd2fd959,AEA897,https://media.benjaminmoore.com/WebServices/prod/cdp/836x1045/neutral-paint-211-jockey-hollow-gray-HC-108-rgb.jpg,https://www.benjaminmoore.com/en-us/paint-colors/color/hc-108/jockey-hollow-gray,2024-07-22T03:34:26Z,,,2024-07-22T03:34:26Z,Jockey Hollow Gray,,,,1,,"{'title': 'Jockey Hollow <em>Gray</em> HC-108 | Benjamin Moore', 'sections': 'Jockey Hollow <em>Gray</em>', 'color_name': 'Jockey Hollow <em>Gray</em>', 'page_path': '&#x2F;en-us&#x2F;paint-colors&#x2F;color&#x2F;hc-108&#x2F;jockey-hollow-<em>gray</em>', 'Undertone': '<em>Gray</em>'}",6331af18196a670707992546,Medium,Warm,Neutral,Gray,,,,,
"['Graystone', 'Matching Colors', 'Different Shades', 'Similar Colors', 'Color By Family']",/en-us/paint-colors/color/1475/graystone,Graystone 1475 | Benjamin Moore,Color,1475,Hazy gray undertones soften this adaptable mid-tone.,1e5d7d75059b3780f680a17ed3b415a290f7750b,99958C,https://media.benjaminmoore.com/WebServices/prod/cdp/836x1045/neutral-paint-230-graystone-1475-rgb.jpg,https://www.benjaminmoore.com/en-us/paint-colors/color/1475/graystone,2024-07-21T14:14:17Z,,,2024-07-21T14:14:16Z,Graystone,,,,1,,"{'title': '<em>Graystone</em> 1475 | Benjamin Moore', 'sections': '<em>Graystone</em>', 'description': 'Hazy <em>gray</em> undertones soften this adaptable mid-tone.', 'color_name': '<em>Graystone</em>', 'page_path': '&#x2F;en-us&#x2F;paint-colors&#x2F;color&#x2F;1475&#x2F;<em>graystone</em>', 'Undertone': '<em>Gray</em>'}",6242a4d2196a6777e08963ef,Medium,Cool,Neutral,Gray,,,,,
"['Graytint', 'Matching Colors', 'Different Shades', 'Similar Colors', 'Color By Family']",/en-us/paint-colors/color/1611/graytint,Graytint 1611 | Benjamin Moore,Color,1611,"A gentle hue, this soft neutral features a whisper of gray.",d7fc3326627c170e6b8c42e0e9ace026fc2585a9,D8D9D8,https://media.benjaminmoore.com/WebServices/prod/cdp/836x1045/neutral-paint-224-graytint-1611-rgb.jpg,https://www.benjaminmoore.com/en-us/paint-colors/color/1611/graytint,2024-07-30T12:35:56Z,Neutral,Light,2024-07-30T12:35:55Z,Graytint,"['Interior', 'Exterior']",true,Benjamin Moore Classics&reg;,1,,"{'title': '<em>Graytint</em> 1611 | Benjamin Moore', 'sections': '<em>Graytint</em>', 'description': 'A gentle hue, this soft neutral features a whisper of <em>gray</em>.', 'color_name': '<em>Graytint</em>', 'page_path': '&#x2F;en-us&#x2F;paint-colors&#x2F;color&#x2F;1611&#x2F;<em>graytint</em>'}",624276e964441f395c00616b,,,,,,"['Calming', 'Chaming', 'Pale', 'Soft']","['Bathroom', 'Bedroom', 'Kitchen', 'Living Room', 'Trim']",,Boho
