sections,page_path,title,type,color_number,description,external_id,ColorValue,WarmCool,color_hex,image,url,published_at,updated_at,color_name,PrimaryColorFamily,popularity,info,highlight,id,Undertone,Family,Shade,Interior/Exterior,cdp,Color Collection
"['Hampton Green', 'Matching Colors', 'Different Shades', 'Similar Colors', 'Color By Family']",/en-us/paint-colors/color/2150-50/hampton-green,Hampton Green 2150-50 | Benjamin Moore,Color,2150-50,A flaxen hue with the slightest trace of green undertone.,ad72ffc9a0fb9968db55f9ee9b932376120c8f91,Light,Warm,E7DCAE,https://media.benjaminmoore.com/WebServices/prod/cdp/836x1045/yellow-paint-072-hampton-green-2150-50-rgb.jpg,https://www.benjaminmoore.com/en-us/paint-colors/color/2150-50/hampton-green,2024-07-21T23:17:21Z,2024-07-21T23:17:20Z,Hampton Green,Yellow,1,,"{'title': 'Hampton <em>Green</em> 2150-50 | Benjamin Moore', 'sections': 'Hampton <em>Green</em>', 'description': 'A flaxen hue with the slightest trace of <em>green</em> undertone.', 'color_name': 'Hampton <em>Green</em>', 'page_path': '&#x2F;en-us&#x2F;paint-colors&#x2F;color&#x2F;2150-50&#x2F;hampton-<em>green</em>'}",6332d6fe64441f41d910042b,,,,,,
"['Iguana Green', 'Matching Colors', 'Different Shades', 'Similar Colors', 'Color By Family']",/en-us/paint-colors/color/2028-10/iguana-green,Iguana Green 2028-10 | Benjamin Moore,Color,2028-10,A tropical-inspired green with a touch of yellow.,3ecf65c020aa8a711c98e47344d0df400b854bc8,Medium,Warm,79A21E,https://media.benjaminmoore.com/WebServices/prod/cdp/836x1045/green-paint-074-iguana-green-2028-10-rgb.jpg,https://www.benjaminmoore.com/en-us/paint-colors/color/2028-10/iguana-green,2024-07-21T23:12:14Z,2024-07-21T23:12:14Z,Iguana Green,,1,,"{'title': 'Iguana <em>Green</em> 2028-10 | Benjamin Moore', 'sections': 'Iguana <em>Green</em>', 'description': 'A tropical-inspired <em>green</em> with a touch of yellow.', 'color_name': 'Iguana <em>Green</em>', 'page_path': '&#x2F;en-us&#x2F;paint-colors&#x2F;color&#x2F;2028-10&#x2F;iguana-<em>green</em>'}",62430d2ae7b9d285850f50ec,Yellow,,,,,
"['Wales Green', 'Matching Colors', 'Different Shades', 'Similar Colors', 'Color By Family']",/en-us/paint-colors/color/2028-50/wales-green,Wales Green 2028-50 | Benjamin Moore,Color,2028-50,A refreshing yellow-green that can softly illuminate a space.,469230651c6b717561861993a260ae19690412b3,Light,Warm,DDE5A3,https://media.benjaminmoore.com/WebServices/prod/cdp/836x1045/green-paint-074-wales-green-2028-50-rgb.jpg,https://www.benjaminmoore.com/en-us/paint-colors/color/2028-50/wales-green,2024-07-21T23:10:52Z,2024-07-21T23:10:51Z,Wales Green,,1,,"{'title': 'Wales <em>Green</em> 2028-50 | Benjamin Moore', 'sections': 'Wales <em>Green</em>', 'description': 'A refreshing yellow-<em>green</em> that can softly illuminate a space.', 'color_name': 'Wales <em>Green</em>', 'page_path': '&#x2F;en-us&#x2F;paint-colors&#x2F;color&#x2F;2028-50&#x2F;wales-<em>green</em>'}",6242f1e164441fc203004e13,Yellow,,,,,
"['Regent Green', 'Matching Colors', 'Different Shades', 'Similar Colors', 'Color By Family']",/en-us/paint-colors/color/2136-20/regent-green,Regent Green 2136-20 | Benjamin Moore,Color,2136-20,A deep pine green that verges on black.,fac3ecf187ff1cbd2dc8bb2fbdf0edb20bd985cc,Dark,Cool,364042,https://media.benjaminmoore.com/WebServices/prod/cdp/836x1045/blue-paint-112-regent-green-2136-20-rgb.jpg,https://www.benjaminmoore.com/en-us/paint-colors/color/2136-20/regent-green,2024-07-21T23:10:51Z,2024-07-21T23:10:50Z,Regent Green,,1,,"{'title': 'Regent <em>Green</em> 2136-20 | Benjamin Moore', 'sections': 'Regent <em>Green</em>', 'description': 'A deep pine <em>green</em> that verges on black.', 'color_name': 'Regent <em>Green</em>', 'page_path': '&#x2F;en-us&#x2F;paint-colors&#x2F;color&#x2F;2136-20&#x2F;regent-<em>green</em>'}",6241fe4e28ccbc18d4ddbb22,,,,,,
"['Green Meadows', 'Matching Colors', 'Different Shades', 'Similar Colors', 'Color By Family']",/en-us/paint-colors/color/2040-20/green-meadows,Green Meadows 2040-20 | Benjamin Moore,Color,2040-20,"Rich and reassured, this dark green imparts a stately elegance.",d80c11016b9a209d266391d12f76e0b86620e90d,Dark,Cool,0A6548,https://media.benjaminmoore.com/WebServices/prod/cdp/836x1045/green-paint-089-green-meadows-2040-20-rgb.jpg,https://www.benjaminmoore.com/en-us/paint-colors/color/2040-20/green-meadows,2024-07-22T00:36:38Z,2024-07-22T00:36:37Z,Green Meadows,,1,,"{'title': '<em>Green</em> Meadows 2040-20 | Benjamin Moore', 'sections': '<em>Green</em> Meadows', 'description': 'Rich and reassured, this dark <em>green</em> imparts a stately elegance.', 'color_name': '<em>Green</em> Meadows', 'page_path': '&#x2F;en-us&#x2F;paint-colors&#x2F;color&#x2F;2040-20&#x2F;<em>green</em>-meadows'}",6242da6828ccbc5061dda96b,,,,,,
"['Tarrytown Green', 'Matching Colors', 'Different Shades', 'Similar Colors', 'Color By Family']",/en-us/paint-colors/color/hc-134/tarrytown-green,Tarrytown Green HC-134 | Benjamin Moore,Color,HC-134,A deep pine green with a slightly cool cast.,09dea58fda9470ebc80683bcb948fc793b5b496e,Dark,Cool,415752,https://media.benjaminmoore.com/WebServices/prod/cdp/836x1045/green-paint-089-tarrytown-green-HC-134-rgb.jpg,https://www.benjaminmoore.com/en-us/paint-colors/color/hc-134/tarrytown-green,2024-07-22T00:34:53Z,2024-07-22T00:34:53Z,Tarrytown Green,,1,,"{'title': 'Tarrytown <em>Green</em> HC-134 | Benjamin Moore', 'sections': 'Tarrytown <em>Green</em>', 'description': 'A deep pine <em>green</em> with a slightly cool cast.', 'color_name': 'Tarrytown <em>Green</em>', 'page_path': '&#x2F;en-us&#x2F;paint-colors&#x2F;color&#x2F;hc-134&#x2F;tarrytown-<em>green</em>'}",6242f41128ccbc124bddad5c,,,,,,
"['Sussex Green', 'Matching Colors', 'Different Shades', 'Similar Colors', 'Color By Family']",/en-us/paint-colors/color/hc-109/sussex-green,Sussex Green HC-109 | Benjamin Moore,Color,HC-109,A sleek olive green darkened with a hint of charcoal.,da1e8b76d7b1558e9fab60a1ce36c9aec6a331f9,Dark,Warm,807C64,https://media.benjaminmoore.com/WebServices/prod/cdp/836x1045/green-paint-091-sussex-green-HC-109-rgb.jpg,https://www.benjaminmoore.com/en-us/paint-colors/color/hc-109/sussex-green,2024-07-22T01:05:43Z,2024-07-22T01:05:42Z,Sussex Green,,1,,"{'title': 'Sussex <em>Green</em> HC-109 | Benjamin Moore', 'sections': 'Sussex <em>Green</em>', 'description': 'A sleek olive <em>green</em> darkened with a hint of charcoal.', 'color_name': 'Sussex <em>Green</em>', 'page_path': '&#x2F;en-us&#x2F;paint-colors&#x2F;color&#x2F;hc-109&#x2F;sussex-<em>green</em>'}",62429fa728ccbcef10dd9b34,Brown,,,,,
"['Cedar Green', 'Matching Colors', 'Different Shades', 'Similar Colors', 'Color By Family']",/en-us/paint-colors/color/2034-40/cedar-green,Cedar Green 2034-40 | Benjamin Moore,Color,2034-40,This beautifully grounded green infuses any room with fresh color.,36eb1769e9c49a975c05c3e13b3ec264eb19cd02,Medium,Cool,7FB37F,https://media.benjaminmoore.com/WebServices/prod/cdp/836x1045/green-paint-098-cedar-green-2034-40-rgb.jpg,https://www.benjaminmoore.com/en-us/paint-colors/color/2034-40/cedar-green,2024-07-22T01:15:33Z,2024-07-22T01:15:33Z,Cedar Green,,1,,"{'title': 'Cedar <em>Green</em> 2034-40 | Benjamin Moore', 'sections': 'Cedar <em>Green</em>', 'description': 'This beautifully grounded <em>green</em> infuses any room with fresh color.', 'color_name': 'Cedar <em>Green</em>', 'page_path': '&#x2F;en-us&#x2F;paint-colors&#x2F;color&#x2F;2034-40&#x2F;cedar-<em>green</em>'}",6242d3d228ccbc3eacddae1c,,,,,,
"['Misted Green', 'Matching Colors', 'Different Shades', 'Similar Colors', 'Color By Family']",/en-us/paint-colors/color/2138-50/misted-green,Misted Green 2138-50 | Benjamin Moore,Color,2138-50,A soft sage green with a soothing gray cast.,3b1a85ba60b29c6710280b181412a0b7b87e2c67,Medium,Cool,B0B8AE,https://media.benjaminmoore.com/WebServices/prod/cdp/836x1045/green-paint-214-misted-green-2138-50-rgb.jpg,https://www.benjaminmoore.com/en-us/paint-colors/color/2138-50/misted-green,2024-07-22T01:07:06Z,2024-07-22T01:07:06Z,Misted Green,,1,,"{'title': 'Misted <em>Green</em> 2138-50 | Benjamin Moore', 'sections': 'Misted <em>Green</em>', 'description': 'A soft sage <em>green</em> with a soothing gray cast.', 'color_name': 'Misted <em>Green</em>', 'page_path': '&#x2F;en-us&#x2F;paint-colors&#x2F;color&#x2F;2138-50&#x2F;misted-<em>green</em>'}",6242a84928ccbc713addb5cd,Gray,,,,,
"['Forest Green', 'Matching Colors', 'Different Shades', 'Similar Colors', 'Color By Family']",/en-us/paint-colors/color/2047-10/forest-green,Forest Green 2047-10 | Benjamin Moore,Color,2047-10,An enchanting dark green with a grounding yet sophisticated presence.,9e29234942ab337c605f063a222f7e49fd8f720c,Dark,Cool,174A43,https://media.benjaminmoore.com/WebServices/prod/cdp/836x1045/green-paint-121-forest-green-2047-10-rgb.jpg,https://www.benjaminmoore.com/en-us/paint-colors/color/2047-10/forest-green,2024-07-22T02:16:52Z,2024-07-22T02:16:52Z,Forest Green,,1,,"{'title': 'Forest <em>Green</em> 2047-10 | Benjamin Moore', 'sections': 'Forest <em>Green</em>', 'description': 'An enchanting dark <em>green</em> with a grounding yet sophisticated presence.', 'color_name': 'Forest <em>Green</em>', 'page_path': '&#x2F;en-us&#x2F;paint-colors&#x2F;color&#x2F;2047-10&#x2F;forest-<em>green</em>'}",624311ebe7b9d269ab0f4738,,,,,,
"['Egyptian Green', 'Matching Colors', 'Different Shades', 'Similar Colors', 'Color By Family']",/en-us/paint-colors/color/2043-40/egyptian-green,Egyptian Green 2043-40 | Benjamin Moore,Color,2043-40,An almost-luminescent green splashed with a touch of aqua.,7b1890585b658c5094ae42d12621bb9c770ef513,Medium,Cool,45C1AC,https://media.benjaminmoore.com/WebServices/prod/cdp/836x1045/green-paint-126-egyptian-green-2043-40-rgb.jpg,https://www.benjaminmoore.com/en-us/paint-colors/color/2043-40/egyptian-green,2024-07-22T02:16:53Z,2024-07-22T02:16:52Z,Egyptian Green,,1,,"{'title': 'Egyptian <em>Green</em> 2043-40 | Benjamin Moore', 'sections': 'Egyptian <em>Green</em>', 'description': 'An almost-luminescent <em>green</em> splashed with a touch of aqua.', 'color_name': 'Egyptian <em>Green</em>', 'page_path': '&#x2F;en-us&#x2F;paint-colors&#x2F;color&#x2F;2043-40&#x2F;egyptian-<em>green</em>'}",6243140928ccbcddf2ddaca4,,,,,,
"['Pear Green', 'Matching Colors', 'Different Shades', 'Similar Colors', 'Color By Family']",/en-us/paint-colors/color/2028-40/pear-green,Pear Green 2028-40 | Benjamin Moore,Color,2028-40,"Lightly muted, this yellow-green offers unexpected sophistication.",2987cf9f76457a275bc404f6e33073d30c48d819,Light,Warm,C3D16F,https://media.benjaminmoore.com/WebServices/prod/cdp/836x1045/green-paint-074-pear-green-2028-40-rgb.jpg,https://www.benjaminmoore.com/en-us/paint-colors/color/2028-40/pear-green,2024-07-21T16:06:25Z,2024-07-21T16:06:24Z,Pear Green,,1,,"{'title': 'Pear <em>Green</em> 2028-40 | Benjamin Moore', 'sections': 'Pear <em>Green</em>', 'description': 'Lightly muted, this yellow-<em>green</em> offers unexpected sophistication.', 'color_name': 'Pear <em>Green</em>', 'page_path': '&#x2F;en-us&#x2F;paint-colors&#x2F;color&#x2F;2028-40&#x2F;pear-<em>green</em>'}",62431138196a6766b1896828,Yellow,,,,,
"['Caldwell Green', 'Matching Colors', 'Different Shades', 'Similar Colors', 'Color By Family']",/en-us/paint-colors/color/hc-124/caldwell-green,Caldwell Green HC-124 | Benjamin Moore,Color,HC-124,An attractive hunter green with regal blue undertones.,9bfeeea116162be6ab72917c45ab12b5cc837c43,Dark,Cool,627067,https://media.benjaminmoore.com/WebServices/prod/cdp/836x1045/green-paint-082-caldwell-green-HC-124-rgb.jpg,https://www.benjaminmoore.com/en-us/paint-colors/color/hc-124/caldwell-green,2024-07-21T21:31:57Z,2024-07-21T21:31:57Z,Caldwell Green,,1,,"{'title': 'Caldwell <em>Green</em> HC-124 | Benjamin Moore', 'sections': 'Caldwell <em>Green</em>', 'description': 'An attractive hunter <em>green</em> with regal blue undertones.', 'color_name': 'Caldwell <em>Green</em>', 'page_path': '&#x2F;en-us&#x2F;paint-colors&#x2F;color&#x2F;hc-124&#x2F;caldwell-<em>green</em>'}",62428722e7b9d221d50f5bd7,,,,,,
"['Hummingbird Green', 'Matching Colors', 'Different Shades', 'Similar Colors', 'Color By Family']",/en-us/paint-colors/color/2042-30/hummingbird-green,Hummingbird Green 2042-30 | Benjamin Moore,Color,2042-30,A vibrant green buzzing with energy and confidence.,029907caa12daa77c2341a9ef6d5cca4cba176fd,Medium,Cool,009D7B,https://media.benjaminmoore.com/WebServices/prod/cdp/836x1045/green-paint-124-hummingbird-green-2042-30-rgb.jpg,https://www.benjaminmoore.com/en-us/paint-colors/color/2042-30/hummingbird-green,2024-07-21T20:49:04Z,2024-07-21T20:49:04Z,Hummingbird Green,,1,,"{'title': 'Hummingbird <em>Green</em> 2042-30 | Benjamin Moore', 'sections': 'Hummingbird <em>Green</em>', 'description': 'A vibrant <em>green</em> buzzing with energy and confidence.', 'color_name': 'Hummingbird <em>Green</em>', 'page_path': '&#x2F;en-us&#x2F;paint-colors&#x2F;color&#x2F;2042-30&#x2F;hummingbird-<em>green</em>'}",6243015364441f085e00414c,,,,,,
"['Spruce Green', 'Matching Colors', 'Different Shades', 'Similar Colors', 'Color By Family']",/en-us/paint-colors/color/2035-50/spruce-green,Spruce Green 2035-50 | Benjamin Moore,Color,2035-50,A blue-tinged green that exudes effortless cool.,7acb439f004fa60e065f56a3baeddf4ac7db26f4,Medium,Cool,A3CDB5,https://media.benjaminmoore.com/WebServices/prod/cdp/836x1045/green-paint-086-spruce-green-2035-50-rgb.jpg,https://www.benjaminmoore.com/en-us/paint-colors/color/2035-50/spruce-green,2024-07-21T20:57:17Z,2024-07-21T20:57:17Z,Spruce Green,,1,,"{'title': 'Spruce <em>Green</em> 2035-50 | Benjamin Moore', 'sections': 'Spruce <em>Green</em>', 'description': 'A blue-tinged <em>green</em> that exudes effortless cool.', 'color_name': 'Spruce <em>Green</em>', 'page_path': '&#x2F;en-us&#x2F;paint-colors&#x2F;color&#x2F;2035-50&#x2F;spruce-<em>green</em>'}",6242cc4ae7b9d2c42e0f4033,,,,,,
"['Fernwood Green', 'Matching Colors', 'Different Shades', 'Similar Colors', 'Color By Family']",/en-us/paint-colors/color/2145-40/fernwood-green,Fernwood Green 2145-40 | Benjamin Moore,Color,2145-40,Warm undertones infuse this leafy green with calming comfort.,8b23622a09a4d90db29115154d23b7c7d3ebc1f8,Medium,Warm,CCCCA3,https://media.benjaminmoore.com/WebServices/prod/cdp/836x1045/green-paint-077-fernwood-green-2145-40-rgb.jpg,https://www.benjaminmoore.com/en-us/paint-colors/color/2145-40/fernwood-green,2024-07-21T21:09:01Z,2024-07-21T21:09:01Z,Fernwood Green,,1,,"{'title': 'Fernwood <em>Green</em> 2145-40 | Benjamin Moore', 'sections': 'Fernwood <em>Green</em>', 'description': 'Warm undertones infuse this leafy <em>green</em> with calming comfort.', 'color_name': 'Fernwood <em>Green</em>', 'page_path': '&#x2F;en-us&#x2F;paint-colors&#x2F;color&#x2F;2145-40&#x2F;fernwood-<em>green</em>'}",6291f71364441f25ceb89c0e,Yellow,,,,,
"['Vine Green', 'Matching Colors', 'Different Shades', 'Similar Colors', 'Color By Family']",/en-us/paint-colors/color/2034-20/vine-green,Vine Green 2034-20 | Benjamin Moore,Color,2034-20,A dark green that delivers sophistication and personality.,f6a8acbc9e7d79a96be9f7bd893c19d5a31b9525,Dark,Cool,2F7D3F,https://media.benjaminmoore.com/WebServices/prod/cdp/836x1045/green-paint-098-vine-green-2034-20-rgb.jpg,https://www.benjaminmoore.com/en-us/paint-colors/color/2034-20/vine-green,2024-07-22T04:19:52Z,2024-07-03T11:55:38Z,Vine Green,,1,,"{'title': 'Vine <em>Green</em> 2034-20 | Benjamin Moore', 'sections': 'Vine <em>Green</em>', 'description': 'A dark <em>green</em> that delivers sophistication and personality.', 'color_name': 'Vine <em>Green</em>', 'page_path': '&#x2F;en-us&#x2F;paint-colors&#x2F;color&#x2F;2034-20&#x2F;vine-<em>green</em>'}",6242cbaf196a67788a894eee,,,,,,
"['Summer Green', 'Matching Colors', 'Different Shades', 'Similar Colors', 'Color By Family']",/en-us/paint-colors/color/2043-60/summer-green,Summer Green 2043-60 | Benjamin Moore,Color,2043-60,A pastel that pulsates with spirited green and blue tones.,10e4d3f761e989a82e6c27fd9c65af5f0267161a,Light,Cool,B8EBE1,https://media.benjaminmoore.com/WebServices/prod/cdp/836x1045/green-paint-126-summer-green-2043-60-rgb.jpg,https://www.benjaminmoore.com/en-us/paint-colors/color/2043-60/summer-green,2024-07-22T04:09:00Z,2024-07-22T04:09:00Z,Summer Green,,1,,"{'title': 'Summer <em>Green</em> 2043-60 | Benjamin Moore', 'sections': 'Summer <em>Green</em>', 'description': 'A pastel that pulsates with spirited <em>green</em> and blue tones.', 'color_name': 'Summer <em>Green</em>', 'page_path': '&#x2F;en-us&#x2F;paint-colors&#x2F;color&#x2F;2043-60&#x2F;summer-<em>green</em>'}",6242fffae7b9d247c90f49d1,,,,,,
"['Winter Green', 'Matching Colors', 'Different Shades', 'Similar Colors', 'Color By Family']",/en-us/paint-colors/color/2045-60/winter-green,Winter Green 2045-60 | Benjamin Moore,Color,2045-60,A mint green infused with icy blue undertones.,09820d68118b2f1f8a87f58a34175b9099981989,Light,Cool,B3EDE2,https://media.benjaminmoore.com/WebServices/prod/cdp/836x1045/green-paint-092-winter-green-2045-60-rgb.jpg,https://www.benjaminmoore.com/en-us/paint-colors/color/2045-60/winter-green,2024-07-22T04:09:00Z,2024-07-22T04:09:00Z,Winter Green,,1,,"{'title': 'Winter <em>Green</em> 2045-60 | Benjamin Moore', 'sections': 'Winter <em>Green</em>', 'description': 'A mint <em>green</em> infused with icy blue undertones.', 'color_name': 'Winter <em>Green</em>', 'page_path': '&#x2F;en-us&#x2F;paint-colors&#x2F;color&#x2F;2045-60&#x2F;winter-<em>green</em>'}",62430018196a677167896da4,,,,,,
"['Deep Green', 'Matching Colors', 'Different Shades', 'Similar Colors', 'Color By Family']",/en-us/paint-colors/color/2039-10/deep-green,Deep Green 2039-10 | Benjamin Moore,Color,2039-10,"A dark, distinguished green with a subtle teal cast.",e626f77a5b76f792eaa9f298835d1c22114bf3da,Dark,Cool,006242,https://media.benjaminmoore.com/WebServices/prod/cdp/836x1045/green-paint-087-deep-green-2039-10-rgb.jpg,https://www.benjaminmoore.com/en-us/paint-colors/color/2039-10/deep-green,2024-07-22T04:05:35Z,2024-07-22T04:05:34Z,Deep Green,,1,,"{'title': 'Deep <em>Green</em> 2039-10 | Benjamin Moore', 'sections': 'Deep <em>Green</em>', 'description': 'A dark, distinguished <em>green</em> with a subtle teal cast.', 'color_name': 'Deep <em>Green</em>', 'page_path': '&#x2F;en-us&#x2F;paint-colors&#x2F;color&#x2F;2039-10&#x2F;deep-<em>green</em>'}",6242cddd64441f7ec9005371,,,,,,
"['Prescott Green', 'Matching Colors', 'Different Shades', 'Similar Colors', 'Color By Family']",/en-us/paint-colors/color/hc-140/prescott-green,Prescott Green HC-140 | Benjamin Moore,Color,HC-140,"A soft, powdery green with a trace of blue.",8135412952b487e93358aefd246231e94eba50a3,Medium,Cool,BEC9B7,https://media.benjaminmoore.com/WebServices/prod/cdp/836x1045/green-paint-084-prescott-green-HC-140-rgb.jpg,https://www.benjaminmoore.com/en-us/paint-colors/color/hc-140/prescott-green,2024-07-22T04:11:55Z,2024-07-22T04:11:54Z,Prescott Green,,1,,"{'title': 'Prescott <em>Green</em> HC-140 | Benjamin Moore', 'sections': 'Prescott <em>Green</em>', 'description': 'A soft, powdery <em>green</em> with a trace of blue.', 'color_name': 'Prescott <em>Green</em>', 'page_path': '&#x2F;en-us&#x2F;paint-colors&#x2F;color&#x2F;hc-140&#x2F;prescott-<em>green</em>'}",62424f1de7b9d2afae0f4031,,,,,,
"['Calypso Green', 'Matching Colors', 'Different Shades', 'Similar Colors', 'Color By Family']",/en-us/paint-colors/color/2046-10/calypso-green,Calypso Green 2046-10 | Benjamin Moore,Color,2046-10,An otherworldly dark green that conjures the ocean depths.,522fb6be803d4ebac6b34d3696ddb06062b8f8f8,Dark,Cool,005A48,https://media.benjaminmoore.com/WebServices/prod/cdp/836x1045/green-paint-088-calypso-green-2046-10-rgb.jpg,https://www.benjaminmoore.com/en-us/paint-colors/color/2046-10/calypso-green,2024-07-22T04:06:50Z,2024-07-22T04:06:50Z,Calypso Green,,1,,"{'title': 'Calypso <em>Green</em> 2046-10 | Benjamin Moore', 'sections': 'Calypso <em>Green</em>', 'description': 'An otherworldly dark <em>green</em> that conjures the ocean depths.', 'color_name': 'Calypso <em>Green</em>', 'page_path': '&#x2F;en-us&#x2F;paint-colors&#x2F;color&#x2F;2046-10&#x2F;calypso-<em>green</em>'}",6243067a196a67d71d8968d3,,,,,,
"['Lawn Green', 'Matching Colors', 'Different Shades', 'Similar Colors', 'Color By Family']",/en-us/paint-colors/color/2045-20/lawn-green,Lawn Green 2045-20 | Benjamin Moore,Color,2045-20,"A radiant shade of green with a cool, sharp cast.",95948ebab68afca79855b8be516759b81d67112f,Dark,Cool,007C61,https://media.benjaminmoore.com/WebServices/prod/cdp/836x1045/green-paint-092-lawn-green-2045-20-rgb.jpg,https://www.benjaminmoore.com/en-us/paint-colors/color/2045-20/lawn-green,2024-07-22T04:08:20Z,2024-07-22T04:08:19Z,Lawn Green,,1,,"{'title': 'Lawn <em>Green</em> 2045-20 | Benjamin Moore', 'sections': 'Lawn <em>Green</em>', 'description': 'A radiant shade of <em>green</em> with a cool, sharp cast.', 'color_name': 'Lawn <em>Green</em>', 'page_path': '&#x2F;en-us&#x2F;paint-colors&#x2F;color&#x2F;2045-20&#x2F;lawn-<em>green</em>'}",6242cdfc196a67d3a8895139,,,,,,
"['Garden Green', 'Matching Colors', 'Different Shades', 'Similar Colors', 'Color By Family']",/en-us/paint-colors/color/2046-20/garden-green,Garden Green 2046-20 | Benjamin Moore,Color,2046-20,A pulsating green with a wink of teal.,a6cc28d88d61c51a18b5a2843c7964aa013edc27,Dark,Cool,007A63,https://media.benjaminmoore.com/WebServices/prod/cdp/836x1045/green-paint-088-garden-green-2046-20-rgb.jpg,https://www.benjaminmoore.com/en-us/paint-colors/color/2046-20/garden-green,2024-07-22T04:08:17Z,2024-07-22T04:08:16Z,Garden Green,,1,,"{'title': 'Garden <em>Green</em> 2046-20 | Benjamin Moore', 'sections': 'Garden <em>Green</em>', 'description': 'A pulsating <em>green</em> with a wink of teal.', 'color_name': 'Garden <em>Green</em>', 'page_path': '&#x2F;en-us&#x2F;paint-colors&#x2F;color&#x2F;2046-20&#x2F;garden-<em>green</em>'}",6243026c196a67044d895b70,,,,,,
"['Surf Green', 'Matching Colors', 'Different Shades', 'Similar Colors', 'Color By Family']",/en-us/paint-colors/color/2036-60/surf-green,Surf Green 2036-60 | Benjamin Moore,Color,2036-60,An effervescent seafoam green with a cool splash of blue.,bdd141c374b0e97c21c39e8deca900ce8c977254,Light,Cool,C9ECDA,https://media.benjaminmoore.com/WebServices/prod/cdp/836x1045/green-paint-093-surf-green-2036-60-rgb.jpg,https://www.benjaminmoore.com/en-us/paint-colors/color/2036-60/surf-green,2024-07-22T04:17:34Z,2024-07-03T15:42:37Z,Surf Green,,1,,"{'title': 'Surf <em>Green</em> 2036-60 | Benjamin Moore', 'sections': 'Surf <em>Green</em>', 'description': 'An effervescent seafoam <em>green</em> with a cool splash of blue.', 'color_name': 'Surf <em>Green</em>', 'page_path': '&#x2F;en-us&#x2F;paint-colors&#x2F;color&#x2F;2036-60&#x2F;surf-<em>green</em>'}",6242d41de7b9d208380f5aba,,,,,,
"['Alligator Green', 'Matching Colors', 'Different Shades', 'Similar Colors', 'Color By Family']",/en-us/paint-colors/color/2143-20/alligator-green,Alligator Green 2143-20 | Benjamin Moore,Color,2143-20,An earthy green infused with warm yellow undertones.,f4c28ec8e47ed74bfd504366ed35710fdee476d7,Medium,Warm,8D835E,https://media.benjaminmoore.com/WebServices/prod/cdp/836x1045/green-paint-091-alligator-green-2143-20-rgb.jpg,https://www.benjaminmoore.com/en-us/paint-colors/color/2143-20/alligator-green,2024-07-21T22:53:58Z,2024-07-21T22:53:57Z,Alligator Green,,1,,"{'title': 'Alligator <em>Green</em> 2143-20 | Benjamin Moore', 'sections': 'Alligator <em>Green</em>', 'description': 'An earthy <em>green</em> infused with warm yellow undertones.', 'color_name': 'Alligator <em>Green</em>', 'page_path': '&#x2F;en-us&#x2F;paint-colors&#x2F;color&#x2F;2143-20&#x2F;alligator-<em>green</em>'}",6242d7b0e7b9d25db70f59cd,Yellow,,,,,
"['Manor Green', 'Matching Colors', 'Different Shades', 'Similar Colors', 'Color By Family']",/en-us/paint-colors/color/2047-20/manor-green,Manor Green 2047-20 | Benjamin Moore,Color,2047-20,"A rich, stately green that can command a room.",b118828e744108913e7ae36679292d7e7603e1bc,Dark,Cool,006B5B,https://media.benjaminmoore.com/WebServices/prod/cdp/836x1045/green-paint-121-manor-green-2047-20-rgb.jpg,https://www.benjaminmoore.com/en-us/paint-colors/color/2047-20/manor-green,2024-07-22T02:16:07Z,2024-07-22T02:16:06Z,Manor Green,,1,,"{'title': 'Manor <em>Green</em> 2047-20 | Benjamin Moore', 'sections': 'Manor <em>Green</em>', 'description': 'A rich, stately <em>green</em> that can command a room.', 'color_name': 'Manor <em>Green</em>', 'page_path': '&#x2F;en-us&#x2F;paint-colors&#x2F;color&#x2F;2047-20&#x2F;manor-<em>green</em>'}",624314cb28ccbc4527ddafe5,,,,,,
"['Fiddlehead Green', 'Matching Colors', 'Different Shades', 'Similar Colors', 'Color By Family']",/en-us/paint-colors/color/2041-20/fiddlehead-green,Fiddlehead Green 2041-20 | Benjamin Moore,Color,2041-20,An attractive dark green with an appealing touch of blue.,25f85511f024c4400dd9ec430b5c833b1ace62a5,Dark,Cool,296253,https://media.benjaminmoore.com/WebServices/prod/cdp/836x1045/green-paint-092-fiddlehead-green-2041-20-rgb.jpg,https://www.benjaminmoore.com/en-us/paint-colors/color/2041-20/fiddlehead-green,2024-07-22T03:36:16Z,2024-07-22T03:36:15Z,Fiddlehead Green,,1,,"{'title': 'Fiddlehead <em>Green</em> 2041-20 | Benjamin Moore', 'sections': 'Fiddlehead <em>Green</em>', 'description': 'An attractive dark <em>green</em> with an appealing touch of blue.', 'color_name': 'Fiddlehead <em>Green</em>', 'page_path': '&#x2F;en-us&#x2F;paint-colors&#x2F;color&#x2F;2041-20&#x2F;fiddlehead-<em>green</em>'}",6242cd1128ccbc988fddbd82,,,,,,
"['Green Coral', 'Matching Colors', 'Different Shades', 'Similar Colors', 'Color By Family']",/en-us/paint-colors/color/2045-50/green-coral,Green Coral 2045-50 | Benjamin Moore,Color,2045-50,A sharp spearmint green with crisp blue undertones.,f9e81e719ce886c89061f2aad51cf261ec054213,Light,Cool,7FDDCF,https://media.benjaminmoore.com/WebServices/prod/cdp/836x1045/green-paint-092-green-coral-2045-50-rgb.jpg,https://www.benjaminmoore.com/en-us/paint-colors/color/2045-50/green-coral,2024-07-22T01:55:29Z,2024-07-22T01:55:29Z,Green Coral,,1,,"{'title': '<em>Green</em> Coral 2045-50 | Benjamin Moore', 'sections': '<em>Green</em> Coral', 'description': 'A sharp spearmint <em>green</em> with crisp blue undertones.', 'color_name': '<em>Green</em> Coral', 'page_path': '&#x2F;en-us&#x2F;paint-colors&#x2F;color&#x2F;2045-50&#x2F;<em>green</em>-coral'}",62430257196a6707b6894f73,,,,,,
"['Lime Green', 'Matching Colors', 'Different Shades', 'Similar Colors', 'Color By Family']",/en-us/paint-colors/color/2026-10/lime-green,Lime Green 2026-10 | Benjamin Moore,Color,2026-10,A fun yellow-green for lovers of bold color.,25883b7b5408021c4a965616d6851c41f4b26d7c,Medium,Warm,97C100,https://media.benjaminmoore.com/WebServices/prod/cdp/836x1045/green-paint-071-lime-green-2026-10-rgb.jpg,https://www.benjaminmoore.com/en-us/paint-colors/color/2026-10/lime-green,2024-07-22T03:15:19Z,2024-07-22T03:15:19Z,Lime Green,,1,,"{'title': 'Lime <em>Green</em> 2026-10 | Benjamin Moore', 'sections': 'Lime <em>Green</em>', 'description': 'A fun yellow-<em>green</em> for lovers of bold color.', 'color_name': 'Lime <em>Green</em>', 'page_path': '&#x2F;en-us&#x2F;paint-colors&#x2F;color&#x2F;2026-10&#x2F;lime-<em>green</em>'}",62430cac196a6755208965bf,Yellow,,,,,
"['Stem Green', 'Matching Colors', 'Different Shades', 'Similar Colors', 'Color By Family']",/en-us/paint-colors/color/2029-40/stem-green,Stem Green 2029-40 | Benjamin Moore,Color,2029-40,A spirited spring green with a slightly chalky cast.,4d7812050848c8f1432967220bac85d3f91f9d59,Medium,Warm,ACC774,https://media.benjaminmoore.com/WebServices/prod/cdp/836x1045/green-paint-101-stem-green-2029-40-rgb.jpg,https://www.benjaminmoore.com/en-us/paint-colors/color/2029-40/stem-green,2024-07-22T03:12:08Z,2024-07-22T03:12:07Z,Stem Green,,1,,"{'title': 'Stem <em>Green</em> 2029-40 | Benjamin Moore', 'sections': 'Stem <em>Green</em>', 'description': 'A spirited spring <em>green</em> with a slightly chalky cast.', 'color_name': 'Stem <em>Green</em>', 'page_path': '&#x2F;en-us&#x2F;paint-colors&#x2F;color&#x2F;2029-40&#x2F;stem-<em>green</em>'}",6242eb0128ccbcee31dd9885,Yellow,,,,,
"['Yellow Green', 'Matching Colors', 'Different Shades', 'Similar Colors', 'Color By Family']",/en-us/paint-colors/color/2033-10/yellow-green,Yellow Green 2033-10 | Benjamin Moore,Color,2033-10,A grassy green hue with the subtlest yellow undertone.,061b98db411b9c355a6bbaf808d41348284f08f2,,,008A31,https://media.benjaminmoore.com/WebServices/prod/cdp/836x1045/green-paint-099-yellow-green-2033-10-rgb.jpg,https://www.benjaminmoore.com/en-us/paint-colors/color/2033-10/yellow-green,2024-07-30T23:01:43Z,2024-07-30T23:01:43Z,Yellow Green,,1,,"{'title': 'Yellow <em>Green</em> 2033-10 | Benjamin Moore', 'sections': 'Yellow <em>Green</em>', 'description': 'A grassy <em>green</em> hue with the subtlest yellow undertone.', 'color_name': 'Yellow <em>Green</em>', 'page_path': '&#x2F;en-us&#x2F;paint-colors&#x2F;color&#x2F;2033-10&#x2F;yellow-<em>green</em>', 'Family': '<em>Green</em>'}",624263a928ccbc2f95dda5f0,,Green,Dark,"['Interior', 'Exterior']",true,Color Preview&reg;
"['Potpourri Green', 'Matching Colors', 'Different Shades', 'Similar Colors', 'Color By Family']",/en-us/paint-colors/color/2029-50/potpourri-green,Potpourri Green 2029-50 | Benjamin Moore,Color,2029-50,A sprightly light green scented with a hint of yellow.,e19e6f00d5de166b0aac1264c5bef1404fd57c32,,,CDDFA7,https://media.benjaminmoore.com/WebServices/prod/cdp/836x1045/green-paint-101-potpourri-green-2029-50-rgb.jpg,https://www.benjaminmoore.com/en-us/paint-colors/color/2029-50/potpourri-green,2024-07-30T23:01:42Z,2024-07-30T23:01:42Z,Potpourri Green,,1,,"{'title': 'Potpourri <em>Green</em> 2029-50 | Benjamin Moore', 'sections': 'Potpourri <em>Green</em>', 'description': 'A sprightly light <em>green</em> scented with a hint of yellow.', 'color_name': 'Potpourri <em>Green</em>', 'page_path': '&#x2F;en-us&#x2F;paint-colors&#x2F;color&#x2F;2029-50&#x2F;potpourri-<em>green</em>', 'Family': '<em>Green</em>'}",6242eae4196a679218894ec4,,Green,Light,"['Interior', 'Exterior']",true,Color Preview&reg;
"['Citrus Green', 'Matching Colors', 'Different Shades', 'Similar Colors', 'Color By Family']",/en-us/paint-colors/color/2032-40/citrus-green,Citrus Green 2032-40 | Benjamin Moore,Color,2032-40,"A crisp, refreshing medium green that can deliver understated pop.",621d77d3477f9c0209907a81c9e2b7a1e0fb90bc,,,88D17E,https://media.benjaminmoore.com/WebServices/prod/cdp/836x1045/green-paint-095-citrus-green-2032-40-rgb.jpg,https://www.benjaminmoore.com/en-us/paint-colors/color/2032-40/citrus-green,2024-07-30T23:00:44Z,2024-07-30T23:00:44Z,Citrus Green,,1,,"{'title': 'Citrus <em>Green</em> 2032-40 | Benjamin Moore', 'sections': 'Citrus <em>Green</em>', 'description': 'A crisp, refreshing medium <em>green</em> that can deliver understated pop.', 'color_name': 'Citrus <em>Green</em>', 'page_path': '&#x2F;en-us&#x2F;paint-colors&#x2F;color&#x2F;2032-40&#x2F;citrus-<em>green</em>', 'Family': '<em>Green</em>'}",6242eaf264441fb6ba005bdf,,Green,Medium,Interior,true,Color Preview&reg;
"['Rosemary Green', 'Matching Colors', 'Different Shades', 'Similar Colors', 'Color By Family']",/en-us/paint-colors/color/2029-30/rosemary-green,Rosemary Green 2029-30 | Benjamin Moore,Color,2029-30,A touch of yellow gives this green an herbaceous bite.,2beff087197278cc8f8f48e1c8660a14c1d42f7e,,,7BA640,https://media.benjaminmoore.com/WebServices/prod/cdp/836x1045/green-paint-101-rosemary-green-2029-30-rgb.jpg,https://www.benjaminmoore.com/en-us/paint-colors/color/2029-30/rosemary-green,2024-07-30T20:38:59Z,2024-07-30T20:38:59Z,Rosemary Green,,1,,"{'title': 'Rosemary <em>Green</em> 2029-30 | Benjamin Moore', 'sections': 'Rosemary <em>Green</em>', 'description': 'A touch of yellow gives this <em>green</em> an herbaceous bite.', 'color_name': 'Rosemary <em>Green</em>', 'page_path': '&#x2F;en-us&#x2F;paint-colors&#x2F;color&#x2F;2029-30&#x2F;rosemary-<em>green</em>', 'Family': '<em>Green</em>'}",6242eb06196a67741e896f45,,Green,Medium,Interior,true,Color Preview&reg;
"['Prairie Green', 'Matching Colors', 'Different Shades', 'Similar Colors', 'Color By Family']",/en-us/paint-colors/color/2038-30/prairie-green,Prairie Green 2038-30 | Benjamin Moore,Color,2038-30,"An eye-catching medium green with a fresh, cool cast.",c19dc6a1292d4d192645de4992cb66bbd7062eb8,,,0A976D,https://media.benjaminmoore.com/WebServices/prod/cdp/836x1045/green-paint-088-prairie-green-2038-30-rgb.jpg,https://www.benjaminmoore.com/en-us/paint-colors/color/2038-30/prairie-green,2024-07-30T20:43:49Z,2024-07-30T20:43:49Z,Prairie Green,,1,,"{'title': 'Prairie <em>Green</em> 2038-30 | Benjamin Moore', 'sections': 'Prairie <em>Green</em>', 'description': 'An eye-catching medium <em>green</em> with a fresh, cool cast.', 'color_name': 'Prairie <em>Green</em>', 'page_path': '&#x2F;en-us&#x2F;paint-colors&#x2F;color&#x2F;2038-30&#x2F;prairie-<em>green</em>', 'Family': '<em>Green</em>'}",6242cc4964441fcc94004eb5,,Green,Medium,"['Interior', 'Exterior']",true,Color Preview&reg;
"['Jade Green', 'Matching Colors', 'Different Shades', 'Similar Colors', 'Color By Family']",/en-us/paint-colors/color/2037-20/jade-green,Jade Green 2037-20 | Benjamin Moore,Color,2037-20,A dramatic green that conveys luxury and style.,1493406ac1e9b9be4f0193eeb0aa1675375bf58d,,,00874A,https://media.benjaminmoore.com/WebServices/prod/cdp/836x1045/green-paint-100-jade-green-2037-20-rgb.jpg,https://www.benjaminmoore.com/en-us/paint-colors/color/2037-20/jade-green,2024-07-30T13:31:32Z,2024-07-30T13:31:31Z,Jade Green,,1,,"{'title': 'Jade <em>Green</em> 2037-20 | Benjamin Moore', 'sections': 'Jade <em>Green</em>', 'description': 'A dramatic <em>green</em> that conveys luxury and style.', 'color_name': 'Jade <em>Green</em>', 'page_path': '&#x2F;en-us&#x2F;paint-colors&#x2F;color&#x2F;2037-20&#x2F;jade-<em>green</em>', 'Family': '<em>Green</em>'}",62424bb5196a67d8d0894e56,,Green,Dark,"['Interior', 'Exterior']",true,Color Preview&reg;
"['Kelly Green', 'Matching Colors', 'Different Shades', 'Similar Colors', 'Color By Family']",/en-us/paint-colors/color/2037-30/kelly-green,Kelly Green 2037-30 | Benjamin Moore,Color,2037-30,"A spirited medium green with cool, crisp cast.",73b1bebd66cc2a70cb8fe5bc7d08599d9190092e,,,00A162,https://media.benjaminmoore.com/WebServices/prod/cdp/836x1045/green-paint-100-kelly-green-2037-30-rgb.jpg,https://www.benjaminmoore.com/en-us/paint-colors/color/2037-30/kelly-green,2024-07-31T00:45:38Z,2024-07-31T00:45:37Z,Kelly Green,,1,,"{'title': 'Kelly <em>Green</em> 2037-30 | Benjamin Moore', 'sections': 'Kelly <em>Green</em>', 'description': 'A spirited medium <em>green</em> with cool, crisp cast.', 'color_name': 'Kelly <em>Green</em>', 'page_path': '&#x2F;en-us&#x2F;paint-colors&#x2F;color&#x2F;2037-30&#x2F;kelly-<em>green</em>', 'Family': '<em>Green</em>'}",624263d664441f32aa00471a,,Green,Medium,"['Interior', 'Exterior']",true,Color Preview&reg;
"['Southfield Green', 'Matching Colors', 'Different Shades', 'Similar Colors', 'Color By Family']",/en-us/paint-colors/color/hc-129/southfield-green,Southfield Green HC-129 | Benjamin Moore,Color,HC-129,An effervescent green with a wink of blue.,c49d2173a26d218b8d2e555d27132e7e90842eec,,,87AB93,https://media.benjaminmoore.com/WebServices/prod/cdp/836x1045/green-paint-087-southfield-green-HC-129-rgb.jpg,https://www.benjaminmoore.com/en-us/paint-colors/color/hc-129/southfield-green,2024-07-31T04:40:19Z,2024-07-03T11:18:42Z,Southfield Green,,1,,"{'title': 'Southfield <em>Green</em> HC-129 | Benjamin Moore', 'sections': 'Southfield <em>Green</em>', 'description': 'An effervescent <em>green</em> with a wink of blue.', 'color_name': 'Southfield <em>Green</em>', 'page_path': '&#x2F;en-us&#x2F;paint-colors&#x2F;color&#x2F;hc-129&#x2F;southfield-<em>green</em>', 'Family': '<em>Green</em>'}",62426b68e7b9d2ac080f3e7d,,Green,Medium,"['Interior', 'Exterior']",true,Historical Colors
"['Chrome Green', 'Matching Colors', 'Color By Family']",/en-us/paint-colors/color/hc-189/chrome-green,Chrome Green HC-189 | Benjamin Moore,Color,HC-189,A rich ivy green that imparts a strong sense of heritage.,7e3fb250a1d421dfe21a9a713270a20a443a0d72,Dark,Cool,0B412E,https://media.benjaminmoore.com/WebServices/prod/cdp/836x1045/green-paint-092-chrome-green-HC-189-rgb.jpg,https://www.benjaminmoore.com/en-us/paint-colors/color/hc-189/chrome-green,2024-07-20T20:35:09Z,2024-07-20T20:35:08Z,Chrome Green,,1,,"{'title': 'Chrome <em>Green</em> HC-189 | Benjamin Moore', 'sections': 'Chrome <em>Green</em>', 'description': 'A rich ivy <em>green</em> that imparts a strong sense of heritage.', 'color_name': 'Chrome <em>Green</em>', 'page_path': '&#x2F;en-us&#x2F;paint-colors&#x2F;color&#x2F;hc-189&#x2F;chrome-<em>green</em>'}",64bdccc6196a67116041d0aa,,,,,,
"['Essex Green', 'Matching Colors', 'Color By Family']",/en-us/paint-colors/color/hc-188/essex-green,Essex Green HC-188 | Benjamin Moore,Color,HC-188,A nearly black shade of green that inspires thoughts of historic estates overgrown with ivy.,523c16b3f68e07045834a7f70da140d77c3d6a70,Dark,Cool,27362E,https://media.benjaminmoore.com/WebServices/prod/cdp/836x1045/green-paint-086-essex-green-HC-188-rgb.jpg,https://www.benjaminmoore.com/en-us/paint-colors/color/hc-188/essex-green,2024-07-21T20:53:41Z,2024-07-21T20:53:40Z,Essex Green,,1,,"{'title': 'Essex <em>Green</em> HC-188 | Benjamin Moore', 'sections': 'Essex <em>Green</em>', 'description': 'A nearly black shade of <em>green</em> that inspires thoughts of historic estates overgrown with ivy.', 'color_name': 'Essex <em>Green</em>', 'page_path': '&#x2F;en-us&#x2F;paint-colors&#x2F;color&#x2F;hc-188&#x2F;essex-<em>green</em>'}",624309dd28ccbc3e91dd94fe,,,,,,
"['Glazed Green', 'Matching Colors', 'Similar Colors', 'Color By Family']",/en-us/paint-colors/color/cc-580/glazed-green,Glazed Green CC-580 | Benjamin Moore,Color,CC-580,"Soft and luminous, this light pistachio green evokes the milky glaze of pottery.",70022c0f52b72883cc8f4c1603b8255fd82ed89f,,,D6DABF,https://media.benjaminmoore.com/WebServices/prod/cdp/836x1045/green-paint-102-glazed-green-CC-580-rgb.jpg,https://www.benjaminmoore.com/en-us/paint-colors/color/cc-580/glazed-green,2024-07-30T19:59:34Z,2024-07-03T13:46:11Z,Glazed Green,,1,,"{'title': 'Glazed <em>Green</em> CC-580 | Benjamin Moore', 'sections': 'Glazed <em>Green</em>', 'description': 'Soft and luminous, this light pistachio <em>green</em> evokes the milky glaze of pottery.', 'color_name': 'Glazed <em>Green</em>', 'page_path': '&#x2F;en-us&#x2F;paint-colors&#x2F;color&#x2F;cc-580&#x2F;glazed-<em>green</em>', 'Family': '<em>Green</em>'}",6242f87e196a671346894fbd,,Green,Light,"['Interior', 'Exterior']",true,Designer Classics
"['Candy Green', 'Matching Colors', 'Different Shades', 'Similar Colors', 'Color By Family']",/en-us/paint-colors/color/403/candy-green,Candy Green 403 | Benjamin Moore,Color,403,"Evoking candied limes and granny smith apples, this saturated yellow-green is the perfect embodiment of sweet and sour.",c2303999af6cb7a837f6b41873aeaef06ed20498,Light,Warm,CCDB79,https://media.benjaminmoore.com/WebServices/prod/cdp/836x1045/green-paint-097-candy-green-403-rgb.jpg,https://www.benjaminmoore.com/en-us/paint-colors/color/403/candy-green,2024-07-21T23:12:14Z,2024-07-21T23:12:14Z,Candy Green,,1,,"{'title': 'Candy <em>Green</em> 403 | Benjamin Moore', 'sections': 'Candy <em>Green</em>', 'description': 'Evoking candied limes and granny smith apples, this saturated yellow-<em>green</em> is the perfect embodiment of sweet and sour.', 'color_name': 'Candy <em>Green</em>', 'page_path': '&#x2F;en-us&#x2F;paint-colors&#x2F;color&#x2F;403&#x2F;candy-<em>green</em>'}",62430d3828ccbc64d6ddb011,Yellow,,,,,
"['Springhill Green', 'Matching Colors', 'Different Shades', 'Similar Colors', 'Color By Family']",/en-us/paint-colors/color/412/springhill-green,Springhill Green 412 | Benjamin Moore,Color,412,A saturated shade of lime green that is buoyant and playful yet deeply rooted in the earth.,ccf7a8177da227ca18f830a52ce35fae744666e1,Medium,Warm,A5C667,https://media.benjaminmoore.com/WebServices/prod/cdp/836x1045/green-paint-096-springhill-green-412-rgb.jpg,https://www.benjaminmoore.com/en-us/paint-colors/color/412/springhill-green,2024-07-21T22:32:16Z,2024-07-03T16:44:30Z,Springhill Green,,1,,"{'title': 'Springhill <em>Green</em> 412 | Benjamin Moore', 'sections': 'Springhill <em>Green</em>', 'description': 'A saturated shade of lime <em>green</em> that is buoyant and playful yet deeply rooted in the earth.', 'color_name': 'Springhill <em>Green</em>', 'page_path': '&#x2F;en-us&#x2F;paint-colors&#x2F;color&#x2F;412&#x2F;springhill-<em>green</em>'}",62430d66e7b9d2f7bc0f3f3c,Yellow,,,,,
"['Green Essence', 'Matching Colors', 'Different Shades', 'Similar Colors', 'Color By Family']",/en-us/paint-colors/color/853/green-essence,Green Essence 853 | Benjamin Moore,Color,853,"Colored by the smallest drop of green, this delicate hue refreshes and awakens like your favorite springtime fragrance.",bf2791e0ac6d0200a6ee9d195a6c31cdae4b7060,Light,Warm,E3ECD9,https://media.benjaminmoore.com/WebServices/prod/cdp/836x1045/green-paint-255-green-essence-853-rgb.jpg,https://www.benjaminmoore.com/en-us/paint-colors/color/853/green-essence,2024-07-22T04:20:58Z,2024-07-03T16:47:00Z,Green Essence,,1,,"{'title': '<em>Green</em> Essence 853 | Benjamin Moore', 'sections': '<em>Green</em> Essence', 'description': 'Colored by the smallest drop of <em>green</em>, this delicate hue refreshes and awakens like your favorite springtime fragrance.', 'color_name': '<em>Green</em> Essence', 'page_path': '&#x2F;en-us&#x2F;paint-colors&#x2F;color&#x2F;853&#x2F;<em>green</em>-essence'}",6242eabb28ccbc002ddd9514,,,,,,
"['Taffeta Green', 'Matching Colors', 'Different Shades', 'Similar Colors', 'Color By Family']",/en-us/paint-colors/color/843/taffeta-green,Taffeta Green 843 | Benjamin Moore,Color,843,A pale yet bright green reminiscent of crisp taffeta drapes hanging in an elegant Rococo-style parlor.,6bdfdcbebf63189c60487f727d4483ea94302424,Light,Cool,D3E6DD,https://media.benjaminmoore.com/WebServices/prod/cdp/836x1045/green-paint-248-taffeta-green-843-rgb.jpg,https://www.benjaminmoore.com/en-us/paint-colors/color/843/taffeta-green,2024-07-22T04:19:01Z,2024-07-03T17:06:20Z,Taffeta Green,,1,,"{'title': 'Taffeta <em>Green</em> 843 | Benjamin Moore', 'sections': 'Taffeta <em>Green</em>', 'description': 'A pale yet bright <em>green</em> reminiscent of crisp taffeta drapes hanging in an elegant Rococo-style parlor.', 'color_name': 'Taffeta <em>Green</em>', 'page_path': '&#x2F;en-us&#x2F;paint-colors&#x2F;color&#x2F;843&#x2F;taffeta-<em>green</em>'}",6242fd6664441fd71a003946,,,,,,
"['Appalachian Green', 'Matching Colors', 'Different Shades', 'Similar Colors', 'Color By Family']",/en-us/paint-colors/color/852/appalachian-green,Appalachian Green 852 | Benjamin Moore,Color,852,"Offering the slightest hint of aloe green, this gentle hue can go a long way to refresh a space.",cdff9072abf7b767f4a4e91f6fe3500d8d8913cb,,,E7EDD9,https://media.benjaminmoore.com/WebServices/prod/cdp/836x1045/green-paint-255-appalachian-green-852-rgb.jpg,https://www.benjaminmoore.com/en-us/paint-colors/color/852/appalachian-green,2024-07-30T20:38:59Z,2024-07-30T20:38:59Z,Appalachian Green,,1,,"{'title': 'Appalachian <em>Green</em> 852 | Benjamin Moore', 'sections': 'Appalachian <em>Green</em>', 'description': 'Offering the slightest hint of aloe <em>green</em>, this gentle hue can go a long way to refresh a space.', 'color_name': 'Appalachian <em>Green</em>', 'page_path': '&#x2F;en-us&#x2F;paint-colors&#x2F;color&#x2F;852&#x2F;appalachian-<em>green</em>', 'Family': '<em>Green</em>'}",6242eaad28ccbc2415dd9f58,,Green,Light,"['Interior', 'Exterior']",true,Benjamin Moore Classics&reg;
"['Burgess Green', 'Matching Colors', 'Color By Family']",/en-us/paint-colors/color/cw-485/burgess-green,Burgess Green CW-485 | Benjamin Moore,Color,CW-485,"A part of Colonial Williamsburg's revival color palette, this beguiling and contemporary shade of fresh green packs a stylish punch.",a802d6acb2e101cfd27ce628d9a2181875566f20,Medium,Warm,BABD99,https://media.benjaminmoore.com/WebServices/prod/cdp/836x1045/green-paint-102-burgess-green-CW-485-rgb.jpg,https://www.benjaminmoore.com/en-us/paint-colors/color/cw-485/burgess-green,2024-07-21T03:19:08Z,2024-07-21T03:19:08Z,Burgess Green,,1,,"{'title': 'Burgess <em>Green</em> CW-485 | Benjamin Moore', 'sections': 'Burgess <em>Green</em>', 'description': 'A part of Colonial Williamsburg&#x27;s revival color palette, this beguiling and contemporary shade of fresh <em>green</em> packs a stylish punch.', 'color_name': 'Burgess <em>Green</em>', 'page_path': '&#x2F;en-us&#x2F;paint-colors&#x2F;color&#x2F;cw-485&#x2F;burgess-<em>green</em>'}",6249625564441f05a5005541,Yellow,,,,,
"['Palace Green', 'Matching Colors', 'Color By Family']",/en-us/paint-colors/color/cw-520/palace-green,Palace Green CW-520 | Benjamin Moore,Color,CW-520,"A mixture of Prussian blue, white and naturally occurring yellows, this rich, well-appointed green imbues rooms with style.",8488ac45357508c69208c6e0d62efaaf80e741da,Medium,Cool,768C6E,https://media.benjaminmoore.com/WebServices/prod/cdp/836x1045/green-paint-084-palace-green-CW-520-rgb.jpg,https://www.benjaminmoore.com/en-us/paint-colors/color/cw-520/palace-green,2024-07-21T21:32:03Z,2024-07-21T21:32:03Z,Palace Green,,1,,"{'title': 'Palace <em>Green</em> CW-520 | Benjamin Moore', 'sections': 'Palace <em>Green</em>', 'description': 'A mixture of Prussian blue, white and naturally occurring yellows, this rich, well-appointed <em>green</em> imbues rooms with style.', 'color_name': 'Palace <em>Green</em>', 'page_path': '&#x2F;en-us&#x2F;paint-colors&#x2F;color&#x2F;cw-520&#x2F;palace-<em>green</em>'}",62463c1f196a678243896f40,,,,,,
"['Goodwin Green', 'Matching Colors', 'Color By Family']",/en-us/paint-colors/color/cw-555/goodwin-green,Goodwin Green CW-555 | Benjamin Moore,Color,CW-555,"This rich, intense shade of deep green captures the verdigris pigment's tendency to shift toward black as it ages.",9e0afc8f472ea771b2a6570e47f37a3b5d9e0c83,,,435851,https://media.benjaminmoore.com/WebServices/prod/cdp/836x1045/green-paint-079-goodwin-green-CW-555-rgb.jpg,https://www.benjaminmoore.com/en-us/paint-colors/color/cw-555/goodwin-green,2024-07-30T13:34:06Z,2024-07-03T13:26:55Z,Goodwin Green,,1,,"{'title': 'Goodwin <em>Green</em> CW-555 | Benjamin Moore', 'sections': 'Goodwin <em>Green</em>', 'description': 'This rich, intense shade of deep <em>green</em> captures the verdigris pigment&#x27;s tendency to shift toward black as it ages.', 'color_name': 'Goodwin <em>Green</em>', 'page_path': '&#x2F;en-us&#x2F;paint-colors&#x2F;color&#x2F;cw-555&#x2F;goodwin-<em>green</em>', 'Family': '<em>Green</em>'}",62427b5be7b9d2c21a0f64c4,,Green,Dark,"['Interior', 'Exterior']",true,Williamsburg&reg; Paint Color Collection
"['Waller Green', 'Matching Colors', 'Color By Family']",/en-us/paint-colors/color/cw-510/waller-green,Waller Green CW-510 | Benjamin Moore,Color,CW-510,"Smokey and supple, this very deep shade of green captures the look of verdigris as it ages.",43758395d900a3bda82b8061989556e11247f9a4,,,363A32,https://media.benjaminmoore.com/WebServices/prod/cdp/836x1045/neutral-paint-084-waller-green-CW-510-rgb.jpg,https://www.benjaminmoore.com/en-us/paint-colors/color/cw-510/waller-green,2024-07-31T00:48:47Z,2024-07-03T11:57:18Z,Waller Green,,1,,"{'title': 'Waller <em>Green</em> CW-510 | Benjamin Moore', 'sections': 'Waller <em>Green</em>', 'description': 'Smokey and supple, this very deep shade of <em>green</em> captures the look of verdigris as it ages.', 'color_name': 'Waller <em>Green</em>', 'page_path': '&#x2F;en-us&#x2F;paint-colors&#x2F;color&#x2F;cw-510&#x2F;waller-<em>green</em>'}",6243103c64441f7d90004a17,,Neutral,Dark,"['Interior', 'Exterior']",true,Williamsburg&reg; Paint Color Collection
"['Caribe Green', 'Matching Colors', 'Different Shades', 'Similar Colors', 'Color By Family']",/en-us/paint-colors/color/2042-50/caribe-green,Caribe Green 2042-50 | Benjamin Moore,Color,2042-50,"A light, pulsating blue-green that immediately sets a fun tone.",fbbe5b6ed32cef2a611a668f5b0b26ab6ad75655,Light,Cool,86DECD,https://media.benjaminmoore.com/WebServices/prod/cdp/836x1045/green-paint-124-caribe-green-2042-50-rgb.jpg,https://www.benjaminmoore.com/en-us/paint-colors/color/2042-50/caribe-green,2024-07-21T19:27:53Z,2024-07-21T19:27:53Z,Caribe Green,,1,,"{'title': 'Caribe <em>Green</em> 2042-50 | Benjamin Moore', 'sections': 'Caribe <em>Green</em>', 'description': 'A light, pulsating blue-<em>green</em> that immediately sets a fun tone.', 'color_name': 'Caribe <em>Green</em>', 'page_path': '&#x2F;en-us&#x2F;paint-colors&#x2F;color&#x2F;2042-50&#x2F;caribe-<em>green</em>'}",62430236196a679fb589473d,,,,,,
"['Mallard Green', 'Matching Colors', 'Different Shades', 'Similar Colors', 'Color By Family']",/en-us/paint-colors/color/2053-10/mallard-green,Mallard Green 2053-10 | Benjamin Moore,Color,2053-10,"A classic dark green that conjures the elegant patina of an old, luxurious study.",02ab323025eb1435d1c29c5ba9f97acb90e8b3ec,Dark,Cool,294E4F,https://media.benjaminmoore.com/WebServices/prod/cdp/836x1045/blue-paint-109-mallard-green-2053-10-rgb.jpg,https://www.benjaminmoore.com/en-us/paint-colors/color/2053-10/mallard-green,2024-07-21T19:46:21Z,2024-07-21T19:46:21Z,Mallard Green,,1,,"{'title': 'Mallard <em>Green</em> 2053-10 | Benjamin Moore', 'sections': 'Mallard <em>Green</em>', 'description': 'A classic dark <em>green</em> that conjures the elegant patina of an old, luxurious study.', 'color_name': 'Mallard <em>Green</em>', 'page_path': '&#x2F;en-us&#x2F;paint-colors&#x2F;color&#x2F;2053-10&#x2F;mallard-<em>green</em>'}",6242aca964441f4003003f6a,,,,,,
"['Budding Green', 'Matching Colors', 'Different Shades', 'Similar Colors', 'Color By Family']",/en-us/paint-colors/color/csp-790/budding-green,Budding Green CSP-790 | Benjamin Moore,Color,CSP-790,Picture the first green shoots on a drizzly spring day. Now imagine it in your room.,41f829d165b43224ec8285de64061e829a2d77a9,Light,Warm,C8D0B7,https://media.benjaminmoore.com/WebServices/prod/cdp/836x1045/green-paint-101-budding-green-CSP-790-rgb.jpg,https://www.benjaminmoore.com/en-us/paint-colors/color/csp-790/budding-green,2024-07-21T19:36:01Z,2024-07-21T19:36:00Z,Budding Green,,1,,"{'title': 'Budding <em>Green</em> CSP-790 | Benjamin Moore', 'sections': 'Budding <em>Green</em>', 'description': 'Picture the first <em>green</em> shoots on a drizzly spring day. Now imagine it in your room.', 'color_name': 'Budding <em>Green</em>', 'page_path': '&#x2F;en-us&#x2F;paint-colors&#x2F;color&#x2F;csp-790&#x2F;budding-<em>green</em>'}",624319db196a67c55d896669,Yellow,,,,,
"['Nile Green', 'Matching Colors', 'Different Shades', 'Similar Colors', 'Color By Family']",/en-us/paint-colors/color/2035-30/nile-green,Nile Green 2035-30 | Benjamin Moore,Color,2035-30,"Classic and subtly shaded, this green conveys mystery and Old World elegance.",db94ff94f5e84e6a2e8b16a902e64ad7eb40926f,Dark,Cool,348354,https://media.benjaminmoore.com/WebServices/prod/cdp/836x1045/green-paint-086-nile-green-2035-30-rgb.jpg,https://www.benjaminmoore.com/en-us/paint-colors/color/2035-30/nile-green,2024-07-21T20:58:21Z,2024-07-21T20:58:20Z,Nile Green,,1,,"{'title': 'Nile <em>Green</em> 2035-30 | Benjamin Moore', 'sections': 'Nile <em>Green</em>', 'description': 'Classic and subtly shaded, this <em>green</em> conveys mystery and Old World elegance.', 'color_name': 'Nile <em>Green</em>', 'page_path': '&#x2F;en-us&#x2F;paint-colors&#x2F;color&#x2F;2035-30&#x2F;nile-<em>green</em>'}",624263d528ccbc2f95dda662,,,,,,
"['Grape Green', 'Matching Colors', 'Different Shades', 'Similar Colors', 'Color By Family']",/en-us/paint-colors/color/2027-40/grape-green,Grape Green 2027-40 | Benjamin Moore,Color,2027-40,An intriguing mid-tone that combines earthy green with cheerful yellow.,d6ed16523a3ca9c13d478df5401ddbc4ec4a4f3c,Light,Warm,D5D869,https://media.benjaminmoore.com/WebServices/prod/cdp/836x1045/green-paint-076-grape-green-2027-40-rgb.jpg,https://www.benjaminmoore.com/en-us/paint-colors/color/2027-40/grape-green,2024-07-21T23:11:34Z,2024-07-21T23:11:33Z,Grape Green,,1,,"{'title': 'Grape <em>Green</em> 2027-40 | Benjamin Moore', 'sections': 'Grape <em>Green</em>', 'description': 'An intriguing mid-tone that combines earthy <em>green</em> with cheerful yellow.', 'color_name': 'Grape <em>Green</em>', 'page_path': '&#x2F;en-us&#x2F;paint-colors&#x2F;color&#x2F;2027-40&#x2F;grape-<em>green</em>'}",6242e88528ccbcf1fedd9bd1,Yellow,,,,,
"['Celadon Green', 'Matching Colors', 'Different Shades', 'Similar Colors', 'Color By Family']",/en-us/paint-colors/color/2028-60/celadon-green,Celadon Green 2028-60 | Benjamin Moore,Color,2028-60,"Crisp yellow and green tones come through in this light, refreshing hue.",67062c4cf4fbfb303f77b716dee57548a62e4a44,Light,Warm,EDF1C7,https://media.benjaminmoore.com/WebServices/prod/cdp/836x1045/green-paint-074-celadon-green-2028-60-rgb.jpg,https://www.benjaminmoore.com/en-us/paint-colors/color/2028-60/celadon-green,2024-07-21T23:10:48Z,2024-07-21T23:10:48Z,Celadon Green,,1,,"{'title': 'Celadon <em>Green</em> 2028-60 | Benjamin Moore', 'sections': 'Celadon <em>Green</em>', 'description': 'Crisp yellow and <em>green</em> tones come through in this light, refreshing hue.', 'color_name': 'Celadon <em>Green</em>', 'page_path': '&#x2F;en-us&#x2F;paint-colors&#x2F;color&#x2F;2028-60&#x2F;celadon-<em>green</em>'}",6243112b28ccbcddf2dda4c3,Yellow,,,,,
"['Cushing Green', 'Matching Colors', 'Different Shades', 'Similar Colors', 'Color By Family']",/en-us/paint-colors/color/hc-125/cushing-green,Cushing Green HC-125 | Benjamin Moore,Color,HC-125,A balanced dark green that can flatter a wide range of color schemes and styles.,5d1c4a78cee8cb8ad0f0386263f61c49ad0e1c85,Dark,Cool,687666,https://media.benjaminmoore.com/WebServices/prod/cdp/836x1045/green-paint-079-cushing-green-HC-125-rgb.jpg,https://www.benjaminmoore.com/en-us/paint-colors/color/hc-125/cushing-green,2024-07-22T00:34:10Z,2024-07-22T00:34:10Z,Cushing Green,,1,,"{'title': 'Cushing <em>Green</em> HC-125 | Benjamin Moore', 'sections': 'Cushing <em>Green</em>', 'description': 'A balanced dark <em>green</em> that can flatter a wide range of color schemes and styles.', 'color_name': 'Cushing <em>Green</em>', 'page_path': '&#x2F;en-us&#x2F;paint-colors&#x2F;color&#x2F;hc-125&#x2F;cushing-<em>green</em>'}",6242b3a4e7b9d2b84f0f5bb3,Yellow,,,,,
"['Yukon Green', 'Matching Colors', 'Different Shades', 'Similar Colors', 'Color By Family']",/en-us/paint-colors/color/2051-10/yukon-green,Yukon Green 2051-10 | Benjamin Moore,Color,2051-10,A classic forest green that imparts a stately elegance into any space.,aaa8462bfa09f58e808d98aa2553e54b88edc115,Dark,Cool,2F534F,https://media.benjaminmoore.com/WebServices/prod/cdp/836x1045/blue-paint-119-yukon-green-2051-10-rgb.jpg,https://www.benjaminmoore.com/en-us/paint-colors/color/2051-10/yukon-green,2024-07-22T01:07:02Z,2024-07-22T01:07:02Z,Yukon Green,,1,,"{'title': 'Yukon <em>Green</em> 2051-10 | Benjamin Moore', 'sections': 'Yukon <em>Green</em>', 'description': 'A classic forest <em>green</em> that imparts a stately elegance into any space.', 'color_name': 'Yukon <em>Green</em>', 'page_path': '&#x2F;en-us&#x2F;paint-colors&#x2F;color&#x2F;2051-10&#x2F;yukon-<em>green</em>'}",6242ef8d196a673599894eee,,,,,,
"['Tuscany Green', 'Matching Colors', 'Different Shades', 'Similar Colors', 'Color By Family']",/en-us/paint-colors/color/2140-20/tuscany-green,Tuscany Green 2140-20 | Benjamin Moore,Color,2140-20,"A dark, muted olive green that conjures the lush rolling hills of the Italian countryside.",4f78f9d48901525889ca4338174762bf16389642,Dark,Warm,545447,https://media.benjaminmoore.com/WebServices/prod/cdp/836x1045/green-paint-221-tuscany-green-2140-20-rgb.jpg,https://www.benjaminmoore.com/en-us/paint-colors/color/2140-20/tuscany-green,2024-07-22T02:14:13Z,2024-07-22T02:14:12Z,Tuscany Green,,1,,"{'title': 'Tuscany <em>Green</em> 2140-20 | Benjamin Moore', 'sections': 'Tuscany <em>Green</em>', 'description': 'A dark, muted olive <em>green</em> that conjures the lush rolling hills of the Italian countryside.', 'color_name': 'Tuscany <em>Green</em>', 'page_path': '&#x2F;en-us&#x2F;paint-colors&#x2F;color&#x2F;2140-20&#x2F;tuscany-<em>green</em>'}",6242cbd2e7b9d2b75b0f5dcc,Brown,,,,,
"['Fatigue Green', 'Matching Colors', 'Different Shades', 'Similar Colors', 'Color By Family']",/en-us/paint-colors/color/2140-10/fatigue-green,Fatigue Green 2140-10 | Benjamin Moore,Color,2140-10,"Verging on black, this dark, malleable hue is distinguished by warm green undertones.",a69ff9b7bac89f1f3ecb766bc4814b7cc6ba003c,Dark,Warm,4B4B3F,https://media.benjaminmoore.com/WebServices/prod/cdp/836x1045/green-paint-221-fatigue-green-2140-10-rgb.jpg,https://www.benjaminmoore.com/en-us/paint-colors/color/2140-10/fatigue-green,2024-07-22T02:14:13Z,2024-07-22T02:14:12Z,Fatigue Green,,1,,"{'title': 'Fatigue <em>Green</em> 2140-10 | Benjamin Moore', 'sections': 'Fatigue <em>Green</em>', 'description': 'Verging on black, this dark, malleable hue is distinguished by warm <em>green</em> undertones.', 'color_name': 'Fatigue <em>Green</em>', 'page_path': '&#x2F;en-us&#x2F;paint-colors&#x2F;color&#x2F;2140-10&#x2F;fatigue-<em>green</em>'}",6385a044196a6738bca27ef7,Brown,,,,,
"['Pine Green', 'Matching Colors', 'Different Shades', 'Similar Colors', 'Color By Family']",/en-us/paint-colors/color/2051-20/pine-green,Pine Green 2051-20 | Benjamin Moore,Color,2051-20,"A deep, dignified green that conveys a grounded sense of luxury.",9bcc50b7cd7d665cb23700a7ead79bd52f01946c,Dark,Cool,2D5D5A,https://media.benjaminmoore.com/WebServices/prod/cdp/836x1045/blue-paint-119-pine-green-2051-20-rgb.jpg,https://www.benjaminmoore.com/en-us/paint-colors/color/2051-20/pine-green,2024-07-22T02:58:23Z,2024-07-22T02:58:22Z,Pine Green,,1,,"{'title': 'Pine <em>Green</em> 2051-20 | Benjamin Moore', 'sections': 'Pine <em>Green</em>', 'description': 'A deep, dignified <em>green</em> that conveys a grounded sense of luxury.', 'color_name': 'Pine <em>Green</em>', 'page_path': '&#x2F;en-us&#x2F;paint-colors&#x2F;color&#x2F;2051-20&#x2F;pine-<em>green</em>'}",6242ef8d28ccbcc611ddb0b7,,,,,,
"['Green Grove', 'Matching Colors', 'Different Shades', 'Similar Colors', 'Color By Family']",/en-us/paint-colors/color/2138-20/green-grove,Green Grove 2138-20 | Benjamin Moore,Color,2138-20,"Warm and lush, this dark olive green captures the vitality of nature.",f0fe06d6ecfea3e8db53aabb50c8f012d9f32e4c,Dark,Warm,555042,https://media.benjaminmoore.com/WebServices/prod/cdp/836x1045/green-paint-214-green-grove-2138-20-rgb.jpg,https://www.benjaminmoore.com/en-us/paint-colors/color/2138-20/green-grove,2024-07-21T21:31:57Z,2024-07-21T21:31:57Z,Green Grove,,1,,"{'title': '<em>Green</em> Grove 2138-20 | Benjamin Moore', 'sections': '<em>Green</em> Grove', 'description': 'Warm and lush, this dark olive <em>green</em> captures the vitality of nature.', 'color_name': '<em>Green</em> Grove', 'page_path': '&#x2F;en-us&#x2F;paint-colors&#x2F;color&#x2F;2138-20&#x2F;<em>green</em>-grove'}",6242acd364441f7996004d1c,Brown,,,,,
"['Newport Green', 'Matching Colors', 'Different Shades', 'Similar Colors', 'Color By Family']",/en-us/paint-colors/color/2050-30/newport-green,Newport Green 2050-30 | Benjamin Moore,Color,2050-30,"With its subtle gray cast, an alluring air of mystery surrounds this teal-ish green.",217155a8a867a75e5c473f502ac6aaa64f020129,Dark,Cool,3E7371,https://media.benjaminmoore.com/WebServices/prod/cdp/836x1045/green-paint-117-newport-green-2050-30-rgb.jpg,https://www.benjaminmoore.com/en-us/paint-colors/color/2050-30/newport-green,2024-07-21T22:15:09Z,2024-07-21T22:15:08Z,Newport Green,,1,,"{'title': 'Newport <em>Green</em> 2050-30 | Benjamin Moore', 'sections': 'Newport <em>Green</em>', 'description': 'With its subtle gray cast, an alluring air of mystery surrounds this teal-ish <em>green</em>.', 'color_name': 'Newport <em>Green</em>', 'page_path': '&#x2F;en-us&#x2F;paint-colors&#x2F;color&#x2F;2050-30&#x2F;newport-<em>green</em>'}",624296f2196a674e6f895d7f,,,,,,
"['Lichen Green', 'Matching Colors', 'Different Shades', 'Similar Colors', 'Color By Family']",/en-us/paint-colors/color/2150-20/lichen-green,Lichen Green 2150-20 | Benjamin Moore,Color,2150-20,A lush yellow-green that captures the otherworldly hue of lichen.,a75814c0b0de07ca9d66e0fbfb912500fa110ce6,Medium,Warm,A89343,https://media.benjaminmoore.com/WebServices/prod/cdp/836x1045/green-paint-072-lichen-green-2150-20-rgb.jpg,https://www.benjaminmoore.com/en-us/paint-colors/color/2150-20/lichen-green,2024-07-21T20:45:03Z,2024-07-21T20:45:03Z,Lichen Green,,1,,"{'title': 'Lichen <em>Green</em> 2150-20 | Benjamin Moore', 'sections': 'Lichen <em>Green</em>', 'description': 'A lush yellow-<em>green</em> that captures the otherworldly hue of lichen.', 'color_name': 'Lichen <em>Green</em>', 'page_path': '&#x2F;en-us&#x2F;paint-colors&#x2F;color&#x2F;2150-20&#x2F;lichen-<em>green</em>'}",624292b7e7b9d218f30f4478,Yellow,,,,,
"['Leisure Green', 'Matching Colors', 'Different Shades', 'Similar Colors', 'Color By Family']",/en-us/paint-colors/color/2035-60/leisure-green,Leisure Green 2035-60 | Benjamin Moore,Color,2035-60,A soft stroke of blue-green makes for a soothing hue.,ffd7915b21afa6162f6934c8d1d5d4d1fd28ac6e,Light,Cool,C8E3D2,https://media.benjaminmoore.com/WebServices/prod/cdp/836x1045/green-paint-086-leisure-green-2035-60-rgb.jpg,https://www.benjaminmoore.com/en-us/paint-colors/color/2035-60/leisure-green,2024-07-21T20:57:23Z,2024-07-21T20:57:23Z,Leisure Green,,1,,"{'title': 'Leisure <em>Green</em> 2035-60 | Benjamin Moore', 'sections': 'Leisure <em>Green</em>', 'description': 'A soft stroke of blue-<em>green</em> makes for a soothing hue.', 'color_name': 'Leisure <em>Green</em>', 'page_path': '&#x2F;en-us&#x2F;paint-colors&#x2F;color&#x2F;2035-60&#x2F;leisure-<em>green</em>'}",6242cc8228ccbc0b9fdd9b8f,,,,,,
"['Cactus Green', 'Matching Colors', 'Different Shades', 'Similar Colors', 'Color By Family']",/en-us/paint-colors/color/2035-20/cactus-green,Cactus Green 2035-20 | Benjamin Moore,Color,2035-20,A succulent green that brings a classic anchor to the room.,b6d53af1ef24630bdbedb0d5a025bb3e6e48ee96,Dark,Cool,227442,https://media.benjaminmoore.com/WebServices/prod/cdp/836x1045/green-paint-086-cactus-green-2035-20-rgb.jpg,https://www.benjaminmoore.com/en-us/paint-colors/color/2035-20/cactus-green,2024-07-21T20:58:14Z,2024-07-21T20:58:14Z,Cactus Green,,1,,"{'title': 'Cactus <em>Green</em> 2035-20 | Benjamin Moore', 'sections': 'Cactus <em>Green</em>', 'description': 'A succulent <em>green</em> that brings a classic anchor to the room.', 'color_name': 'Cactus <em>Green</em>', 'page_path': '&#x2F;en-us&#x2F;paint-colors&#x2F;color&#x2F;2035-20&#x2F;cactus-<em>green</em>'}",6242cca9196a671afd894c8f,,,,,,
"['Terrapin Green', 'Matching Colors', 'Different Shades', 'Similar Colors', 'Color By Family']",/en-us/paint-colors/color/2145-20/terrapin-green,Terrapin Green 2145-20 | Benjamin Moore,Color,2145-20,"Confident and playful, this pea green hue has a charming, vaguely retro quality.",e62830468d6f942d1dfed86ecb970e8580c4629f,Medium,Warm,8B8C50,https://media.benjaminmoore.com/WebServices/prod/cdp/836x1045/green-paint-077-terrapin-green-2145-20-rgb.jpg,https://www.benjaminmoore.com/en-us/paint-colors/color/2145-20/terrapin-green,2024-07-21T21:09:45Z,2024-07-21T21:09:44Z,Terrapin Green,,1,,"{'title': 'Terrapin <em>Green</em> 2145-20 | Benjamin Moore', 'sections': 'Terrapin <em>Green</em>', 'description': 'Confident and playful, this pea <em>green</em> hue has a charming, vaguely retro quality.', 'color_name': 'Terrapin <em>Green</em>', 'page_path': '&#x2F;en-us&#x2F;paint-colors&#x2F;color&#x2F;2145-20&#x2F;terrapin-<em>green</em>'}",6242573c196a6795bf8966ba,Yellow,,,,,
"['Green Tint', 'Matching Colors', 'Different Shades', 'Similar Colors', 'Color By Family']",/en-us/paint-colors/color/2139-60/green-tint,Green Tint 2139-60 | Benjamin Moore,Color,2139-60,"True to its name, this delicate gray exhibits the softest suggestion of green.",6c94bb2549264685efd6f07c846de8dd43254d95,Light,Cool,DAE0DA,https://media.benjaminmoore.com/WebServices/prod/cdp/836x1045/green-paint-104-green-tint-2139-60-rgb.jpg,https://www.benjaminmoore.com/en-us/paint-colors/color/2139-60/green-tint,2024-07-22T03:54:30Z,2024-07-22T03:54:29Z,Green Tint,,1,,"{'title': '<em>Green</em> Tint 2139-60 | Benjamin Moore', 'sections': '<em>Green</em> Tint', 'description': 'True to its name, this delicate gray exhibits the softest suggestion of <em>green</em>.', 'color_name': '<em>Green</em> Tint', 'page_path': '&#x2F;en-us&#x2F;paint-colors&#x2F;color&#x2F;2139-60&#x2F;<em>green</em>-tint'}",62426ef428ccbcf844dda9b3,,,,,,
"['Cabana Green', 'Matching Colors', 'Different Shades', 'Similar Colors', 'Color By Family']",/en-us/paint-colors/color/2039-30/cabana-green,Cabana Green 2039-30 | Benjamin Moore,Color,2039-30,"Bright and energetic, this blue-tinged green produces a festive mood.",7f9595afc2a6fafd6e3fe557dfb9109ecd515da3,Medium,Cool,009E75,https://media.benjaminmoore.com/WebServices/prod/cdp/836x1045/green-paint-087-cabana-green-2039-30-rgb.jpg,https://www.benjaminmoore.com/en-us/paint-colors/color/2039-30/cabana-green,2024-07-22T04:06:13Z,2024-07-22T04:06:12Z,Cabana Green,,1,,"{'title': 'Cabana <em>Green</em> 2039-30 | Benjamin Moore', 'sections': 'Cabana <em>Green</em>', 'description': 'Bright and energetic, this blue-tinged <em>green</em> produces a festive mood.', 'color_name': 'Cabana <em>Green</em>', 'page_path': '&#x2F;en-us&#x2F;paint-colors&#x2F;color&#x2F;2039-30&#x2F;cabana-<em>green</em>'}",6242cc3de7b9d2b75b0f5eff,,,,,,
"['Green Leaf', 'Matching Colors', 'Different Shades', 'Similar Colors', 'Color By Family']",/en-us/paint-colors/color/2045-30/green-leaf,Green Leaf 2045-30 | Benjamin Moore,Color,2045-30,A hyper-charged green that shows a bold sense of style.,9a02ad037e991c55eed005869269089839630ae6,Medium,Cool,009C7D,https://media.benjaminmoore.com/WebServices/prod/cdp/836x1045/green-paint-092-green-leaf-2045-30-rgb.jpg,https://www.benjaminmoore.com/en-us/paint-colors/color/2045-30/green-leaf,2024-07-22T04:06:50Z,2024-07-22T04:06:50Z,Green Leaf,,1,,"{'title': '<em>Green</em> Leaf 2045-30 | Benjamin Moore', 'sections': '<em>Green</em> Leaf', 'description': 'A hyper-charged <em>green</em> that shows a bold sense of style.', 'color_name': '<em>Green</em> Leaf', 'page_path': '&#x2F;en-us&#x2F;paint-colors&#x2F;color&#x2F;2045-30&#x2F;<em>green</em>-leaf'}",6338f3f2196a67ab039949f6,,,,,,
"['Meadowlands Green', 'Matching Colors', 'Different Shades', 'Similar Colors', 'Color By Family']",/en-us/paint-colors/color/2036-40/meadowlands-green,Meadowlands Green 2036-40 | Benjamin Moore,Color,2036-40,A zippy shade of green sharpened with a touch of blue.,81e89510460302c5795bb71d0f529c41fcf40448,Medium,Cool,75C099,https://media.benjaminmoore.com/WebServices/prod/cdp/836x1045/green-paint-093-meadowlands-green-2036-40-rgb.jpg,https://www.benjaminmoore.com/en-us/paint-colors/color/2036-40/meadowlands-green,2024-07-22T04:17:34Z,2024-07-22T04:17:34Z,Meadowlands Green,,1,,"{'title': 'Meadowlands <em>Green</em> 2036-40 | Benjamin Moore', 'sections': 'Meadowlands <em>Green</em>', 'description': 'A zippy shade of <em>green</em> sharpened with a touch of blue.', 'color_name': 'Meadowlands <em>Green</em>', 'page_path': '&#x2F;en-us&#x2F;paint-colors&#x2F;color&#x2F;2036-40&#x2F;meadowlands-<em>green</em>'}",6242ccf364441f0881004276,,,,,,
"['Very Green', 'Matching Colors', 'Different Shades', 'Similar Colors', 'Color By Family']",/en-us/paint-colors/color/2040-30/very-green,Very Green 2040-30 | Benjamin Moore,Color,2040-30,A hint of gray adds mystery to this classic cool green.,bff147e2280d58bd083900a6fd163eb4d74f39d1,Dark,Cool,17775C,https://media.benjaminmoore.com/WebServices/prod/cdp/836x1045/green-paint-089-very-green-2040-30-rgb.jpg,https://www.benjaminmoore.com/en-us/paint-colors/color/2040-30/very-green,2024-07-22T03:38:14Z,2024-07-22T03:38:14Z,Very Green,,1,,"{'title': 'Very <em>Green</em> 2040-30 | Benjamin Moore', 'sections': 'Very <em>Green</em>', 'description': 'A hint of gray adds mystery to this classic cool <em>green</em>.', 'color_name': 'Very <em>Green</em>', 'page_path': '&#x2F;en-us&#x2F;paint-colors&#x2F;color&#x2F;2040-30&#x2F;very-<em>green</em>'}",62430284e7b9d241a40f510f,,,,,,
"['Green Sponge', 'Matching Colors', 'Different Shades', 'Similar Colors', 'Color By Family']",/en-us/paint-colors/color/2046-40/green-sponge,Green Sponge 2046-40 | Benjamin Moore,Color,2046-40,"An almost-fluorescent shade of medium green with a cool, crisp cast.",a5c4c3112f43acc3352266a01358703200269bf8,Medium,Cool,22C3AF,https://media.benjaminmoore.com/WebServices/prod/cdp/836x1045/green-paint-088-green-sponge-2046-40-rgb.jpg,https://www.benjaminmoore.com/en-us/paint-colors/color/2046-40/green-sponge,2024-07-22T02:16:08Z,2024-07-22T02:16:07Z,Green Sponge,,1,,"{'title': '<em>Green</em> Sponge 2046-40 | Benjamin Moore', 'sections': '<em>Green</em> Sponge', 'description': 'An almost-fluorescent shade of medium <em>green</em> with a cool, crisp cast.', 'color_name': '<em>Green</em> Sponge', 'page_path': '&#x2F;en-us&#x2F;paint-colors&#x2F;color&#x2F;2046-40&#x2F;<em>green</em>-sponge'}",6243149364441f33e60058a1,,,,,,
"['Army Green', 'Matching Colors', 'Different Shades', 'Similar Colors', 'Color By Family']",/en-us/paint-colors/color/2141-30/army-green,Army Green 2141-30 | Benjamin Moore,Color,2141-30,"A dark, muted green that infuses a space with equal amounts earthiness and elegance.",460b5b271c9fd4fd84205af826c4465690b39688,Dark,Warm,6A6855,https://media.benjaminmoore.com/WebServices/prod/cdp/836x1045/green-paint-105-army-green-2141-30-rgb.jpg,https://www.benjaminmoore.com/en-us/paint-colors/color/2141-30/army-green,2024-07-22T03:36:16Z,2024-07-22T03:36:15Z,Army Green,,1,,"{'title': 'Army <em>Green</em> 2141-30 | Benjamin Moore', 'sections': 'Army <em>Green</em>', 'description': 'A dark, muted <em>green</em> that infuses a space with equal amounts earthiness and elegance.', 'color_name': 'Army <em>Green</em>', 'page_path': '&#x2F;en-us&#x2F;paint-colors&#x2F;color&#x2F;2141-30&#x2F;army-<em>green</em>'}",624298c8e7b9d2cd1c0f4fd0,Brown,,,,,
"['Paradise Green', 'Matching Colors', 'Different Shades', 'Similar Colors', 'Color By Family']",/en-us/paint-colors/color/2031-20/paradise-green,Paradise Green 2031-20 | Benjamin Moore,Color,2031-20,A hit of yellow brings tropical flavor to this bright green.,a21515c4fb858325e5e193502fcb633499d3b225,,,62B424,https://media.benjaminmoore.com/WebServices/prod/cdp/836x1045/green-paint-096-paradise-green-2031-20-rgb.jpg,https://www.benjaminmoore.com/en-us/paint-colors/color/2031-20/paradise-green,2024-07-30T21:52:50Z,2024-07-03T16:44:30Z,Paradise Green,,1,,"{'title': 'Paradise <em>Green</em> 2031-20 | Benjamin Moore', 'sections': 'Paradise <em>Green</em>', 'description': 'A hit of yellow brings tropical flavor to this bright <em>green</em>.', 'color_name': 'Paradise <em>Green</em>', 'page_path': '&#x2F;en-us&#x2F;paint-colors&#x2F;color&#x2F;2031-20&#x2F;paradise-<em>green</em>', 'Family': '<em>Green</em>'}",636f10d0196a677abbbea001,,Green,Medium,Interior,true,Color Preview&reg;
"['Scuba Green', 'Matching Colors', 'Different Shades', 'Similar Colors', 'Color By Family']",/en-us/paint-colors/color/2046-50/scuba-green,Scuba Green 2046-50 | Benjamin Moore,Color,2046-50,An intriguing green that captures the vivid seafoam crest of crashing waves.,b031a61df6c6aa39f57c87da70849ec2defebc41,,,81DDD0,https://media.benjaminmoore.com/WebServices/prod/cdp/836x1045/green-paint-088-scuba-green-2046-50-rgb.jpg,https://www.benjaminmoore.com/en-us/paint-colors/color/2046-50/scuba-green,2024-07-30T15:21:28Z,2024-07-30T15:21:28Z,Scuba Green,,1,,"{'title': 'Scuba <em>Green</em> 2046-50 | Benjamin Moore', 'sections': 'Scuba <em>Green</em>', 'description': 'An intriguing <em>green</em> that captures the vivid seafoam crest of crashing waves.', 'color_name': 'Scuba <em>Green</em>', 'page_path': '&#x2F;en-us&#x2F;paint-colors&#x2F;color&#x2F;2046-50&#x2F;scuba-<em>green</em>', 'Family': '<em>Green</em>'}",62431488196a67657889481e,,Green,Light,"['Interior', 'Exterior']",true,Color Preview&reg;
"['Adam Green', 'Matching Colors', 'Different Shades', 'Similar Colors', 'Color By Family']",/en-us/paint-colors/color/2037-40/adam-green,Adam Green 2037-40 | Benjamin Moore,Color,2037-40,A splash of blue sharpens this intense shade of mint green.,a399a37c4cba88addc6733db3ab0522869541b18,,,53C799,https://media.benjaminmoore.com/WebServices/prod/cdp/836x1045/green-paint-100-adam-green-2037-40-rgb.jpg,https://www.benjaminmoore.com/en-us/paint-colors/color/2037-40/adam-green,2024-07-31T00:45:41Z,2024-07-31T00:45:41Z,Adam Green,,1,,"{'title': 'Adam <em>Green</em> 2037-40 | Benjamin Moore', 'sections': 'Adam <em>Green</em>', 'description': 'A splash of blue sharpens this intense shade of mint <em>green</em>.', 'color_name': 'Adam <em>Green</em>', 'page_path': '&#x2F;en-us&#x2F;paint-colors&#x2F;color&#x2F;2037-40&#x2F;adam-<em>green</em>', 'Family': '<em>Green</em>'}",624263d564441f3e1000605f,,Green,Medium,"['Interior', 'Exterior']",true,Color Preview&reg;
"['Celtic Green', 'Matching Colors', 'Different Shades', 'Similar Colors', 'Color By Family']",/en-us/paint-colors/color/2038-10/celtic-green,Celtic Green 2038-10 | Benjamin Moore,Color,2038-10,"A deep, leafy green that can anchor a room in sophistication.",d80e9168e5186a15a3cfc421fe8677c7ef5aeb31,,,0C6546,https://media.benjaminmoore.com/WebServices/prod/cdp/836x1045/green-paint-088-celtic-green-2038-10-rgb.jpg,https://www.benjaminmoore.com/en-us/paint-colors/color/2038-10/celtic-green,2024-07-31T04:40:25Z,2024-07-31T04:40:24Z,Celtic Green,,1,,"{'title': 'Celtic <em>Green</em> 2038-10 | Benjamin Moore', 'sections': 'Celtic <em>Green</em>', 'description': 'A deep, leafy <em>green</em> that can anchor a room in sophistication.', 'color_name': 'Celtic <em>Green</em>', 'page_path': '&#x2F;en-us&#x2F;paint-colors&#x2F;color&#x2F;2038-10&#x2F;celtic-<em>green</em>', 'Family': '<em>Green</em>'}",62426b3f196a6735ab8956ec,,Green,Dark,"['Interior', 'Exterior']",true,Color Preview&reg;
"['Absolute Green', 'Matching Colors', 'Different Shades', 'Similar Colors', 'Color By Family']",/en-us/paint-colors/color/2043-10/absolute-green,Absolute Green 2043-10 | Benjamin Moore,Color,2043-10,"Dark and rich, this green brings a dignified quality to the space.",24573a8a890beb07bc4cb187b9fbfd123f964ec0,,,055143,https://media.benjaminmoore.com/WebServices/prod/cdp/836x1045/green-paint-126-absolute-green-2043-10-rgb.jpg,https://www.benjaminmoore.com/en-us/paint-colors/color/2043-10/absolute-green,2024-07-30T12:55:44Z,2024-07-30T12:55:43Z,Absolute Green,,1,,"{'title': 'Absolute <em>Green</em> 2043-10 | Benjamin Moore', 'sections': 'Absolute <em>Green</em>', 'description': 'Dark and rich, this <em>green</em> brings a dignified quality to the space.', 'color_name': 'Absolute <em>Green</em>', 'page_path': '&#x2F;en-us&#x2F;paint-colors&#x2F;color&#x2F;2043-10&#x2F;absolute-<em>green</em>', 'Family': '<em>Green</em>'}",62431408e7b9d28afd0f5218,,Green,Dark,"['Interior', 'Exterior']",true,Color Preview&reg;
"['Olympus Green', 'Matching Colors', 'Different Shades', 'Similar Colors', 'Color By Family', 'Discover This Color in Woodluxe Exterior Stains', 'Explore the Woodluxe Collection']",/en-us/paint-colors/color/679/olympus-green,Olympus Green 679 | Benjamin Moore,Color,679,A hint of blue lends an air of refinement to this blackened green.,95a555378f2a9553b5a813a46b8a2c1db39a6733,Dark,Cool,3D585B,https://media.benjaminmoore.com/WebServices/prod/cdp/836x1045/blue-paint-125-olympus-green-679-rgb.jpg,https://www.benjaminmoore.com/en-us/paint-colors/color/679/olympus-green,2024-07-21T19:49:00Z,2024-07-21T19:48:59Z,Olympus Green,,1,,"{'title': 'Olympus <em>Green</em> 679 | Benjamin Moore', 'sections': 'Olympus <em>Green</em>', 'description': 'A hint of blue lends an air of refinement to this blackened <em>green</em>.', 'color_name': 'Olympus <em>Green</em>', 'page_path': '&#x2F;en-us&#x2F;paint-colors&#x2F;color&#x2F;679&#x2F;olympus-<em>green</em>'}",62f7fd99e7b9d2bf610e3e6e,,,,,,
"['Smoky Green', 'Matching Colors', 'Similar Colors', 'Color By Family']",/en-us/paint-colors/color/cc-700/smoky-green,Smoky Green CC-700 | Benjamin Moore,Color,CC-700,"A gentle mix of blue, green and gray results in a color that exudes tranquility and inspires quiet meditation.",bad7415a9de1b8f7114352e9ad177a3bf5f0334c,Light,Cool,C7CFC8,https://media.benjaminmoore.com/WebServices/prod/cdp/836x1045/blue-paint-209-smoky-green-CC-700-rgb.jpg,https://www.benjaminmoore.com/en-us/paint-colors/color/cc-700/smoky-green,2024-07-21T22:58:33Z,2024-07-21T22:58:33Z,Smoky Green,,1,,"{'title': 'Smoky <em>Green</em> CC-700 | Benjamin Moore', 'sections': 'Smoky <em>Green</em>', 'description': 'A gentle mix of blue, <em>green</em> and gray results in a color that exudes tranquility and inspires quiet meditation.', 'color_name': 'Smoky <em>Green</em>', 'page_path': '&#x2F;en-us&#x2F;paint-colors&#x2F;color&#x2F;cc-700&#x2F;smoky-<em>green</em>'}",62427921196a6752178958fb,Gray,,,,,
"['Green Earth', 'Matching Colors', 'Similar Colors', 'Color By Family']",/en-us/paint-colors/color/cw-455/green-earth,Green Earth CW-455 | Benjamin Moore,Color,CW-455,"Suggesting an eco-friendly attitude, this soft green takes its name from the naturally occuring pigment of the same name.",8f5b96c9c205b1dd8b15a5f9a5aa65d4cca8e535,,,E7E5BD,https://media.benjaminmoore.com/WebServices/prod/cdp/836x1045/green-paint-106-green-earth-CW-455-rgb.jpg,https://www.benjaminmoore.com/en-us/paint-colors/color/cw-455/green-earth,2024-07-30T13:23:30Z,2024-07-03T11:14:21Z,Green Earth,,1,,"{'title': '<em>Green</em> Earth CW-455 | Benjamin Moore', 'sections': '<em>Green</em> Earth', 'description': 'Suggesting an eco-friendly attitude, this soft <em>green</em> takes its name from the naturally occuring pigment of the same name.', 'color_name': '<em>Green</em> Earth', 'page_path': '&#x2F;en-us&#x2F;paint-colors&#x2F;color&#x2F;cw-455&#x2F;<em>green</em>-earth', 'Family': '<em>Green</em>'}",6247de6d196a678fb489573c,,Green,Light,"['Interior', 'Exterior']",true,Williamsburg&reg; Paint Color Collection
"['Turtle Green', 'Matching Colors', 'Different Shades', 'Similar Colors', 'Color By Family']",/en-us/paint-colors/color/2142-20/turtle-green,Turtle Green 2142-20 | Benjamin Moore,Color,2142-20,"A dark olive green radiating with warmth, this rich hue can command a room without overpowering it.",dd9aeebb3986eade4e834e418d09c0fa28468ee8,Dark,Warm,696449,https://media.benjaminmoore.com/WebServices/prod/cdp/836x1045/green-paint-083-turtle-green-2142-20-rgb.jpg,https://www.benjaminmoore.com/en-us/paint-colors/color/2142-20/turtle-green,2024-07-21T22:20:09Z,2024-07-21T22:20:09Z,Turtle Green,,1,,"{'title': 'Turtle <em>Green</em> 2142-20 | Benjamin Moore', 'sections': 'Turtle <em>Green</em>', 'description': 'A dark olive <em>green</em> radiating with warmth, this rich hue can command a room without overpowering it.', 'color_name': 'Turtle <em>Green</em>', 'page_path': '&#x2F;en-us&#x2F;paint-colors&#x2F;color&#x2F;2142-20&#x2F;turtle-<em>green</em>'}",6242b7e9e7b9d27f5a0f3ac4,Brown,,,,,
"['Savannah Green', 'Matching Colors', 'Different Shades', 'Similar Colors', 'Color By Family']",/en-us/paint-colors/color/2150-30/savannah-green,Savannah Green 2150-30 | Benjamin Moore,Color,2150-30,"Almost like gold leaf for your walls, this rich ochre features a balanced undertone of green and yellow.",a2e6e7671494dd7067cd8226d7baf2a9dc1e7281,Medium,Warm,BAA04F,https://media.benjaminmoore.com/WebServices/prod/cdp/836x1045/green-paint-072-savannah-green-2150-30-rgb.jpg,https://www.benjaminmoore.com/en-us/paint-colors/color/2150-30/savannah-green,2024-07-21T21:22:58Z,2024-07-21T21:22:57Z,Savannah Green,,1,,"{'title': 'Savannah <em>Green</em> 2150-30 | Benjamin Moore', 'sections': 'Savannah <em>Green</em>', 'description': 'Almost like gold leaf for your walls, this rich ochre features a balanced undertone of <em>green</em> and yellow.', 'color_name': 'Savannah <em>Green</em>', 'page_path': '&#x2F;en-us&#x2F;paint-colors&#x2F;color&#x2F;2150-30&#x2F;savannah-<em>green</em>'}",62427030e7b9d252e90f5cc9,Yellow,,,,,
"['Green Thumb', 'Matching Colors', 'Different Shades', 'Similar Colors', 'Color By Family']",/en-us/paint-colors/color/csp-870/green-thumb,Green Thumb CSP-870 | Benjamin Moore,Color,CSP-870,"Not your garden variety green, this one adds punch to your decor and brings the outdoors in.",e7afd9e343444893fa89ff53ee42b4fdcaf8158f,,,8DAD61,https://media.benjaminmoore.com/WebServices/prod/cdp/836x1045/green-paint-075-green-thumb-CSP-870-rgb.jpg,https://www.benjaminmoore.com/en-us/paint-colors/color/csp-870/green-thumb,2024-07-30T15:55:18Z,2024-07-03T11:53:27Z,Green Thumb,,1,,"{'title': '<em>Green</em> Thumb CSP-870 | Benjamin Moore', 'sections': '<em>Green</em> Thumb', 'description': 'Not your garden variety <em>green</em>, this one adds punch to your decor and brings the outdoors in.', 'color_name': '<em>Green</em> Thumb', 'page_path': '&#x2F;en-us&#x2F;paint-colors&#x2F;color&#x2F;csp-870&#x2F;<em>green</em>-thumb', 'Family': '<em>Green</em>'}",6241ff2b64441ffd16006213,,Green,Medium,Interior,true,Color Stories&reg;
"['Hillside Green', 'Matching Colors', 'Different Shades', 'Similar Colors', 'Color By Family']",/en-us/paint-colors/color/495/hillside-green,Hillside Green 495 | Benjamin Moore,Color,495,"A lush, warm green that stirs the senses, instantly conjuring the invigorating aroma of sage or the savory bite of rosemary.",a2cecf882d8896c9524bd20ea0e9a614983115b5,Medium,Warm,A2A175,https://media.benjaminmoore.com/WebServices/prod/cdp/836x1045/green-paint-091-hillside-green-495-rgb.jpg,https://www.benjaminmoore.com/en-us/paint-colors/color/495/hillside-green,2024-07-22T04:01:45Z,2024-07-22T04:01:45Z,Hillside Green,,1,,"{'title': 'Hillside <em>Green</em> 495 | Benjamin Moore', 'sections': 'Hillside <em>Green</em>', 'description': 'A lush, warm <em>green</em> that stirs the senses, instantly conjuring the invigorating aroma of sage or the savory bite of rosemary.', 'color_name': 'Hillside <em>Green</em>', 'page_path': '&#x2F;en-us&#x2F;paint-colors&#x2F;color&#x2F;495&#x2F;hillside-<em>green</em>'}",6242ba8b196a6727de896638,Yellow,,,,,
"['Creekside Green', 'Matching Colors', 'Different Shades', 'Similar Colors', 'Color By Family', 'Discover This Color in Woodluxe Exterior Stains', 'Explore the Woodluxe Collection']",/en-us/paint-colors/color/2141-40/creekside-green,Creekside Green 2141-40 | Benjamin Moore,Color,2141-40,"Hazy green tones lend a moody, enigmatic quality to this dark gray.",c248a402638db6878ec94a88788c844389a6add6,Medium,Cool,9A9885,https://media.benjaminmoore.com/WebServices/prod/cdp/836x1045/neutral-paint-105-creekside-green-2141-40-rgb.jpg,https://www.benjaminmoore.com/en-us/paint-colors/color/2141-40/creekside-green,2024-07-22T00:29:28Z,2024-07-22T00:29:28Z,Creekside Green,Neutral,1,,"{'title': 'Creekside <em>Green</em> 2141-40 | Benjamin Moore', 'sections': 'Creekside <em>Green</em>', 'description': 'Hazy <em>green</em> tones lend a moody, enigmatic quality to this dark gray.', 'color_name': 'Creekside <em>Green</em>', 'page_path': '&#x2F;en-us&#x2F;paint-colors&#x2F;color&#x2F;2141-40&#x2F;creekside-<em>green</em>'}",62f7fa7564441f1ab0f1be5a,Gray,,,,,
"['Burwell Green', 'Matching Colors', 'Color By Family']",/en-us/paint-colors/color/cw-445/burwell-green,Burwell Green CW-445 | Benjamin Moore,Color,CW-445,"Lush yet low-key, beautifully balanced Burwell green traces its color history to a mix of the pigments lamp black, verdigris, yellow ochre and white.",65283b8810b871f216699fd1b031071f7acc63bb,Medium,Warm,C1B88C,https://media.benjaminmoore.com/WebServices/prod/cdp/836x1045/green-paint-107-burwell-green-CW-445-rgb.jpg,https://www.benjaminmoore.com/en-us/paint-colors/color/cw-445/burwell-green,2024-07-20T20:49:13Z,2024-07-20T20:49:13Z,Burwell Green,,1,,"{'title': 'Burwell <em>Green</em> CW-445 | Benjamin Moore', 'sections': 'Burwell <em>Green</em>', 'description': 'Lush yet low-key, beautifully balanced Burwell <em>green</em> traces its color history to a mix of the pigments lamp black, verdigris, yellow ochre and white.', 'color_name': 'Burwell <em>Green</em>', 'page_path': '&#x2F;en-us&#x2F;paint-colors&#x2F;color&#x2F;cw-445&#x2F;burwell-<em>green</em>'}",62496889196a674176894dbd,Yellow,,,,,
"['Nicolson Green', 'Matching Colors', 'Color By Family']",/en-us/paint-colors/color/cw-500/nicolson-green,Nicolson Green CW-500 | Benjamin Moore,Color,CW-500,"A deep green that suggests wisdom and maturity, this more masculine shade has velvety richness. It is part of Colonial Williamsburg's revival color palette.",9ea10d0ecce2dfb72db3b303d2b71d842b2c683d,Dark,Cool,75806A,https://media.benjaminmoore.com/WebServices/prod/cdp/836x1045/green-paint-083-nicolson-green-CW-500-rgb.jpg,https://www.benjaminmoore.com/en-us/paint-colors/color/cw-500/nicolson-green,2024-07-22T01:13:50Z,2024-07-22T01:13:50Z,Nicolson Green,,1,,"{'title': 'Nicolson <em>Green</em> CW-500 | Benjamin Moore', 'sections': 'Nicolson <em>Green</em>', 'description': 'A deep <em>green</em> that suggests wisdom and maturity, this more masculine shade has velvety richness. It is part of Colonial Williamsburg&#x27;s revival color palette.', 'color_name': 'Nicolson <em>Green</em>', 'page_path': '&#x2F;en-us&#x2F;paint-colors&#x2F;color&#x2F;cw-500&#x2F;nicolson-<em>green</em>'}",62473e5a28ccbcc358ddc13f,Gray,,,,,
"['Parrot Green', 'Matching Colors', 'Color By Family']",/en-us/paint-colors/color/cw-465/parrot-green,Parrot Green CW-465 | Benjamin Moore,Color,CW-465,"A vibrant hue as playful and fun as its name, Parrot Green is seen in 18th century chinoiserie wallpaper in Colonial Williamsburg's collections.",d47c32a2f95ccdd8b79c3fffaae25630ba7cf933,Medium,Warm,B2B26A,https://media.benjaminmoore.com/WebServices/prod/cdp/836x1045/green-paint-096-parrot-green-CW-465-rgb.jpg,https://www.benjaminmoore.com/en-us/paint-colors/color/cw-465/parrot-green,2024-07-20T22:34:45Z,2024-07-20T22:34:45Z,Parrot Green,,1,,"{'title': 'Parrot <em>Green</em> CW-465 | Benjamin Moore', 'sections': 'Parrot <em>Green</em>', 'description': 'A vibrant hue as playful and fun as its name, Parrot <em>Green</em> is seen in 18th century chinoiserie wallpaper in Colonial Williamsburg&#x27;s collections.', 'color_name': 'Parrot <em>Green</em>', 'page_path': '&#x2F;en-us&#x2F;paint-colors&#x2F;color&#x2F;cw-465&#x2F;parrot-<em>green</em>'}",62473e9764441f82760059e7,Yellow,,,,,
"['Palmer Green', 'Matching Colors', 'Color By Family']",/en-us/paint-colors/color/cw-475/palmer-green,Palmer Green CW-475 | Benjamin Moore,Color,CW-475,"A deep, rich green with a touch of brown, this shade was created using popular 18th century pigments such as Prussian blue, yellow ochre and lamp black.",4dedcd50775a3e0bd37b578fc508e88a1801cb2e,Dark,Warm,5F5D39,https://media.benjaminmoore.com/WebServices/prod/cdp/836x1045/green-paint-085-palmer-green-CW-475-rgb.jpg,https://www.benjaminmoore.com/en-us/paint-colors/color/cw-475/palmer-green,2024-07-21T23:53:42Z,2024-07-21T23:53:42Z,Palmer Green,,1,,"{'title': 'Palmer <em>Green</em> CW-475 | Benjamin Moore', 'sections': 'Palmer <em>Green</em>', 'description': 'A deep, rich <em>green</em> with a touch of brown, this shade was created using popular 18th century pigments such as Prussian blue, yellow ochre and lamp black.', 'color_name': 'Palmer <em>Green</em>', 'page_path': '&#x2F;en-us&#x2F;paint-colors&#x2F;color&#x2F;cw-475&#x2F;palmer-<em>green</em>'}",62473e8e196a67cef1896f90,Brown,,,,,
"['Russell Green', 'Matching Colors', 'Color By Family']",/en-us/paint-colors/color/cw-495/russell-green,Russell Green CW-495 | Benjamin Moore,Color,CW-495,"A spring green with a fashionable twist, this richer shade, a part of Colonial Williamsburg's revival color palette, has a more modern sensibility.",5054e6b192d42827063cf0c120b7222f9d5038c6,,,A2AB87,https://media.benjaminmoore.com/WebServices/prod/cdp/836x1045/green-paint-085-russell-green-CW-495-rgb.jpg,https://www.benjaminmoore.com/en-us/paint-colors/color/cw-495/russell-green,2024-07-30T13:33:22Z,2024-07-03T13:26:54Z,Russell Green,,1,,"{'title': 'Russell <em>Green</em> CW-495 | Benjamin Moore', 'sections': 'Russell <em>Green</em>', 'description': 'A spring <em>green</em> with a fashionable twist, this richer shade, a part of Colonial Williamsburg&#x27;s revival color palette, has a more modern sensibility.', 'color_name': 'Russell <em>Green</em>', 'page_path': '&#x2F;en-us&#x2F;paint-colors&#x2F;color&#x2F;cw-495&#x2F;russell-<em>green</em>', 'Family': '<em>Green</em>'}",62427b05e7b9d200dd0f4aa9,,Green,Medium,"['Interior', 'Exterior']",true,Williamsburg&reg; Paint Color Collection
"['Windsor Green', 'Matching Colors', 'Color By Family']",/en-us/paint-colors/color/cw-505/windsor-green,Windsor Green CW-505 | Benjamin Moore,Color,CW-505,"This poised and elegant green was made using popular 18th century pigments such as Prussian blue, yellow ochre and lamp black.",1eb1d86c10aa2a1278234acef25b0b34b532b55f,,,484F32,https://media.benjaminmoore.com/WebServices/prod/cdp/836x1045/green-paint-083-windsor-green-CW-505-rgb.jpg,https://www.benjaminmoore.com/en-us/paint-colors/color/cw-505/windsor-green,2024-07-31T00:38:46Z,2024-07-03T12:39:51Z,Windsor Green,,1,,"{'title': 'Windsor <em>Green</em> CW-505 | Benjamin Moore', 'sections': 'Windsor <em>Green</em>', 'description': 'This poised and elegant <em>green</em> was made using popular 18th century pigments such as Prussian blue, yellow ochre and lamp black.', 'color_name': 'Windsor <em>Green</em>', 'page_path': '&#x2F;en-us&#x2F;paint-colors&#x2F;color&#x2F;cw-505&#x2F;windsor-<em>green</em>', 'Family': '<em>Green</em>'}",6439216564441fc9ec8b9b0d,,Green,Dark,"['Interior', 'Exterior']",true,Williamsburg&reg; Paint Color Collection
"['Levingston Green', 'Matching Colors', 'Color By Family']",/en-us/paint-colors/color/cw-490/levingston-green,Levingston Green CW-490 | Benjamin Moore,Color,CW-490,"Sleek and stylish, this light, luminous shade of soft green has a sun-kissed quality. It is part of Colonial Williamsburg's revival color palette.",b70aabb2e36c635ad9960d01640849b14c6b7538,,,C8CCAD,https://media.benjaminmoore.com/WebServices/prod/cdp/836x1045/green-paint-102-levingston-green-CW-490-rgb.jpg,https://www.benjaminmoore.com/en-us/paint-colors/color/cw-490/levingston-green,2024-07-31T04:41:09Z,2024-07-03T12:45:00Z,Levingston Green,,1,,"{'title': 'Levingston <em>Green</em> CW-490 | Benjamin Moore', 'sections': 'Levingston <em>Green</em>', 'description': 'Sleek and stylish, this light, luminous shade of soft <em>green</em> has a sun-kissed quality. It is part of Colonial Williamsburg&#x27;s revival color palette.', 'color_name': 'Levingston <em>Green</em>', 'page_path': '&#x2F;en-us&#x2F;paint-colors&#x2F;color&#x2F;cw-490&#x2F;levingston-<em>green</em>', 'Family': '<em>Green</em>'}",6243109d196a67509e8970c6,,Green,Light,"['Interior', 'Exterior']",true,Williamsburg&reg; Paint Color Collection
"['Green with Envy', 'Matching Colors', 'Different Shades', 'Similar Colors', 'Color By Family']",/en-us/paint-colors/color/2036-30/green-with-envy,Green with Envy 2036-30 | Benjamin Moore,Color,2036-30,A classic medium green that leans slightly cool.,a83a069e551e6bd0a44f848ce4b915a5b12de116,Medium,Cool,429565,https://media.benjaminmoore.com/WebServices/prod/cdp/836x1045/green-paint-093-green-with-envy-2036-30-rgb.jpg,https://www.benjaminmoore.com/en-us/paint-colors/color/2036-30/green-with-envy,2024-07-22T04:17:35Z,2024-07-22T04:17:34Z,Green with Envy,,1,,"{'title': '<em>Green</em> with Envy 2036-30 | Benjamin Moore', 'sections': '<em>Green</em> with Envy', 'description': 'A classic medium <em>green</em> that leans slightly cool.', 'color_name': '<em>Green</em> with Envy', 'page_path': '&#x2F;en-us&#x2F;paint-colors&#x2F;color&#x2F;2036-30&#x2F;<em>green</em>-with-envy'}",624266db196a67910589596b,,,,,,
"['Sea of Green', 'Matching Colors', 'Different Shades', 'Similar Colors', 'Color By Family']",/en-us/paint-colors/color/657/sea-of-green,Sea of Green 657 | Benjamin Moore,Color,657,An intense bluish green reminiscent of the unearthly hues of a beach lagoon.,e40e932de306d9d6e85d453752b723d7252fb9d3,Medium,Cool,1DB6A4,https://media.benjaminmoore.com/WebServices/prod/cdp/836x1045/green-paint-126-sea-of-green-657-rgb.jpg,https://www.benjaminmoore.com/en-us/paint-colors/color/657/sea-of-green,2024-07-22T02:16:50Z,2024-07-22T02:16:50Z,Sea of Green,,1,,"{'title': 'Sea of <em>Green</em> 657 | Benjamin Moore', 'sections': 'Sea of <em>Green</em>', 'description': 'An intense bluish <em>green</em> reminiscent of the unearthly hues of a beach lagoon.', 'color_name': 'Sea of <em>Green</em>', 'page_path': '&#x2F;en-us&#x2F;paint-colors&#x2F;color&#x2F;657&#x2F;sea-of-<em>green</em>'}",624314ad64441f6951004003,,,,,,
"['Cypress Green', 'Matching Colors', 'Different Shades', 'Similar Colors', 'Color By Family']",/en-us/paint-colors/color/509/cypress-green,Cypress Green 509 | Benjamin Moore,Color,509,A warm olive mellowed out with touches of gray and brown.,9ea07465d4ec052f1192d40fe629269fec05ec8b,Medium,Warm,A3A187,https://media.benjaminmoore.com/WebServices/prod/cdp/836x1045/green-paint-103-cypress-green-509-rgb.jpg,https://www.benjaminmoore.com/en-us/paint-colors/color/509/cypress-green,2024-07-21T22:19:31Z,2024-07-21T22:19:30Z,Cypress Green,,1,,"{'title': 'Cypress <em>Green</em> 509 | Benjamin Moore', 'sections': 'Cypress <em>Green</em>', 'color_name': 'Cypress <em>Green</em>', 'page_path': '&#x2F;en-us&#x2F;paint-colors&#x2F;color&#x2F;509&#x2F;cypress-<em>green</em>'}",62427c6fe7b9d2b0470f598a,Yellow,,,,,
"['Wispy Green', 'Matching Colors', 'Different Shades', 'Similar Colors', 'Color By Family']",/en-us/paint-colors/color/414/wispy-green,Wispy Green 414 | Benjamin Moore,Color,414,An airy hue scented with refreshing notes of lemon and lime.,07bb5abae5ba2216826743bb756b7092f38f7803,Light,Warm,EBF3CB,https://media.benjaminmoore.com/WebServices/prod/cdp/836x1045/green-paint-080-wispy-green-414-rgb.jpg,https://www.benjaminmoore.com/en-us/paint-colors/color/414/wispy-green,2024-07-21T22:33:59Z,2024-07-21T22:33:58Z,Wispy Green,,1,,"{'title': 'Wispy <em>Green</em> 414 | Benjamin Moore', 'sections': 'Wispy <em>Green</em>', 'color_name': 'Wispy <em>Green</em>', 'page_path': '&#x2F;en-us&#x2F;paint-colors&#x2F;color&#x2F;414&#x2F;wispy-<em>green</em>'}",62430dc264441f6ff8005a9e,Yellow,,,,,
"['Lewiville Green', 'Matching Colors', 'Different Shades', 'Similar Colors', 'Color By Family']",/en-us/paint-colors/color/494/lewiville-green,Lewiville Green 494 | Benjamin Moore,Color,494,A medium olive tone warmed by muted yellow undertones.,5124b58c6313a60d835a642bb75bc1df00957de7,Medium,Warm,B9B790,https://media.benjaminmoore.com/WebServices/prod/cdp/836x1045/green-paint-091-lewiville-green-494-rgb.jpg,https://www.benjaminmoore.com/en-us/paint-colors/color/494/lewiville-green,2024-07-22T04:01:03Z,2024-07-22T04:01:03Z,Lewiville Green,,1,,"{'title': 'Lewiville <em>Green</em> 494 | Benjamin Moore', 'sections': 'Lewiville <em>Green</em>', 'color_name': 'Lewiville <em>Green</em>', 'page_path': '&#x2F;en-us&#x2F;paint-colors&#x2F;color&#x2F;494&#x2F;lewiville-<em>green</em>'}",6242b9f928ccbc724add9b9d,Yellow,,,,,
